-1:08	トム	しおしおしてきた
-1:06	わかめ	まずトップ取るところからのスタート…
-1:06	ことかげ	しおっしおっ
-1:03	tias estel	40……40……
-1:02	_タカヤマ	しおしお！！！
-0:56	古鉄	１・１・２とかが辛いな
-0:56	ɥʇɹıᙠ	待機ー
-0:55	wildcat5314	待機🌸
-0:55	ユーミン	しおしおしてきた
-0:55	レッドウッドへいぽう	大会もりあがってんねえ！
-0:53	FUJI-KEN POWER V	しおしおしてきた
-0:52	花吹雪	しおしお
-0:51	姓名	スーアンおめ
-0:51	ケケ	しおしお
-0:48	レモンP	しおしおしてきた
-0:44	sumk27	🧂...🧂...
-0:43	ネムレス	しおしおっ
-0:43	琵琶丸	スーアンコウおめでとうございます！
-0:42	真っ黒フウ	しおしおっ
-0:41	上杉謙信	塩分取りすぎは脳出血になる可能性あるから気をつけるんやぞ
-0:41	corg	トップ3回取るのがスタートラインとかおかしい
-0:40	おは	打ちながら見るわ
-0:38	筆記丸	こんばんは🌸
-0:36	mo's!	しおしお
-0:36	大銀	コメント干乾びタイム
-0:34	猫歩きACT2	待機
-0:33	古鉄	役満自分もアガリてぇなぁ
-0:32	きなこ	しお…しお…
-0:31	ありにゃ	四暗刻おめでとう
-0:31	ばどしが	待機！
-0:30	ぶたどん	今日も裏ドラが乗りませんように
-0:30	陽炎	しおしおしてきた
-0:29	いざよいさくや	お前らの土俵入り助かる。
-0:27	あやややや	待機
-0:27	やまP	1.1.2すでに二回やってる・・・・
-0:26	チーズ美味しい	一位取るの難しい
-0:16	ありにゃ	ワイは一向聴で終わった
-0:16	帰宅RTA	マルチタスクきつい
-0:15	つきもぐら2	しおしお🐾🐾🐾🐾
-0:13	趣スケベマン	こんばんは
-0:13	順平	こんな反応もらえるとは思わなかったありがとうございます
-0:09	ちゃぼうず_cyabouzu	まずトップを3連続で取れない定期
-0:05	かえるライダー	四暗刻でたことないからうらやましい～
-0:03	いざよいさくや	祈らなくても裏ドラなどない
0:05	姓名	参加人数が気になるね。またおかしい数字叩きだしそうで
0:05	にとろ	しおしお
0:05	しゅー	コメ欄が塩上している
0:11	wildcat5314	塩分上昇・血圧も上昇
0:11	やまP	しお...しお....
0:12	半袖	こんばんは
0:12	Nights -O	こんばんは
0:13	十三姫	ぎりぎり間に合ったー 待機
0:13	サカナ	ｷﾀ━━━━(ﾟ∀ﾟ)━━━━!!
0:15	namu sun	ゆかゆかしてきた
0:15	ねこいゆずりは	こんばんはー
0:15	ばどしが	そもそもトップにならない
0:16	はえよい	きたー
0:17	十三	こんばんはー
0:18	パイライトテディ	こんばんは～！
0:18	トキサメ	こんばんはー🌸
0:18	グリヴェン	こんばんはー！しおしおー！
0:18	omi	こんばんはー🌸
0:18	にとろ	きたああああああああああああああああ
0:18	ワ・カ・メ	こんばんは！
0:18	あのんまのん	こんばんはー！
0:19	不思議の国の人形	こんばんはー
0:19	のらキリン	こんばんは！
0:19	レッドウッドへいぽう	ｷﾀ――(ﾟ∀ﾟ)――!!
0:20	雨の宿り木	こんばんは🌸
0:20	バンキッシャーVIII	こんばんはこんばんは
0:20	さかもとあれぃ	でぇじょうぶだ！ 裏ドラさえのれば勝つる！
0:20	じゃがまきぃ	こんばんは🌸
0:20	tias estel	こんばんは🌸
0:21	FUJI-KEN POWER V	こんばんはー
0:22	紫月	こんばんは🌸
0:22	レーマリカヒ	こんばんは～🌸
0:22	Levith	こんばんは！
0:22	お前ら_	こんばんは🌸
0:22	めざ炎	こんばんはー🌸
0:23	〆作	こんばんはー
0:23	高速ナブラ	こんばんは🌸
0:23	_馬鈴薯の芽	こんばんは
0:23	トリウナギ	こんばんは～
0:23	まくらんど	こんばんは～🌸
0:23	マキムラアカシ	塩分濃度濃いすね
0:24	順平	こんばんは🌸
0:24	ことかげ	こんばんはー
0:24	帰宅RTA	こんばんは
0:24	不音友	こんばんは～
0:25	きなこ	こんばんはー🌸
0:26	アイスアイス	よし
0:26	ばたぁ	こんばんは
0:26	みのる	こんばんは～
0:26	ほわちゃん	こんばんはー
0:26	おうめ	こんばんわ
0:27	嘘800	しおしおしてきた
0:27	しょみん	こんばんはー
0:27	mischa's Lab.	こんばんはー
0:27	HAYASHI TTT	ふざ...ふざ...
0:28	Cloelia	こんばんは
0:28	いざよいさくや	こんばんは～
0:29	くろしば	こんばんはー🌸
0:29	Orpheus1221	こんばんはー
0:29	Jジェイ	きたできたできたでー
0:30	ミツキ	こんばんは🌸
0:30	ナシュナシラ	こんばんは！
0:31	妖精の灯り	こんばんはー🌸
0:32	首都ブラジリア	こんばんは
0:32	あやややや	こんばんは
0:32	猫歩きACT2	こんばんは〜
0:33	やまP	こんばんはー🌸
0:33	なーく#Nark	こんばんはー
0:33	ありにゃ	🌸🌸
0:33	ね ゙え ゙え ゙	こんばんは～～
0:33	ヨタ	こんばんはー
0:33	レプタイル	こんばんはー
0:33	ろくじょう	こんばんは🌸
0:34	ああああああ	こんばんは
0:34	たい焼き袋詰	こんばんは
0:34	のぎす	こんばんはー
0:34	暁宵	こんばんは～
0:34	てんぷら	​こんばんは🌸
0:34	陽炎	こんばんはー！
0:35	のらつづみ	こんばんは🌸
0:35	wildcat5314	こんばんは～🌸
0:36	_タカヤマ	こんばんは〜
0:36	ちとら	こんばんは～
0:36	桜葉漬け	こんばんはー🌸
0:36	ark0125	こんばんは
0:37	にゃるちゃ	こんばんは🌸
0:37	お前ら_	皆様今日もお疲れ様！
0:37	月十字	こんばんは
0:38	Evac 1899	こんばんは！🌸
0:38	ろっきー	こんばんは🌸
0:38	nao 77	こんばんは🌸
0:38	シヴァ村卯月	こんばんわ〜
0:39	りんほん	こんばんはー🌸
0:39	レッドウッドへいぽう	こんばんわー
0:39	あかさた	​こんばんはー
0:39	もるぽん	こんばんはー
0:39	花吹雪	こんばんはー
0:40	ヨシムネ	こんばんはー
0:40	モジャンヌ	こんばんはーー🌸🌸
0:40	ばどしが	こんばんはー！
0:40	RyuYan18	こんばんはー🌸
0:40	銀河美少年	こんばんは🌸
0:41	なんか青い	こんばんは
0:41	清水めだか	こんばんはー
0:42	ふぉのん	こんばんはー！
0:42	メディ	こんばんは！
0:43	拡散の尖兵	こんばんはー
0:43	氷水:ひすい	こんばんは～
0:43	ムラ	こんばんわ～🌸
0:43	古鉄	こんばんは🌸
0:43	大分か春	こんばんは
0:43	桜宮	こんばんはー！
0:44	やまP	こんばんはーーー🌸
0:44	しまご	こんばんは
0:44	mother ship	こんばんはー🌸
0:44	ギンジ	こんばんはー
0:44	のくと	こんばんわ
0:44	ゆんゆん	こんばんは～
0:45	十三姫	こんばんはー
0:45	ミポポ	こんばんわー🌸
0:46	シャルム	こんばんはー
0:46	小咲	こんばんは～🌸
0:46	みーや	こんばんは！🌸
0:46	うみにん	こんばんは🌸
0:47	ロザエ	こんばんは～！
0:47	さみゅ	こんばんはー
0:47	グロム	こんばんは〜
0:48	夜ノ兎	こんばんは
0:48	ramna	こんばんはー
0:48	なじー	こんばんは～
0:48	お前ら_	待ってました！🌸
0:48	やあけ	こんばんわ
0:48	Leiros Skyly	こんばんはー🌸
0:49	ねりようかん	こんばんは
0:49	チーズ美味しい	こんばんは〜
0:49	しゅー	こんばんはー
0:49	shigure tokiame	こんばんは～
0:49	ぐりむ	こんばんは🌸
0:49	しゅー	こんばんわ〜
0:50	asuka 3110	こんばんは
0:50	いいさん	こんばんは🌸
0:52	U- G	こんばんは
0:52	彗星夜	こんばんはー🌸
0:52	logos2501	裏ドラなら俺の隣で寝てるよ
0:52	ふぁみ	こんばんは
0:53	はえよい	こんばんはー
0:53	てれぽん	こんばんは～
0:53	よふかし	こんばんは
0:53	おかしろ	こんばんわ～🌸
0:53	北傘	こんばんはー
0:53	ザッハトルテ。	こんばんはー！
0:53	揚げ饅頭	こんばんはー
0:53	たいやき	こんばんは！
0:53	真薙	こんばんわー
0:53	帰宅RTA	お疲れさんです
0:54	HAYASHI TTT	こんばんはー🌸
0:54	あやややや	お疲れ様
0:54	真珠麿浪漫	こんばんは🌸
0:54	やまP	こんばんはー🌸
0:55	ジェイコブ・ウエストウッド	こんばんわー
0:55	芝村	こんばんは～！
0:55	ns zn	おつかれ
0:55	エビ天	こんばんはー
0:55	ひらひら	こんばんは～
0:55	ユーミン	お疲れ様ｗ
0:57	M L	こんばんはー🌸
0:57	ぺんど	こんばんはー
0:57	ShingoMk-Ⅱ	こんばんは～🌸
0:58	はいぷり	こんばんは～
0:59	ちゃぼうず_cyabouzu	こんばんはー🌸
0:59	アキトア	こんばんは
0:59	猫のバロン	こんばんわー🌸
0:59	ケケ	こんばんはー！！
0:59	ひろやん	こんばんは！
0:59	ことかげ	息切れ助かる
0:59	高速フーリエ変換	どしたｗ
0:59	杏	こんばんはー🌸
1:00	さばちゃん	こんばんわー
1:00	ブレース	こんばんは🌸
1:00	あまな	こんばんはー
1:01	udnrider	こんばんはー
1:01	雨宮恵	走ったの？ｗ
1:01	reo sho	こんばんはー
1:02	Jジェイ	観戦
1:02	*らすく*4693	大丈夫？どうしたの？
1:02	天樹玄	こんばんわー
1:02	gk _y	こんばんはー
1:03	きなこ	こんばんはー🌸
1:03	もるぽん	リングフィットでもしてた？
1:03	いざよいさくや	走ってきた。
1:03	ギンジ	大丈夫？
1:03	neji screw	こんばんは🌸
1:04	omi	こんばんはー🌸
1:04	お前ら_	大変？
1:04	21	こんばんは🌸
1:04	Hiroshi Nakakita	こんばんはー
1:04	はーとあーす	おっすおっす
1:05	カヤ	こんばんは🌸
1:05	サイコロ	こんばんわ
1:05	あきすな	こんばんわー
1:06	F K	ええ？寝起きじゃなかったのか
1:06	ganita	こんばんわー🌸
1:07	ろくじょう	大丈夫？
1:07	七海ゆう	こんばんは～
1:08	レッドウッドへいぽう	大丈夫？
1:08	ばおっき	こんばんはー
1:09	千極	こんばんは～
1:09	レーマリカヒ	開幕お疲れの様子ｗ
1:09	mother ship	どうしたの？
1:10	ぶるーD	こんばんは！
1:10	ゆんゆん	ＲＦＡの効果が見られない！？
1:10	つぶあん	飲んできましたこんばんは
1:10	まにく	こんばんはー
1:10	シロ組ドルフィンズ	こんばんわー
1:11	うどんすきすき	こんばんは
1:12	バンキッシャーVIII	こんばんはこんばんは
1:12	ないじゃ	こんばんは
1:12	SOS	こんばんは
1:12	mo's!	こんばんはー！
1:12	グリヴェン	こんばんはー！慌ててたの？
1:12	タニシ11201	こんばんは🌸
1:12	桑原みー	どこからはしってきたの？
1:13	くめせん	こんばんはー
1:13	ふぁみ	緊張してるの？
1:13	かえるライダー	疲れてるの？
1:13	筆記丸	こんばんは！お疲れさまです🌸
1:13	お前ら_	どったん？
1:14	Kやもり	こんばんはー ー🌸
1:14	jiji	こんばんはこんばんは
1:15	伊奈ぴょん	こんばんはです。
1:15	にがうり	こんばんはー
1:15	ShingoMk-Ⅱ	大丈夫？
1:15	ナナシの植物	こんばんは🌸
1:16	KUSK TND	😀😁😂
1:16	やまぶどう	こんばんはー
1:16	ばたぁ	吐息、息切れかわいい
1:16	pandoゴネーシャ	こんばんは〜
1:17	ムラ	大丈夫？
1:17	Red eyes	こんばんは～
1:17	孤高の探索者	栞桜ちゃん、こんばんは！
1:18	T M	歯医者行った？
1:18	マイケル	こんばんはー
1:18	虚空	こんばんは
1:18	暁宵	何故に走るような事態に
1:18	いざよいさくや	裏ドラは今日もお休みです。
1:18	おかしろ	開始ツイートえらい
1:19	クーゲルシュライバー	こんばんは
1:19	AGAPE	疲れてて草
1:19	繝壹ち繝壹ち繧キ繝輔ヨ	息切れどうした
1:19	おおくそん	こんばんは🌸
1:20	帰宅RTA	RFAした？
1:20	すてら	なんでそんな息上がってるの
1:20	ふわもふけだま	こんばんちは～
1:20	みなと	こんばんは
1:21	めろん.	こんばんはー
1:21	shimo 636	なにがあったｗ
1:21	rapid eye rabbit	こんばんは🌸
1:22	蓬莱来訪	ばんわ
1:23	shigure tokiame	RFAやってた？
1:23	ネムレス	RFAやってたの？
1:23	えびび大福	こんばんは
1:24	Jジェイ	RFAしてました？
1:24	ムームー	こんばんはー！
1:24	じねんじょ	こばんわ～
1:25	司令_つかされい	声小さいかも
1:25	羽羊	こんばんはー
1:25	東京特許許可局勤務の真珠	RFAしてきた？
1:25	sルーク	こんばんは～
1:25	03cco【〇〇っこ】#NCB桜座戦2位	こんばんわー🌸
1:25	鳥そぼろ	こんばんは～
1:26	えりんぎ	こんばんは
1:27	ハコ田むむむ	おっすおっす
1:27	にいやまざくろ	こんばんは〜
1:27	ニセゾー	こんばんわんわん
1:28	一匹蟻	こんばんは🌸
1:28	エビ天	音切れてる？
1:28	MON JA	こんばんはー
1:29	友利匡志	大丈夫？
1:29	ものくろP	こんばんは～
1:29	モジャンヌ	こんばんは🌸🌸🌸
1:30	かぷ	こんばんは参加中です
1:30	Masasi Sanada	こんばんわ～
1:30	AITO	こんばんはー
1:31	パイライトテディ	たのしみ～
1:31	りょぷこ	こんばんわ～～
1:31	ゆゆゆ	こんばんは〜
1:32	aya	こんばんは
1:33	ori ori	こんばんは🌸
1:33	Westeria	こんばんはー
1:34	馬野郎	こんばんわ🌸なんでもう疲れてんの？
1:34	焦がし牛乳	こんばんはー
1:34	さっつん	こんばんは
1:35	ライトクルーザーNo.2	こんばんは
1:36	sora neko	ちっとマイク音小さい？
1:37	くろう	こんばんは！
1:37	琵琶丸	こんばんは🌸
1:37	ネッシー	こんばんは🌸
1:37	KeKa	来たよ
1:37	FUJI-KEN POWER V	桜座戦！
1:37	桜色の図書館	こんばんは～🌸
1:38	かげ	センシティブ
1:38	バンキッシャーVIII	相変わらずの有効期限
1:38	がっち	全然勝てないのだ
1:38	あまなつみかん	こんばんわ🌸
1:39	蓬莱山冬夏	こんばんはーです
1:39	ねみみん	こんばんわー
1:40	ほわちゃん	打ってまーす
1:40	mayshimo	なんか音小さいかもしれん
1:41	花見	こんばんは
1:42	サニブ	こんばんはー
1:43	Bigrashii	天鳳栞桜座戦
1:43	みのる	勝てないよぉ
1:43	ムームー	今試合中です
1:43	木一	こんばんは🌸
1:43	121mj	こんばんは
1:44	唐揚げ大好き	こんばんわー
1:44	ミタケモカ	こんばんは、めちゃ音がちっちゃい…？
1:44	グリヴェン	みんな強いわ・・・
1:45	真珠麿浪漫	ボコボコにされてます
1:46	ぶー太郎	こんばんわ
1:46	らん	こんばんは
1:47	こおろぎのMUSIC	こんばんはー
1:48	ばうわうほえるー	こんばんは！ タイトル戦すごい
1:49	taka32 S	こんばんは🌸
1:49	ネムレス	大会開催おめでとう！！！
1:50	高速フーリエ変換	参加者の皆様、健闘を！
1:51	榎本榎本	こんばんは
1:52	琵琶丸	参戦させて頂いております！
1:52	8192 ryu	こんばんわ🌸
1:52	ギンジ	こんばんはー
1:52	いろ	こんばんわー🌸
1:53	らどりみ	こんばんはー
1:55	ダンデライオン	こー
1:55	nとし	こんばんわ
1:55	Nehalem	こばは～～頑張ってぇぇぇoo/
1:56	やあけ	ちょっと音小さい
1:57	Lero Lero	声ちっちゃいよ～
1:58	ごマ天	サインもらえるの笑
1:58	みずき	こんばんはー
1:59	ユーミン	うんうん
1:59	ペペロン-シロ組	こんばんは
2:01	いざよいさくや	声ちょい小さい？
2:01	テーク	こんばんはー
2:02	マナギ	こんばんは🌸
2:02	れもみ	こんばんはー
2:03	〆作	音量小さいね
2:03	陽炎	栞桜ちゃんの配信で桜座戦休憩しまーす
2:03	視聴用アカウント	麻雀頑張ってください
2:04	mo's!	めっちゃ狭き門だ
2:05	姓名	ふむ
2:05	ダンデライオン	こんばんはー
2:07	sora neko	マイク音あげてー
2:08	まこだいあ	こんばんはー🌸
2:08	GPE	こんばんはー
2:09	帰宅RTA	狭き門だ…
2:09	揚げ出し豆腐	こんばんは🌸
2:10	しれいかん	狭き門だ
2:11	焦がし牛乳	参加者頑張って
2:12	やまP	ちょっとＢＧＭ小さめ
2:12	杏	ぜんっぜん勝てないー
2:14	F K	おうざ戦？ろうざ戦？
2:14	lae	こんばんは〜
2:15	餅兵衛たなぼた	音小さめ？
2:15	桑原みー	かなりハードル高いのね
2:15	豆腐jun	ちょっと音小さいかも
2:16	グレブナーb	こんばんは
2:16	ネムレス	アクスタ欲しいいい
2:16	しゃんぷー狐	こんばんわ～
2:17	鹿児のもち	こんばんはー
2:17	yuki yuki	こんばんわ～🌸
2:18	Bigrashii	こんばん裏ドラ〜
2:19	花吹雪	きっちぃ…
2:21	妖精の灯り	がんばえー
2:21	もるぽん	声ちょっとちいさいかも
2:22	ns zn	東風は運要素強いからひたすら回せ
2:23	はーべすと	こんばんは～
2:24	やまぶどう	なかなか厳しい
2:24	たい焼き袋詰	ほしい
2:25	イベリコ豚丼	こんばんはー🌸
2:26	除草剤と草刈り機	こんばんわー
2:26	Nights -O	参加者ニキネキがんばって！
2:26	ユーミン	欲しいなぁ
2:26	パイライトテディ	ほしいなぁ
2:27	モジャンヌ	明日からでも参加出来たよね？？
2:27	飲む牛乳	アクキーほっしい……
2:27	順平	桜座戦楽しい！ありがとう！
2:29	お前ら_	どんくらい大きいの？
2:31	ミポポ	アクキーほぢい・・・！！
2:32	ギンジ	ほしい
2:33	sa	ほしい
2:33	mayshimo	いいよ
2:33	Tsubasax	こんばんは
2:33	ShingoMk-Ⅱ	大丈夫
2:34	ぶたどん	はよ売れや！
2:36	ゴリラのきゃんの	声がかわいい
2:36	ほわちゃん	大丈夫だよー
2:36	やまぶどう	いい感じよ！
2:36	トム	今ﾊｧﾊｧしてるからマイクから離れてる？
2:37	しゅー	声かわいいよ
2:37	mischa's Lab.	今回は見送ったから全力で床の応援する
2:37	不思議の国の人形	よくなってきた
2:37	いざよいさくや	いい感じ
2:37	オーレウェルギウス	こんばんはー
2:37	雨宮恵	大きくなった！
2:37	もるぽん	きこえやすくなった！
2:39	司令_つかされい	マイク音量足りてきたか
2:40	東京特許許可局勤務の真珠	大丈夫かな？
2:40	猫歩きACT2	大丈夫ですよ
2:40	KUROもこ	こんばんは
2:40	いっちゃん	間に合った〜
2:41	キグルミン	こんばんドラ～
2:41	やあけ	ああいい感じです
2:41	氷水:ひすい	鼓膜破ってきていいぞ
2:41	suzu massy	こんばんは！🌸
2:42	高速ナブラ	だいぶ上がった
2:42	FUJI-KEN POWER V	ちょっと叫んでみて
2:42	木一	いいくらい
2:42	雨劉	勝てないよー
2:43	mo's!	ヘッドホンだとちょうどいい
2:43	でっど	こんばんは
2:44	*ねう*	ちょい大きいかな
2:44	omi	いいよ
2:44	にがうり	丁度よいです
2:44	サナ	上位の
2:44	伊奈ぴょん	と言うことは今日負けても明日参加できるという(勝てるきはしないが)
2:45	ミタケモカ	良い感じに。
2:46	sora neko	もうちょいマイク上げよう
2:46	〆作	もっと上げていいとおもう
2:46	ごマ天	おｋ
2:47	ねりようかん	少し大きい
2:47	ねこいゆずりは	調整たすかる
2:47	kao v	食いタン無しだったのかーーー！
2:47	首都ブラジリア	いいかんじ
2:47	Takebon[たけぼん]	おけまる
2:47	ライトクルーザーNo.2	おｋ
2:48	wildcat5314	よき
2:48	タネ	大きくなったよー
2:48	Fairy Snow	そんな感じ
2:49	古鉄	うるさくはないよ
2:49	ザーアライ	こんばんはー
2:49	グリヴェン	大丈夫
2:49	リベア	大丈夫
2:49	yuki yuki	大丈夫ですよ！
2:51	ギンジ	いい感じ
2:51	かえるライダー	それくらいで大丈夫
2:52	ぶたどん	マイク殴って調整して〜
2:52	ありにゃ	新
2:53	くろしば	ありがとう
2:53	トム	調整ありがとう
2:54	やまP	イイ感じ
2:54	ことかげ	良い感じー
2:54	トリウナギ	いい感じ
2:54	台湾の社畜	こんばんは
2:55	十三姫	音量おっけーです
2:57	源藤悠	こんばんはー
2:58	妖精の灯り	まぁ大丈夫
2:59	お前ら_	キーホルダー（大）
3:00	ユーミン	うんうん
3:01	Mindy	こんばんは
3:02	さっつん	あとワントップに届かぬ…
3:02	されこ	おばんです
3:02	surausu	キーホルダー羨ましいや
3:03	孤高の探索者	大丈夫だと思います
3:03	204βわかる	良い感じ
3:03	スズメがサンバ	こんばんは
3:05	カンザキシン	この後悲鳴あがるとちょうどよくなるさ
3:05	MA NA	こんばんわ
3:09	いざよいさくや	販売助かる。
3:09	やまぶどう	嬉しい！
3:10	mother ship	うれしいなー
3:10	ザッハトルテ。	やったー！
3:11	ケムリン	こんばんはー
3:11	U- G	ありがたい
3:12	ねこねこ	こんばんは🌸
3:12	木一	助かる
3:12	らむねこ	テンホウは開幕のドラの音超でかいから小さくライがちょうどいい
3:13	たい焼き袋詰	嬉しい！
3:13	花吹雪	たすかる！
3:13	東京特許許可局勤務の真珠	おお！
3:14	サナ	販売たすかる
3:15	ShingoMk-Ⅱ	ありがとう！
3:15	shigure tokiame	四暗刻ニキ1位タイだ
3:16	204βわかる	やったぜ
3:16	雨の宿り木	ほんとありがたい
3:16	くろしば	やったー！！！
3:16	サカナ	3月！ﾜｸﾜｸ
3:16	ことかげ	グッズうらやま
3:16	嘘800	グッズ販売助かる
3:16	しまご	やったー！
3:17	Makotola	助かる
3:18	Levith	3月かあ
3:18	ばどしが	助かる
3:18	ごマ天	おお！
3:18	破竹ヤヨイ	こんばんは
3:18	Nights -O	たすかる！
3:18	真珠麿浪漫	ありがとうございます！
3:18	レーマリカヒ	やったー
3:18	*らすく*4693	グッズ販売ありがとうございます！！
3:18	logos2501	おお！
3:18	ちゃぼうず_cyabouzu	販売助かる
3:18	しゃんぷー狐	うれしい；；
3:19	高速ナブラ	楽しみだ
3:19	ろくじょう	おぉー
3:20	Takebon[たけぼん]	おー、楽しみだ
3:20	ミポポ	３月上旬！りょうかい！
3:20	焦がし牛乳	ありがてぇ
3:21	おかしろ	販売助かる～
3:21	エビ天	はーい
3:21	かえるライダー	そのBGMの曲名ってなに？
3:22	ああああ	おお！太っ腹
3:22	セラフィーウェア	ごんばんは
3:22	ばおっき	やったー！
3:22	きなこ	やったねー
3:22	リベア	助かる
3:23	琵琶丸	ありがたやー！
3:23	なじー	ありがたい
3:23	くろぶた	こんばんわ!
3:23	やまP	３月！！
3:23	kotodama1987	今打ってます
3:23	まこだいあ	やったぜ
3:24	aya	ありがとう！
3:24	なーく#Nark	グッズ楽しみ！
3:25	杏	勝てなかったらそっちで買う！
3:25	ささかま。	やったー！
3:25	シャルム	やったー！
3:25	ねりようかん	販売助かる
3:26	もるぽん	３月上旬ね ありがとうー
3:26	姓名	販売たすかる
3:27	タネ	マジ！？最高かよ・・・
3:27	グレブナーb	たすかる
3:28	KOUICHI-こういち	販売助かる
3:28	孤高の探索者	ありがとうございます
3:28	ns zn	上位は全員箱らせる勢いで打たないとなぁ
3:29	a ha	今北こんばんは！
3:29	SOS	ありがとう
3:29	山田エミール	やったぜ。
3:30	雨宮恵	欲しかったからうれしい！
3:30	SATOU	楽しみだな
3:30	バンキッシャーVIII	やったーありがとう！
3:31	ori ori	楽しみにしてます
3:31	友利匡志	助かる！
3:32	gk _y	グッズ小あるのめっちゃ嬉しい
3:33	wildcat5314	たすかる🌸
3:34	ぐりーふ	おお
3:34	やまP	１１００円
3:35	真神志貴	はー
3:35	ギンジ	やったー
3:36	雨劉	ほんとに嬉しい・・・
3:36	猫歩きACT2	おい課金するのだ
3:36	Takebon[たけぼん]	配慮ありがたい
3:37	Nao02	金の力で何とか
3:38	F K	金の力…
3:40	トム	金で買う！
3:40	れめれめ	なんだと
3:41	飲む牛乳	等身大アクキーはないのですか……？
3:42	ユーミン	うんうん
3:44	真珠麿浪漫	どうせ課金するから変わらん
3:45	此処葉	ありがたい
3:45	koko	3
3:46	rapid eye rabbit	おお
3:46	暁宵	有効期限を投げ捨てれば無料で参加でいるときいて
3:47	mother ship	じゃあ打てるなー
3:48	ぼたかそ	こんばんはー
3:48	天鳳爆発しろ	グッズのどんな感じなの？
3:49	パイライトテディ	なるほど
3:50	帰宅RTA	実質無料
3:50	杏	栞桜さんの有効期限分けてくれｗ
3:50	天樹玄	麻雀楽しそうに見えてくるからしおさンの配信好き
3:50	ns zn	有効期限を捧げよ
3:52	〆作	なるほど
3:54	順平	なるほど
3:56	くろしば	ほほー
3:57	司令_つかされい	金の力だ
3:58	はえよい	まとめて課金したよー
3:58	ごマ天	課金か！
3:58	やっさん	公式わいろ！
3:58	RyuYan18	課金することで無料で参加できるのだ
3:58	妖精の灯り	実質無料ありがとうございます！
3:59	ns zn	草
3:59	21	金の力
3:59	いざよいさくや	実質無料
4:00	ことかげ	実質無料
4:00	山田エミール	実質無料だな！
4:00	やまP	ありがてえ
4:01	なーく#Nark	1200円くらい払えば無料で本戦にでれる
4:01	拡散の尖兵	なんだってそいつはお得だね
4:02	KUROもこ	なるほどー
4:02	がっち	裏口入学
4:02	不思議の国の人形	無料で！？
4:03	Whale Red	実質無料
4:04	namu sun	1100円ぐらい支払えば無料で本戦から参加できる
4:04	ちゃぼうず_cyabouzu	実質無料
4:04	黒鰆	お金払えば無料で参加できる
4:04	*らすく*4693	無料で！？
4:05	ギンジ	なるほど
4:05	お前ら_	アホ毛はストラップ通しになった？
4:06	puniki	角田への上納金
4:06	mo's!	実質無料ｗ
4:06	リベア	実質ただで！？
4:06	ぶたどん	金で殴り合うゲームちゃうやろ！
4:06	やあけ	実質ただw
4:06	Nights -O	無料とは…
4:06	ns zn	入れねぇよｗ
4:07	ばたぁ	課金は実質無料
4:08	上杉謙信	裏金出場かな
4:08	Takebon[たけぼん]	実質無料！？
4:08	天鳳爆発しろ	天鳳あくどいな
4:08	年	実質無料
4:09	8911 ura	勝てなかったから販売助かります。
4:09	ライトクルーザーNo.2	なるほど
4:09	ネムレス	課金します
4:09	サナ	実質ただ
4:09	あおいの	予選に参加できれば実質タダ
4:10	hissshis	金で買った予選
4:10	ありにゃ	実質無料
4:10	古鉄	タダの難易度たけぇなぁｗ
4:10	日替わり鍋	はえー
4:11	モジャンヌ	実質無料ですね
4:11	maguna	こんばんはー
4:13	いざよいさくや	実質無料で！？
4:13	Jジェイ	有効期限をささげよ(白目)
4:13	桑原みー	あーそういうことか
4:13	されこ	草
4:14	姓名	実質無料
4:14	Orpheus1221	実質無料
4:14	陽炎	有効期限買ってきたよ
4:14	台湾の社畜	実質無料
4:15	てんぷら	そういう感じだったのか
4:17	Mash三郎	金の力つよい
4:17	首都ブラジリア	なるほど？
4:18	雨劉	予選参加条件だと思って間違えて普通に払ってた
4:18	wildcat5314	明日はバレーの大会
4:18	ユーミン	きっつ…
4:18	まっちゃ	現在4位！
4:20	FUJI-KEN POWER V	おおー
4:20	しゅー	明日払えば本戦タダやんけ！
4:21	mezzoforte	ありがてぇ
4:21	mischa's Lab.	実質無料とはさすつの
4:22	204βわかる	実質無料…ん？
4:23	東京特許許可局勤務の真珠	実質無料だ！
4:23	琵琶丸	無料で！？
4:23	揚げ出し豆腐	無料で！？
4:23	レモンP	いいなー
4:25	ぶたどん	お前の金銭感覚おかしいよ…
4:25	羽羊	ほしいいいいいい
4:26	sora neko	課金して課金した分の有効期限を消費すればいいのだな
4:27	やまP	いいなー
4:27	くろしば	おおおおお
4:27	ほのぼのevening	うやまちい
4:28	きなこ	実質無料だ
4:28	れめれめ	本気出す(支払い済み)
4:28	ユーミン	マジ！？
4:28	tan ge	こんばんは
4:28	御傘哀歌	いいなあ
4:29	パイライトテディ	おおおお
4:29	204βわかる	頑張って
4:29	mo's!	おぉサイン
4:29	なーく#Nark	サインほしいなぁ
4:30	おかしろ	おぉ
4:30	花吹雪	ほしい…
4:30	あのんまのん	羨ましい
4:30	高速フーリエ変換	おおおお
4:30	桜色の図書館	課金は実質無料
4:30	みのる	いいなぁ
4:30	たい焼き袋詰	おお
4:31	kakusantakesan	まるでソシャゲのような宣伝草
4:31	*ねう*	ほしいな
4:33	レッドウッドへいぽう	1位の人だけ
4:33	ミポポ	なんと！超貴重・・・
4:33	木一	実質無料
4:33	Levith	いいなあ
4:34	らにふ	こんばんは🌸
4:34	Jジェイ	これでもまだマシなんですよね
4:34	雨劉	サインほしい・・・！！！！！
4:35	グリヴェン	やったぜ！
4:35	ねこいゆずりは	いいなあ
4:35	やまぶどう	狭き門だ
4:35	氷水:ひすい	ほしいいいいいいいいいいい
4:35	surausu	せっかく練習したからいっぱい書かないとね
4:37	リベア	いいなあ
4:37	順平	欲しいなぁ
4:37	ユーミン	ほっしいいいいいいいいいいいいいいい
4:37	お前ら_	どしたん？
4:38	飲む牛乳	ほっしいわ
4:39	いざよいさくや	サイン
4:39	にがうり	？
4:39	天樹玄	側に現れる偶像？
4:39	十三姫	４位すごいですね
4:41	Whale Red	バグあり
4:42	ロザエ	サインほしいいい
4:43	桑原みー	サインいいなぁ・・・
4:43	のらつづみ	サインは本戦の1位のみ
4:43	趣スケベマン	サイン羨ましい
4:43	Takebon[たけぼん]	サインいいなぁ
4:43	ns zn	金で本戦行き買うのに予選がんばっちゃう
4:44	孤高の探索者	サイン欲しい…
4:44	ネムレス	サインうらやましい
4:44	猫歩きACT2	一位の人羨ましいねぇ
4:45	かえるライダー	うらやましい・・・
4:46	ごマ天	栞桜ちゃん、有名人やな
4:46	お前ら_	大丈夫？
4:46	モジャンヌ	ほしい
4:46	首都ブラジリア	サイン見たけどいい感じでしたね
4:47	カンザキシン	いいなー
4:47	山田エミール	みんな頑張って！
4:48	司令_つかされい	よく固まる
4:49	やっさん	書き直ししまくりそう
4:50	のらつづみ	サインは本戦の1位のみ
4:50	モジャンヌ	おかえりー
4:50	みーや	いいなぁー
4:50	ポチ丸	おかえりい
4:50	ひろろん	今
4:50	雨宮恵	おかえり
4:50	ユーミン	おかえり
4:50	204βわかる	おかえり
4:51	ShingoMk-Ⅱ	いいなぁ
4:51	Makotola	岡絵里
4:51	ちゃぼうず_cyabouzu	おかえり
4:51	ばどしが	おかえり
4:51	Nights -O	おかえり
4:51	筆記丸	バグった
4:51	聖徳明太子	🌸
4:51	Fumy H	サインいいなあ
4:51	やあけ	おかえりなさい
4:52	ギンジ	いいなー
4:52	RyuYan18	うらやま
4:52	雨劉	おかえりー
4:53	銀河美少年	おかえり
4:53	おかしろ	おかえり～
4:53	あよ	おかえり
4:54	キグルミン	ほっすぃぃぃぃぃ！
4:54	くろしば	おかえり
4:54	HL	サインいいなぁ
4:54	陽炎	サイン付き欲しいなあ 頑張るよ
4:55	21	おかえり
4:55	がくらた	おかえり
4:55	ことかげ	栞桜さんが上位いった場合はどうなります？
4:56	鷹綾	おかえり
4:56	ぶたどん	お前の金銭感覚おかしいよ…
4:56	友利匡志	サインがんばれ
4:56	ろくじょう	おかえりなさいー
4:56	うみとり	こんばんは
4:58	FUJI-KEN POWER V	雀牌が賞品て聞いた
4:59	木一	おかえり
5:00	妖精の灯り	欲しいねぇ
5:00	バンキッシャーVIII	おかえり
5:03	孤高の探索者	おかえりなさいませ
5:04	凝淵	​おかえり
5:07	アイリス	こんばんはー
5:07	揚げ出し豆腐	有料会員なら実質無料
5:07	古鉄	書き損じの３０枚の配布まだー？
5:09	筆記丸	おかえり
5:09	聖徳明太子	グルグル
5:10	雨宮恵	サイン可愛くて好き
5:14	うなぎーぬ	床がサイン欲しがってんじゃねえよ！
5:15	いっちゃん	ほう
5:16	帰宅RTA	おお
5:17	ユーミン	な、なんだって～！？
5:17	レッドウッドへいぽう	麻雀牌！！！！！！
5:17	カンザキシン	ええなー
5:17	Whale Red	もう脱いでいいの？
5:18	トリウナギ	ほしい…
5:18	琵琶丸	6300人が麻雀うってる・・！
5:18	SOS	欲しい
5:20	レモンP	いいなぁぁぁぁ
5:20	おおくそん	いいなぁ
5:22	ちゃぼうず_cyabouzu	キーホルダー良いよなあ～
5:22	ns zn	もう49位まで下がってんぞ
5:23	ザッハトルテ。	ほしい
5:24	たい焼き袋詰	すごい
5:24	山田エミール	あれすごいよなw
5:24	ばたぁ	1位豪華だなぁ
5:24	あのんまのん	すげぇ
5:24	なじー	豪華だ
5:25	パイライトテディ	すごいよなぁ
5:25	お前ら_	言ってたね！
5:26	はーべすと	すご
5:26	妖精の灯り	欲しすぎる
5:27	FUJI-KEN POWER V	すごい！
5:27	RyuYan18	すごい
5:27	やまぐっち	麻雀牌
5:27	高速ナブラ	あれいいよね
5:27	ギンジ	ほしい
5:28	いざよいさくや	太っ腹
5:28	omi	ほしい
5:29	木一	すごい
5:29	ネムレス	オリジナル麻雀杯かっこいい
5:31	mo's!	あれ本当にすごいよなぁ…
5:31	トム	本当豪華
5:31	清水めだか	凄いなー
5:31	がくらた	うっわ欲しい……
5:32	ありにゃ	桜のイーピンデザインカッコいい
5:33	Nights -O	すごいなー
5:33	% ショウ%	こんばんは～
5:33	源藤悠	凄いなぁ
5:33	204βわかる	特注品
5:34	とき	こんばんは
5:34	桑原みー	6300人も参加してるんだ・・・
5:34	ばどしが	協賛すごい
5:34	うなぎーぬ	雀卓ほしぃ〜
5:35	*シクラス*	こんばんは～(*・∀・*)ノ
5:36	ねみみん	自動卓いいなぁ
5:36	なーく#Nark	すごい！！
5:37	さっつん	そうそう全自動麻雀卓は吹いたｗ
5:37	しばわん	すごい
5:37	黒川ありす	折れて 休憩に来ました
5:38	くろしば	うおおおおお
5:38	はえよい	キーホルダーめちゃめちゃかわいい
5:38	ことかげ	皆さんじゃないですねｗ
5:39	FUJI-KEN POWER V	貴重じゃん
5:39	mother ship	いいなー
5:39	ねこいゆずりは	すご
5:39	雨宮恵	すごいｗ
5:40	やあけ	みなさんではないw
5:40	やまぶどう	いいなー
5:40	のしろん	オリジナル麻雀牌すごいな！
5:40	ぶたどん	でも、お高いんでしょう？
5:40	花吹雪	それがほしい…
5:41	杏	レアだな！
5:41	きなこ	すごい
5:41	いっちゃん	一位の人自慢できるな
5:42	ワ・カ・メ	ほしい〜…
5:42	東京特許許可局勤務の真珠	レア物だ！
5:42	もるぽん	いっせんちママの牌
5:43	Hiroshi Nakakita	1品モノすごいな・・・
5:43	グレブナーb	すごい
5:43	テーク	ほしすぎる・・・！
5:44	琵琶丸	🌸のイーピン！
5:44	KOUICHI-こういち	欲しい…！
5:44	ns zn	ほすぃ
5:44	レッドウッドへいぽう	世界に一つのグッズ
5:44	サナ	特注品か
5:45	かえるライダー	あれすごいよねｗ
5:46	ことこと	凄い
5:47	彗星夜	めっちゃ豪華だしレアだよね
5:47	やまぐっち	麻雀牌のデザインめっちゃ良い
5:48	温泉おじさん	すご！
5:48	燻しTak庵	すごいなー
5:48	桑原みー	めっちゃレアだ
5:49	雨劉	協賛すごすぎる
5:49	ネムレス	この世で１つはいいなー
5:50	お前ら_	どんくらい大きいの？
5:50	順平	欲しい～
5:51	Bigrashii	1p
5:51	嘘800	裏山
5:52	あのにます	ぬぬぬぬ
5:52	KUROもこ	いいなあ
5:53	倉内ひろ	!!!!!!
5:53	ユーミン	ほしいほしいほしいほしい
5:53	しれいかん	欲しいがー
5:54	大銀	欲しい…
5:55	陽炎	しゅげー
5:55	バンキッシャーVIII	だがそれはレアだぜ
5:55	ちゃぱぱぱ	こんばんはー
5:55	伊奈ぴょん	既に勝てるきがしてないという・・・
5:55	_Man Every_ & NekoyukiMGN	こんばんは！自動卓ほんま？
5:56	シロ組ありす桜花	こんばんはー
5:57	東雲秋斗	すごいコラボ力
5:58	ヴァーモンド	こんばんは
5:58	sora neko	参加者多ない？
5:59	雨の宿り木	ほしいよー
5:59	友利匡志	いいなー
6:02	モジャンヌ	販売たすかる
6:02	maguna	欲しいなぁ
6:02	ほわちゃん	羨ましい
6:03	mo's!	今日明日で上位入れば実質アクリルスタンドふたつ？
6:03	杏	サインブースで販売してくれん？
6:03	帰宅RTA	ありがてえ
6:04	Levith	全部ほしい
6:05	アイリス	三月上旬ね！OK
6:05	首都ブラジリア	あれはすごかった
6:05	トム	いっせんちママのパイだ！
6:06	ギンジ	やったー
6:08	ザンギリダダダン	栞桜ちゃんボイスに変えて打ったら四暗刻上がれました！
6:09	マナギ	ほしい
6:09	たい焼き袋詰	打ってます！
6:10	姓名	と、いうわけで
6:10	てぜ	マジで麻雀界にどんなパワー持ってるのｗ
6:10	おかしろ	大きさ関係なく欲しいから助かる～
6:10	十三姫	booth販売楽しみー
6:11	あのにます	打ってるよー
6:11	陽炎	今日ほどガッツリ麻雀するの久しぶり やっぱ麻雀楽しいよ
6:11	ぶたどん	栞桜ちゃんが小さいからしゃーないわ
6:11	やっさん	みんな強いぜ・・
6:13	くろしば	ポイントでない～
6:14	たいやき	大きい
6:14	桜色の図書館	6300人が参戦してるのすごいな…
6:16	kasou	海外も出来ますか？
6:16	ShingoMk-Ⅱ	ありがとうございます！
6:17	サナ	ほんと運がないからたすかる、販売
6:19	ろっきー	全然勝てない！！
6:19	パイライトテディ	たのしい！
6:22	のらつづみ	サイン入りは本戦の1～3位
6:22	kakusantakesan	参加者多くて草
6:22	maguna	打ってます
6:23	うみにん	天鳳接続多いなあ
6:23	Rydeen2222	3
6:24	ちゃぼうず_cyabouzu	接続数は大会関係なく天鳳に接続してる人数では・・・？
6:25	夜桜ぽよ	よいしょよいしょ
6:25	South C	ボイス買ったよー
6:26	D5 fumi	こんばんはーーーー
6:26	妖精の灯り	1位取ったら最高だろうなぁ
6:28	のしろん	現在進行形で打ってます
6:28	Jジェイ	観戦させていただきますねー
6:31	ぶたどん	栞桜ちゃんが小さいから仕方ないわ
6:33	雨宮恵	勝てば・・・
6:33	モジャンヌ	参加数すごい多いね！！
6:34	サカナ	よいしょしょしょ
6:35	ごマ天	勝てばよかろう
6:36	帰宅RTA	戦って勝ちてぇ
6:36	古鉄	丁度良いから配信を休憩時間にするわ
6:36	Takebon[たけぼん]	ヨクバリスやん
6:36	ことかげ	よいしょたすかる
6:38	お前ら_	しょしょしょ
6:40	もるぽん	よいしょ よいしょ よいしょしょしょ
6:41	ギンジ	かわいい
6:42	ミポポ	がんばれー！
6:45	イベリコ豚丼	いまのかわいい
6:47	陽炎	接続人数は大会関係なかったはず
6:48	虚空	かわいい
6:50	悪の戦闘員K	裏ドラはゲット出来ますか？
6:50	レッドウッドへいぽう	うい！
6:50	ムラ	かわいい
6:51	みのる	ボイス設定してるの？
6:51	銀河美少年	うい(∩ˊ꒳ˋ∩)‎
6:53	雨宮恵	がんばって！
6:53	maguna	参加者
6:53	やあけ	即マッチング
6:53	とき	リスナーやんけ
6:53	しばわん	がんばれー！
6:56	かげ	がんばれ～
6:56	カンザキシン	がんばえー
6:56	ありにゃ	がんばれー
6:56	しおカミカ	接続数は全体だから関係ないよ
6:56	あぴと	ういっ
6:56	ねこいゆずりは	うす栞桜ｗ
6:57	お前ら_	ボイスは変えない？？
6:57	ザッハトルテ。	かわいい
6:57	mayshimo	いきなりリスナーが
6:59	高速フーリエ変換	みんながんばれー
6:59	ns zn	高段位だ殺せ
6:59	*らすく*4693	うす栞桜味
7:00	しゅー	予約推せ！
7:00	pv order	ぽてと
7:00	いざよいさくや	うす栞桜味ｗ
7:00	Ken Ken	レート高いなｗ
7:00	まるかね	名前草
7:01	もるぽん	レート高いみんなｗ
7:01	OG L	レートたっか…
7:01	りべ	リスナーだｗ
7:01	高速ナブラ	うす栞桜
7:01	あおいの	7だーん
7:01	*シクラス*	順位かなり落ちたから見に来た～笑
7:01	Nights -O	がんばれ！
7:01	レッドウッドへいぽう	じゃああんｎ
7:01	Jジェイ	うす栞桜ポテトは吹いた
7:02	F K	うす栞桜味ポテトは草
7:02	やまぶどう	頑張ってー！
7:03	雨の宿り木	がんばれー
7:04	筆記丸	がんばれー！
7:04	Fumy H	名前がｗ
7:04	大銀	うす栞桜ポテト草
7:05	てれぽん	がんばえ～
7:05	モジャンヌ	がんばれー
7:05	よふかし	がんばえー
7:05	陽炎	上家リスナーやんけ
7:05	184	うす栞桜
7:06	首都ブラジリア	今回はディレイじゃないんですね
7:06	kakusantakesan	噂の麻雀AIに当たりました！負けました。。。
7:06	ちゃぼうず_cyabouzu	レートたけえなあｗｗ
7:07	omi	うす栞桜
7:07	きつねの	がんばってね！
7:08	ネムレス	７段いらっしゃる
7:08	ばたぁ	うす栞桜w
7:08	友利匡志	がんばれ〜
7:09	しれいかん	明らかなリスナーで笑う
7:10	Makotola	スナイプされてて草
7:10	ギンジ	がんばえー
7:10	たい焼き袋詰	がんばれー！
7:11	ミーアキャット	うす栞桜味ｗｗｗ
7:14	みなと	草
7:15	いっちゃん	アクリルスタンド
7:15	古鉄	上家の名前ｗ
7:15	のしろん	うす栞桜味草
7:15	とき	がんばれー
7:16	クーゲルシュライバー	これはディレイなし？
7:16	板チョコ	その初段は絶対初段じゃなさそうｗ
7:16	ɥʇɹıᙠ	他家のSE栞桜ちゃんのボイスにしたら裏ドラのりました！
7:17	やあけ	あ、あの人さっき対局したw
7:17	筆記丸	もっと塩分とって
7:17	ないきる	うす栞桜好き
7:18	HL	リスナーやべぇな
7:18	伊奈ぴょん	これ栞桜さんが景品ゲットする可能性あるのか？ｗ
7:21	FUJI-KEN POWER V	うすしおちゃん
7:21	あおい橘	センシティブ
7:22	孤高の探索者	強者揃いですね
7:22	ありにゃ	渋い配牌
7:22	十三姫	栞桜ちゃんが予選１位取ったらどうなるのかなｗ
7:23	rascasse_monaco	麻雀はじめてみる。
7:24	modoki yakiimo	うす栞桜味草
7:24	高速ナブラ	七段て
7:28	順平	うす栞桜さんも頑張れー
7:28	やっさん	うすしおさんさっき当たったな頑張れ！
7:29	しばわん	うす栞桜味で草
7:30	ミポポ	絶妙な色の牌だね
7:32	Jジェイ	高レートな雀卓ですねー(白目)
7:33	カレーうどん	微妙な配牌
7:35	年	草
7:35	しれいかん	リーチがコメントタイムだ
7:36	揚げ出し豆腐	うす栞桜
7:38	テーク	上家さんの名前で草
7:39	あのんまのん	エアコメ読んだ？
7:39	桑原みー	1位になってからがスタートだもんなあこれ
7:40	いざよいさくや	7段
7:42	谷間の百合	エアコメ
7:43	ユーミン	うんうん
7:43	wildcat5314	皆で裏ドラのるように祈ろう
7:44	AGAPE	うすしお兄貴〜
7:44	ぶたどん	エアコメ拾うな
7:45	トリウナギ	栞桜ちゃんが１位なら面白いっすなｗ
7:47	村カメレオン	こんばんはー🌸
7:47	にゃんごるもあ.	仕事帰りました
7:47	mother ship	いよいよかぁ
7:48	天樹玄	ソーナンス
7:48	いざよいさくや	連載楽しみだ
7:48	しばづけ	麻雀ルール知らないけど毎回高確率で方角が捨てられるんやな
7:49	ことかげ	うす栞桜さんだ
7:49	たい焼き袋詰	おお！
7:49	帰宅RTA	エアコメ読んでる
7:49	なーく#Nark	乗ってたらしいねｗ
7:50	此処葉	来月号楽しみ
7:50	vanishinggift	ほう
7:50	FUJI-KEN POWER V	楽しみ
7:50	mo's!	予告がやばかった
7:50	RyuYan18	おお
7:51	やあけ	はやい
7:51	とき	はや
7:52	mischa's Lab.	七段って上位何パーセントくらいなんだ？
7:52	順平	はやい
7:52	あのにます	巻頭カラー
7:53	らにふ	草
7:53	司令_つかされい	巻頭カラーだっけ
7:53	氷水:ひすい	え？
7:54	トキサメ	予告のページ乗ってたってね
7:54	帰宅RTA	草
7:55	cvector	草
7:55	ね ゙え ゙え ゙	草
7:55	ns zn	予告に乗ってて感動した
7:55	いざよいさくや	草
7:56	Levith	草
7:56	Nao02	ポン！？
7:56	トム	草
7:56	ザッハトルテ。	草
7:56	高速フーリエ変換	草
7:56	パイライトテディ	来月号楽しみだな
7:56	おおくそん	ポンですわ！
7:56	ネムレス	草
7:57	204βわかる	草
7:57	みのる	草
7:57	あのんまのん	巻頭カラーって聞いたけど
7:57	よふかし	リーチはや
7:57	暁宵	ボイス設定してから裏のらないよ～＞＜
7:57	ark0125	楽しみ
7:57	レッドウッドへいぽう	来月号から買います
7:57	もるぽん	草
7:57	ユーミン	草
7:58	ふれでぃー	草
7:59	姓名	早いな
7:59	榎本榎本	お
7:59	Jack 38	草
8:00	うみにん	来月の予告に載ってたね
8:01	FUJI-KEN POWER V	4月号から本誌で連載なの？
8:01	same rose	次号予告だね
8:01	孤高の探索者	草
8:01	グリヴェン	びっくりｗ
8:01	〆作	草
8:01	てんぷら	草
8:02	めざ炎	草
8:02	御傘哀歌	草
8:02	Ken Ken	草
8:02	グレブナーb	草
8:03	高速ナブラ	草
8:03	とき	ポン
8:03	なんか青い	予告すごかった
8:03	ちゃぼうず_cyabouzu	ポン（リーチ）
8:03	ことかげ	草
8:04	あい	巻頭カラーすごい
8:04	*らすく*4693	リーチはや！？
8:04	cvector	ポン(リーチ)
8:05	mo's!	たのしみ
8:05	リベア	草
8:05	ささかま。	草
8:06	鍵桜-かぎざくら-	草
8:06	はえよい	天鳳のボイス設定やりづらいぞつのだぁ
8:06	木一	巻頭カラーすごい
8:06	桑原みー	リーチ(ポン
8:07	イベリコ豚丼	ポンですわ！
8:07	ミポポ	リーチ（ポン）
8:07	台湾の社畜	草
8:07	揚げ出し豆腐	巻頭グラビアカラー
8:07	マーボー8896	もう1か月前か
8:07	ばどしが	巻頭からー！すごい
8:07	たかしだZE	三味線かな
8:08	まるかね	楽しみ
8:08	ありにゃ	おめでとうー
8:09	KUROもこ	草
8:09	きなこ	草
8:10	せしのれ	設定ミスwww
8:10	雨宮恵	巻頭カラーなんだってねｗ
8:11	トム	連載ｷﾀ━━━━(ﾟ∀ﾟ)━━━━!!
8:11	てぜ	誤ポン草
8:11	焦がし牛乳	すごい
8:11	清水めだか	草
8:11	sa	草
8:12	ろくじょう	おめでとうございますー
8:12	桜宮	早いなぁ
8:12	Kiichang	えええ？
8:12	ネムレス	巻頭カラーってすごすぎる
8:12	大銀	ポン（リーチ
8:12	のしろん	設定ミスｗ
8:13	たい焼き袋詰	おめでとうございます！
8:13	なじー	巻頭カラーすごい
8:13	妖精の灯り	来月号めっちゃ楽しみだな
8:13	ゴリラのきゃんの	連載おめでとう
8:14	ありにゃ	は
8:14	ぶたどん	間違えて今月号も買ったろ！
8:14	のり塩	ポン(リーチ)
8:15	ノカゼ	すごい
8:15	いざよいさくや	関東カラー！
8:15	山田エミール	草
8:15	CEO T	予告載ってたね
8:16	サナ	すげー
8:16	新田ガーデン	ポン(リーチ)すき
8:16	Makotola	嘘ついた？
8:16	此処葉	すごすぎる
8:16	芋下きぬ	すっげぇ
8:16	logos2501	カラー！？
8:17	清水めだか	凄い！
8:17	Iris	！？
8:17	mayshimo	すげぇ
8:17	T M	カラー！？
8:17	さばちゃん	首にならなかったんだよかったね
8:17	がくらた	やっちゃ～～～！！！
8:18	レッドウッドへいぽう	巻頭カラー
8:18	古鉄	期待度の表れやな
8:19	御傘哀歌	巻頭カラー！？
8:19	黒鰆	すご！！
8:19	mo's!	巻頭カラーｗｗ
8:19	ちゃぼうず_cyabouzu	巻頭カラーはすごい！！
8:19	雨の宿り木	おお！
8:19	まるかね	巻頭カラー！？
8:20	いも部長	すごい！巻頭カラー！
8:20	vanishinggift	しゅげぇ
8:20	榎本榎本	おめでとう！
8:20	トリウナギ	すげえなあ
8:21	ねこいゆずりは	巻頭カラーすご
8:21	Nich	おお！
8:21	猫神楽	巻頭カラーはすごいやん
8:22	れめれめ	すごい
8:22	くろしば	すげー！
8:22	HAYASHI TTT	すごい
8:22	まっちゃ	まかのん初心者だからね
8:22	ことかげ	おめでとうー
8:22	ぺんど	巻頭カラーマジですごい
8:23	高速フーリエ変換	ふぇ！？
8:24	ザッハトルテ。	すごい！！
8:24	杏	カラー！？凄い！
8:24	雨劉	えぇ！すごい！
8:25	ns zn	たのしみー
8:25	あのんまのん	すげぇ！買う！
8:25	ニセゾー	超優遇じゃん
8:26	黒川ありす	すごｗｗｗ
8:26	OG L	巻頭カラーはすごすぎる
8:26	みずき	おぉー！
8:26	カリメロ	巻頭マジ？
8:26	てれぽん	すっごい
8:26	puniki	大型新人過ぎる
8:27	趣スケベマン	すごい！おめでとう！！
8:27	雨宮恵	期待されてるね
8:27	レッドウッドへいぽう	グラビアアイドルかな
8:28	孤高の探索者	巻頭カラー凄いですね！
8:28	RyuYan18	マジか
8:28	kakusantakesan	巻頭カラー！！
8:28	司令_つかされい	すごい期待されてんだな
8:28	Luciano	こんばんは
8:29	ダンデライオン	すげ〜
8:29	ゆゆゆ	巻頭カラー凄い！
8:30	F K	全力プッシュやなｗ
8:30	さっつん	へー、そりゃ楽しみ
8:30	あまなつみかん	巻頭カラーヤバい...
8:30	友利匡志	近代麻雀すごい！
8:30	りらりす	すごい！！
8:31	真珠麿浪漫	すごい
8:31	猫のバロン	すげぇー
8:31	ネムレス	すごい！！
8:32	のぎす	巻頭！？
8:32	*らすく*4693	連載おめでとうございます！！
8:32	Kiichang	もはや何雑誌なのかわからんくなるぞｗ
8:32	マーボー8896	水着になるのか
8:33	IB IS	買うしかねえな
8:33	のらつづみ	凄い！！
8:33	桃水	予告でかくて笑った
8:33	しおカミカ	巻頭カラーすごいです！
8:34	shakihaku	他人事みたいな
8:34	拡散の尖兵	ほうほう
8:34	首都ブラジリア	えぇ…すごい好待遇
8:35	帰宅RTA	リーチもリーチだ
8:35	KOUICHI-こういち	すごい！
8:36	デモア	巻頭カラー！？
8:36	Takebon[たけぼん]	すげぇ
8:37	りべ	担当さん生き延びた
8:37	池上敏行	グラビアはないの？
8:39	ネムレス	絶対買うよーー
8:40	ひらひら	近麻の力の入れようが凄い
8:40	鷹綾	絶対買うよ！
8:41	ムラ	巻頭カラーはめっちゃ凄いですね
8:41	雪見さま	まじでか
8:41	東雲秋斗	巻頭カラーはすげぇ
8:41	008カバネ	そら担当さんの首もかかるわー巻頭とはｗ
8:42	なーく#Nark	巻頭カラーすごすぎる
8:42	モジャンヌ	すごい！！
8:43	Nights -O	すごい！
8:43	あおい	すごい！！
8:44	妖精の灯り	めちゃすごいじゃん…
8:44	wildcat5314	豪華だね
8:44	ぶたどん	間違えて今月号も買ったろ！
8:45	伊奈ぴょん	一部見本でくれるんじゃないの？(本)
8:46	めざ炎	大型新人
8:46	琵琶丸	おめでとうございます！
8:47	kakusantakesan	グラビアですか？
8:47	帰宅RTA	すごい
8:47	大銀	おめでとう！
8:47	しばわん	すごい！
8:47	ふれでぃー	凄いなぁ
8:48	お前ら_	劇推しじゃん！
8:49	スローロリス	もう引っ張りだこだなw
8:49	きなこ	すごい！
8:49	いざよいさくや	買うぜ
8:49	せしのれ	鮮烈なデビュー戦！
8:50	デモア	麻雀業界すげぇ
8:50	姓名	めっさ推されてるなあ
8:50	十三姫	すっご！！
8:51	ミポポ	グラビアは～？
8:51	ことこと	めっちゃ楽しみ
8:51	ネムレス	担当さん頑張ってー
8:51	やあけ	いたれりつくせり
8:51	雨宮恵	推せ推せだ
8:51	Jジェイ	何かすごいことになってますね...
8:51	mother ship	はーい！
8:52	ありにゃ	キンマさん有能
8:52	首都ブラジリア	グラビアありますか？
8:53	司令_つかされい	動線になればいいな
8:53	*らすく*4693	巻頭カラー凄い！！買わせていただきますね！
8:54	すてら	Web
8:55	レモンP	担当さんの首繋いどかなきゃ…
8:55	あのんまのん	予定変わってたら担当クビにするわ
8:55	PlayerNamePOKEJONG	裏ドラ乗らないやつおすすめしないと…
8:56	ポエムおかみ	すげぇ
8:56	聖徳明太子	がんばってなんの雑誌なんだ近代麻雀
8:57	トム	担当さんの首繋がったかｗ
8:57	モジャンヌ	近麻買います
8:58	榊道昭	担当さんの首は繋がった
8:58	204βわかる	グラビアは草
8:58	HL	ないのかぁ・・・
8:59	雨劉	ないの！？
8:59	レッドウッドへいぽう	変わっていたら担当の方も変わってるな
8:59	ね ゙え ゙え ゙	草
8:59	SOS	残念
8:59	悪の戦闘員K	麻雀業界全面バックアップやなあ
8:59	不思議の国の人形	ないのか･･･
9:00	うなぎーぬ	脱ぐのか
9:00	のらつづみ	これは買うしかない
9:00	FUJI-KEN POWER V	グラビア
9:00	サナ	ご予定は？
9:01	ことかげ	ないのかー
9:01	高速ナブラ	ないのか…
9:01	ねみみん	ないの！？
9:01	カレーうどん	草
9:01	ネムレス	グラビア欲しい
9:01	namu sun	袋とじは？
9:01	うんち	やっぱ降り方上手いなあ
9:02	logos2501	脱げ！！
9:02	あぴと	えー
9:02	妖精の灯り	草
9:03	ギンジ	おめでとー
9:03	めざ炎	グラビア見たい
9:04	雨宮恵	グラビアｗ
9:05	みなと	ないの？
9:06	此処葉	グラビアないのか…
9:06	桑原みー	グラビアないのかぁ
9:06	ゴリラのきゃんの	担当さん首にしてない？
9:07	HAYASHI TTT	草
9:07	black AYANE	グ、グラビアだとっ！？
9:07	ロザエ	グラビアないの！？
9:08	なーく#Nark	水着グラビアないのかぁ
9:08	りらりす	残念…ｗ
9:09	ふむふむ	こんばんはー
9:09	Nights -O	それはざんねんｗ
9:09	Jack 38	がっかり...
9:09	やまぶどう	そのうちお願いします
9:09	木一	グラビアってマジ？
9:09	べたぶる	タイトル決まった？
9:09	とき	グラビアないのか
9:10	ユーミン	ないの…
9:10	Fumy H	そういえば配信で自己紹介ってしたっけ？
9:10	首都ブラジリア	キンマさんグラビアお願いします
9:11	聖徳明太子	えー
9:11	台湾の社畜	草
9:11	リベア	ないのか……
9:11	Ken Ken	担当さんクビにならなくてよかった
9:12	ネッシー	グラビア欲しい
9:12	雨劉	のちのちありますよね？
9:13	AGAPE	えっちじゃん
9:13	たい焼き袋詰	すごい
9:13	担々麺	脱衣麻雀！？
9:13	SATOU	なんで
9:14	いっちゃん	巻頭グラビアやんけ！！
9:14	お前ら_	裏ドラのらない娘ですって書かれるね
9:15	ミーアキャット	グラビア待ってます
9:15	モジャンヌ	担当さんと打ち合わせした？？？
9:15	古鉄	いっせんちママが描くやろ
9:16	ぶたどん	栞桜ちゃんのグラビアはいいや…
9:16	北傘	いっせんちママにお願いしなきゃ
9:16	趣スケベマン	キンマ買いますか
9:17	氷水:ひすい	お歌は?
9:18	大銀	まかのんのグラビアがいい
9:18	司令_つかされい	いっせんちママに描き下ろしてもらわんと
9:19	204βわかる	草
9:19	ramna	書き下ろし漫画がきになります
9:19	帰宅RTA	乗ってんねえ！
9:20	レッドウッドへいぽう	実質グラビアなのでいいんだぞ
9:20	wildcat5314	フィギアは？
9:20	嘘800	脱衣麻雀してるとこ撮るのかな？
9:20	ことかげ	裏のるねぇ！
9:20	HL	流石7段
9:20	しれいかん	牌の色めちゃかわいい
9:21	shakihaku	グラビアないんすか…
9:21	シャルム	担当生き延びてよかったね
9:21	よふかし	乗ってんねぇ
9:22	せしのれ	グラビア無いんだ…😢
9:22	ばたぁ	乗るねw
9:23	いっちゃん	センシティブで草
9:24	れめれめ	水着みたかった
9:24	かげ	グラビアあったら買うのにな～
9:24	夜桜ぽよ	くちびる大魔王 馬場さん今は何してるんだろ～。。。
9:25	サカナ	まだってなんだｗｗ
9:25	ふぁりゅ	のるねぇ!
9:25	ori ori	脱がないのか
9:25	キザキゆう	のるねぇ！
9:25	とき	まだ
9:26	ささかま。	乗ってんねぇ！
9:26	ろくじょう	まだｗ
9:27	ありにゃ	乗るねー
9:27	ほわちゃん	みんな強い
9:27	ユーミン	まだｗｗ
9:27	シャルル・ボネ	乗ってんねえ！
9:27	バンキッシャーVIII	乗るねぇ
9:27	ネムレス	まだｗ
9:28	モジャンヌ	まだ！？
9:28	真珠麿浪漫	まだｗ
9:28	ミツキ	まだｗ
9:28	K S	近代麻雀の何月号を買えばいいの？
9:28	やあけ	まだw
9:29	ノカゼ	まだｗ
9:29	Makotola	裏が）のるねぇ！
9:29	つぶあん	ここで中を躊躇いなく捨てるのは玄人の考えで萌える
9:30	ワ・カ・メ	まだ…？
9:30	猫神楽	まだかｗ
9:31	高速フーリエ変換	まだｗ
9:31	mezzoforte	まだ？
9:32	mo's!	担当さんの胃に穴空きそうｗ
9:32	*らすく*4693	まだとか言わないで
9:33	n0at0nナン	乗るねぇ草
9:33	Ken Ken	まだは草
9:33	ちゃぼうず_cyabouzu	『まだ』
9:33	さっつん	まだｗ
9:33	あのんまのん	草
9:33	孤高の探索者	楽しみにしています！
9:33	Takebon[たけぼん]	まだｗ
9:34	くらつ	「まだ」
9:34	イベリコ豚丼	担当さんグラビアお願いします！
9:34	Bigrashii	しおちゃんに上がり褒められるボイス欲しいなあ
9:34	夢屋シン	担当さんの首を大事にしてｗｗ
9:34	リベア	まだ……
9:35	東京特許許可局勤務の真珠	良かった良かった
9:35	ザッハトルテ。	えぇ…
9:35	燻しTak庵	まだｗ
9:35	やまぶどう	まだ
9:36	FUJI-KEN POWER V	ええ
9:36	雨劉	早く水着グラビアはよ
9:36	にゃんごるもあ.	クビじゃん...
9:36	榎本榎本	草
9:36	くものき_	担当さんが震えてるぞ
9:36	みなと	草
9:36	猫のバロン	まだｗｗｗ
9:37	Jジェイ	あ‘？
9:37	上杉謙信	栞桜ちゃんのグラビア・・・？
9:37	十三姫	打ち合わせしてあげてｗ
9:37	LAB	してｗ
9:37	ネムレス	打ち合わせしてｗｗ
9:37	shigure tokiame	乗ってんねぇ！
9:37	木一	草
9:38	桑原みー	担当さんにグラビアも頼んできて～
9:38	揚げ出し豆腐	まだw
9:40	サナ	打ち合わせしてあげて
9:40	ただのF	する予定あるんだ・・・
9:40	あおいの	上位狙うなら殴り合いだから全ツッパでもいいのよ？
9:40	Evac 1899	したげて・・・
9:42	ギンジ	まだw
9:42	高速ナブラ	大丈夫なのか…
9:42	サイコロ	ま だ
9:42	ぶたどん	担当シバくぞ！
9:43	ミポポ	お仕事がんばってねー！
9:43	トム	首がｗ
9:44	ふぁりゅ	打ち合わせまだはやばいwww
9:45	しばわん	草
9:46	ふれでぃー	担当さん...
9:47	あよ	おいｗ
9:47	妖精の灯り	連絡します(するとは言っていない)
9:47	mischa's Lab.	担当さん...
9:47	七夜食	待ちの形ぱっと見全然覚えられへん
9:47	レッドウッドへいぽう	まだ・・・いつか切られる
9:48	204βわかる	担当さん…頑張って
9:49	馬野郎	グラビアはよ
9:49	ダンデライオン	担当さーん
9:50	Aria Yuna	まだｗ
9:50	シャルム	歯医者は行った？
9:50	桜宮	草
9:50	姓名	グラビアはよ
9:51	レプタイル	まだなんだ…
9:51	ないきる	いっせんちママならグラビア描きかねないのでは
9:51	おかしろ	草
9:51	このkz	これはクピやろなあ
9:52	ことこと	担当さん頑張って……
9:52	ShingoMk-Ⅱ	まだw
9:52	友利匡志	担当さんが
9:53	せしのれ	担当さんのクビが危ない…
9:54	雨宮恵	大変そう
9:54	お前ら_	担当さんとグラビアだね
9:54	しばづけ	脱衣麻雀グラビア待ってるでよ
9:54	みーや	まだW
9:55	clione	天鳳の麻雀牌はおいしそうだなぁ
9:56	ふむふむ	打ち合わせしたげて
9:56	伊奈ぴょん	絶対担当さん栞桜さんの扱い方を覚えてきてるｗ
9:57	ライトクルーザーNo.2	草
9:57	Westeria	担当さん強く生きて
9:58	芋下きぬ	歯医者には行ってるよね？
9:58	順平	カン（ポン）
9:58	ね ゙え ゙え ゙	草
9:58	mo's!	ゆるやかに進行中ｗ
9:58	ネムレス	すごい楽しみ
9:59	首都ブラジリア	草
9:59	山本たろう	こんばんは❗
9:59	ミーアキャット	ほんとぉ？
10:00	ns zn	担当がクビをかけて監視する作業配信たのしみ
10:00	おおくそん	カン(ポン)
10:00	もるぽん	担当さんがんばって・・・
10:01	高速ナブラ	クビかなー
10:01	桑原みー	ラフって絵なの？
10:01	トリウナギ	応援してます
10:02	池上敏行	頑張って👊😆🎵
10:02	エビ天	がんばってね
10:02	Nights -O	担当さん…がんば
10:03	ブレース	担当さん強く生きて
10:03	あのんまのん	そう言えばもうタイトルは決まったの？
10:03	猫神楽	打ち合わせはしてあげて…
10:04	いっちゃん	首の皮一枚で草
10:05	古鉄	担当の受難は続く
10:06	なーく#Nark	そうだのうｗ
10:06	ザッハトルテ。	担当さん…
10:06	パイライトテディ	たのしみだなー
10:06	OG L	栞桜ちゃんなら大丈夫でしょう
10:06	桜色の図書館	栞桜さんのグラビアと担当さんの首の写真集
10:07	ふぉのん	そうだのお
10:07	白音とと	上位狙うならそうなってしまう
10:08	あい	そうだのお
10:08	ユーミン	そうだのぉ…
10:10	あのにます	ほうじゃのう
10:10	ちゃぼうず_cyabouzu	大丈夫でしょぉは草
10:10	やあけ	今この瞬間はリアルタイムで何してるかばれてるしなあw
10:11	筆記丸	担当さんがグラビア？
10:11	やまぶどう	みんなゴリゴリに来るから怖い
10:11	司令_つかされい	おじいちゃんかな
10:11	no on	老師！？
10:12	レッドウッドへいぽう	担当者さんの胃が心配です
10:12	トム	そうだのぅｗ
10:14	聖徳明太子	デアゴスティーニで全
10:14	スローロリス	よいしょ
10:15	タネ	担当さんクビになったらグラビアして
10:15	puniki	いっせんちママなら
10:15	ギンジ	草
10:15	木一	担当さんのグラビアたのしみ
10:17	たいやき	おい
10:17	vanishinggift	大会ぶち
10:18	あのんまのん	おいｗ
10:19	帰宅RTA	ラスのときは全ツッパしちゃうわ
10:19	Orpheus1221	え？
10:19	ns zn	どうせ＋200以上やぞ
10:19	花吹雪	歯医者行って
10:19	suzu massy	歯医者から逃げるな
10:20	ないきる	え？
10:20	サカナ	ほんとかぁ？😠
10:20	wildcat5314	裸婦じゃないね
10:21	あぴと	おい
10:21	グリヴェン	いかないとｗ
10:21	204βわかる	ん？
10:21	Jack 38	歯医者から逃げるな
10:21	FUJI-KEN POWER V	歯医者からにげないで
10:21	トキサメ	土日は込むからねぇ
10:21	sa	担当さん...
10:22	omi	満貫手入ったら全ツッパや
10:22	高速ナブラ	歯医者から逃げるな
10:22	お前ら_	行きなさいって！
10:22	いざよいさくや	歯医者から逃げるな。
10:22	ニセゾー	はよいけ
10:22	ぺんちーぴん	初心者はそれでもいいね
10:22	aya	担当さんのことは忘れないよ
10:22	猫歩きACT2	歯医者から逃げるな
10:23	パイライトテディ	敗者？
10:24	大銀	歯医者のグラビアはまだ？
10:24	ゴリラのきゃんの	歯医者から逃げるな
10:24	シャルム	草
10:24	ふれでぃー	こらｗ
10:24	ねりようかん	歯医者行きなさいよ
10:25	black AYANE	歯医者…(´･ω･`)
10:25	うなぎーぬ	歯医者あくいけよ
10:25	ね ゙え ゙え ゙	歯医者は忙しいので？
10:26	mischa's Lab.	いっせんちママ、曲線美なグラビアお願いします
10:26	桑原みー	だよねぇめっちゃつっぱらないとだよね
10:26	OG L	行きなさい
10:26	姓名	歯医者から逃げるな
10:26	飲む牛乳	えぇ……
10:26	sumk27	草
10:27	ばたぁ	歯医者から逃げちゃめー
10:27	デモア	どうせレート下がらないんだしもー皆すごい打ち方してるよ
10:27	shigure tokiame	歯医者から逃げるな
10:27	鷹綾	早くいってきて
10:28	shimo 636	草
10:28	トリウナギ	いかないやつだｗ
10:28	RyuYan18	歯医者から逃げるな
10:28	りらりす	行って！！ｗ
10:28	レッドウッドへいぽう	ええ・・・
10:28	ありにゃ	寝てたツイート見ましたが
10:28	〆作	はよいけｗ
10:29	桑原みー	歯医者ｗ
10:29	ネムレス	歯医者ちゃんと言ってねｗ
10:29	うみとり	草
10:30	あのんまのん	昨日行くつってただろｗ
10:30	mezzoforte	これ行かないやつや
10:31	ろくじょう	歯は大切にね
10:31	バンキッシャーVIII	逃げるな
10:31	ムームー	それ行かないフラグじゃないかｗ
10:31	カンザキシン	歯医者から逃げるなー
10:31	*らすく*4693	歯医者今日も行かなかったの
10:32	妖精の灯り	あのさぁw
10:32	ヒキニート	栞桜ちゃん今日もかわいいね
10:32	レモンP	悪化すると辛いから・
10:33	HAR	歯医者が来い
10:34	かぐら	あんなに歯医者行けって言ったのに
10:34	Takebon[たけぼん]	歯医者は早めに行かないと
10:34	ネッシー	歯医者いこ
10:34	サナ	早く行こうね
10:35	十三	歯医者から逃げるな
10:35	おおくそん	結局行かないパターン
10:35	孤高の探索者	歯医者いつか行きましょうね
10:35	此処葉	歯医者は本当にちゃんと行ってね
10:35	桜色の図書館	歯医者行けよ
10:37	グレブナーb	手遅れになってもしらんぞ
10:37	ふでぺん	歯は一生ものだから早めに治そうね
10:37	うんち	ダマで上がるのはまずない感じかなこのルール
10:38	ガネット	ちゃんといきなさい
10:38	燻しTak庵	行かないやつだ
10:39	ことかげ	逃げんなｗ
10:39	HL	Vは歯医者からよく逃げる
10:40	ミド	歯医者から逃げるな
10:40	花吹雪	立ち向かえ
10:41	ギンジ	歯医者行って
10:41	芝村	はよ歯医者行ったほうがつらくないよ
10:41	ori ori	怖いの？？ｗ
10:42	レッドウッドへいぽう	ほんとお？
10:42	いっちゃん	治せるうちに行くんや！
10:42	Nights -O	草
10:42	mo's!	担当さんがんばれ超がんばれ
10:42	204βわかる	歯医者は義務
10:43	天樹玄	グラビアって水着とかではなくて、１ページまるごとの写真の数ページことよ？
10:43	121mj	歯医者から逃げるな
10:44	深月良介	じゃあ今日も裏は乗らないねぇ
10:44	トム	自分で歯いじったらダメよ！
10:44	福冨子紀	連続10戦ぐらいにしてくれんと守備型はつらい
10:45	FUJI-KEN POWER V	歯医者こわいの？
10:45	中村覚	これ見て麻雀やりたいなと思ったんすけど 難しそう…
10:45	Orpheus1221	ほんとぉ？
10:47	あおばーん	ちゃんと行こうね
10:48	図書館動かない	こんばんは
10:48	筆記丸	歯科医師のかた対局して
10:49	なす	逃げるな
10:49	つぶあん	歯医者は先送りにするほど期間と値段が上がるぞ
10:49	ネッシー	予約しちゃえば逃げられないよ
10:49	テーク	ここに歯医者を建てよう
10:50	源藤悠	強制連行しないと
10:50	台湾の社畜	歯医者から逃げるな
10:50	みなと	行きましょう
10:50	204βわかる	大丈夫
10:51	koko	月曜日行こうね
10:51	ns zn	70000点ずつ稼いでくださいね～
10:51	鍵桜-かぎざくら-	歯医者はマジで行って
10:51	HAYASHI TTT	歯医者早くいこう
10:51	てんぷら	行かないやつー
10:52	しばづけ	歯医者は先送りすると大変だぜ？
10:52	せしのれ	したよ
10:52	清水めだか	早く行こうねｗ
10:53	大銀	ﾊｧ…ﾊｧ…敗北者？
10:54	ヤン3928	こんばんは～
10:56	ギンジ	ほんとぉ？
10:56	a ha	4位だったら行こう？
10:56	mischa's Lab.	歯医者は前科あるからみんな不安なんだよ
10:57	_Man Every_ & NekoyukiMGN	しなないで
10:57	ふれでぃー	アカンよ～酷いことになる前に行っておきなｗ
10:57	嘘800	古戦場から逃げるな
11:00	Makotola	神経いくかで物凄い変わるからなぁ
11:02	てぜ	歯医者からベタオリしないで
11:03	ふむふむ	ほんとにぃ？
11:04	maguna	放置してると凄い事になるよ
11:05	高速ナブラ	早めに行けばサクッと終わるんだぞ
11:06	wildcat5314	歯医者行かないと、俺みたいに歯がなくなるよ
11:08	ぶたどん	麻雀打ちながら歯医者行け
11:08	お前ら_	天鳳は割目ってできるのかな？
11:10	一匹蟻	最近は痛くないから歯医者いこ？
11:13	伊奈ぴょん	心配しないでという無理ワード(歯医者)
11:13	カンザキシン	ワンチャン歯医者が逃げてる側か
11:14	パイライトテディ	歯医者は頼むから言ってくれ；；
11:15	友利匡志	先送りにするとお金かかるよ
11:15	いっちゃん	もう歯医者から配信しようぜ
11:17	池上敏行	歯医者は怖い、いなかくていい
11:17	スローロリス	最下位取ったら歯医者予約MJプラべ耐久しないかいしおちゃん？
11:19	雨宮恵	歯医者さんは怖くないよ痛いだけだよ
11:19	HAR	ラスなら歯医者
11:20	真神志貴	虫歯放置してると脳に回って死ぬよね
11:21	omi	その中引っ張って大丈夫？
11:22	ことかげ	本当に？
11:25	源藤悠	わかる
11:25	たい焼き袋詰	わかる
11:25	やあけ	言い方が軽いw
11:26	やっさん	後回しにすると治療の痛みが倍プッシュ
11:26	らにふ	わかる
11:27	桜色の図書館	訪問歯科
11:28	もるぽん	わかるう～
11:28	ないきる	わかる
11:28	なーく#Nark	80ｗｗ
11:28	首都ブラジリア	わかる
11:28	花吹雪	行く行く行く（行く気がない）
11:29	帰宅RTA	強欲すぎるわ
11:30	204βわかる	80時間w
11:30	Levith	wakaru
11:31	高速ナブラ	だいぶ欲張ったな
11:31	ムームー	精神と時の部屋かな？
11:31	Jジェイ	メンタンピンドラ1の基本形まであと少し...
11:31	レモンP	わかる
11:32	高速フーリエ変換	強欲ゥ
11:32	たいやき	それでいいよ
11:33	logos2501	それはワイが死ぬ
11:33	雨の宿り木	わかる
11:33	ns zn	ずっと天鳳やりそう
11:33	SOS	寂しい
11:33	mo's!	ええで
11:34	雨宮恵	80時間は長すぎｗ
11:34	ちゃぼうず_cyabouzu	80時間は欲張りすぎｗ
11:34	maguna	良いよ
11:34	ori ori	わかる
11:34	mezzoforte	強欲すぎ
11:35	リベア	先送りにすると痛いよ
11:35	やまぶどう	忙しいんだなぁ
11:36	mother ship	それでもいってー
11:36	シヴァ村卯月	配信お休みしてもいいよ
11:36	花吹雪	仕方ない
11:36	つぶあん	予選で10位以内に入れなかったら歯医者最速
11:36	妖精の灯り	歯医者行く行く詐欺
11:37	のしろん	忙しいね
11:38	ばたぁ	話せるよ
11:38	Nights -O	お休みしよう
11:38	トリウナギ	まあ本当に忙しいだろうしなあ
11:38	たい焼き袋詰	文字だけでもいいんですよ？
11:38	ガネット	場合によっては歯が爆発するぞ
11:38	桑原みー	僕もほしい
11:39	Fumy H	喋れんことはないのでは
11:39	black AYANE	まぁ忙しそうなのは察してる(´･ω･`)
11:39	key ton	いいよー
11:39	サイコロ	ラスなったら歯医者
11:39	豆雪	健康第一だよｗ
11:39	ぼうれい	しょうがないやん
11:39	飲む牛乳	歯医者で配信すりゃよくね？
11:39	天樹玄	歯医者にいく写真のグラビアのせて
11:39	うんち	歯医者はすぐ手術しないよ
11:39	_Man Every_ & NekoyukiMGN	よかったな〜て思う
11:39	パイライトテディ	それはうけいれる・・・
11:39	真珠麿浪漫	コメントでなんとか
11:39	しばわん	わかる
11:40	しれいかん	無言配信でもいいよ
11:40	トム	惑星変わっちゃう
11:40	ありにゃ	それはそれでいいので
11:40	あのんまのん	悲しいけど仕方ない
11:40	氷水:ひすい	それはしょうがないかな
11:40	mischa's Lab.	いやそれでもいいから歯医者行って
11:40	a ha	健康になるからいいよ
11:41	ムームー	別に良いよ、健康第一
11:42	HAR	いいよー
11:42	kakusantakesan	コメント欄で会話しよう
11:42	捨てふぁに	仕方ない
11:42	とき	悲しいけど
11:43	いざよいさくや	それはそれで
11:43	なぎぽん	歯科医だが虫歯なら遅くなればなるほど治療も長くなるかもだぞ
11:44	きなこ	わかる
11:44	東京特許許可局勤務の真珠	配信我慢するから
11:44	ぶたどん	しょうがないね
11:44	肉謎	お大事にーってなるくらいだよｗ
11:44	ささかま。	いいよ
11:44	ヨタ	それは仕方ない
11:44	真神志貴	それは素直に休むべき
11:44	デモア	お大事にってなるよ
11:45	がくらた	72時間で手を打って
11:45	IB IS	それはかなりやばい場合だわ
11:45	しばづけ	でも歯医者行ってくれるなら我慢する
11:45	カリメロ	80時間貰ってもほとんど麻雀打ってそう
11:46	帰宅RTA	歯医者のが大事よ
11:46	ナアイ	歯医者配信
11:46	担々麺	4位になるまで歯医者行きません
11:47	shakihaku	ふがふが言えばいいよ
11:47	クリハラユキ	配信はいいよ
11:47	杏	いいよ。速く行きな！
11:48	聖徳明太子	いやですが、治そうぜ
11:48	夜桜ぽよ	歯医者で麻酔したら「ポン・チー・ロン」言える？
11:48	レモンP	栞桜ちゃんの健康のが大事
11:48	T M	一生しゃべれなくなるよりはいいんじゃない？
11:49	サナ	しゃあないかな
11:49	ギンジ	がまんするよー
11:49	うみにん	歯医者は実際大事
11:50	ゴリラのきゃんの	無言配信助かる
11:51	べたぶる	トークなしの配信も新しいよ
11:51	おかしろ	そうだね
11:51	ns zn	それは歯医者優先して
11:51	BlueMonday	それは仕方ない
11:52	一匹蟻	休んでもいいから歯医者行って
11:52	kakusantakesan	コメント打って交流しよう
11:52	ようすけ	そうならないように今のうちに行って
11:52	ムラ	我慢する
11:53	桑原みー	配信なくてもいいから歯医者いってｗ
11:53	nyatra	歯医者実況‘ASMRで
11:54	馬野郎	歯のほうが大事だろ
11:54	CEO T	お口麻痺配信待ってます
11:55	204βわかる	それはあるね
11:55	鍵桜-かぎざくら-	それは全然OK
11:55	司令_つかされい	それでもいいかな
11:55	汚いおっ	虫歯放置すると爆発するよ
11:55	wildcat5314	歯が無い生活はつらいよ
11:55	ことかげ	お大事になさって
11:55	ユーミン	悲しいけど今後のこと考えて行ってほしい
11:56	dokutake	健康のほうが大事なので・・・
11:57	mayshimo	虫歯は命にかかわるから行かなきゃ駄目です
11:57	雨宮恵	親知らず抜くの？
11:58	まるかね	配信は仕方ない
11:59	ぺんど	歯医者行って喋れなくてもいいから配信して
11:59	れめれめ	チャットで
11:59	あぴと	無言配信でいいから
11:59	20000 testname	放置しても後から配信できない日が増えるだけやで
11:59	グリヴェン	多忙なしおちゃん
11:59	ゆいゆい	代わりにママに喋ってもらお
12:00	みのる	健康第一で
12:00	落石注意	健康害してまで配信しないで、、
12:00	大銀	まかのんに代打頼もう
12:00	みーや	それは言えてる
12:01	ぶたどん	殴り飛ばすが
12:01	鷹綾	それは休もう
12:01	no on	それはしょうがないのでお大事に
12:01	クラッツ	歯医者行かずにしばらく喋れなくなるのが最悪だぞ
12:01	まにく	しゃべれなくても配信していいよ
12:02	アゲート	１日の配信よりも今後の配信をとって
12:03	お前ら_	親知らず抜歯レベル？
12:03	山本たろう	早目に行った方がそういったリスクが減るでしょう
12:04	首都ブラジリア	だから配信だけの日に行くんだよ！
12:04	*ねう*	そこまで重症なの？
12:04	レッドウッドへいぽう	悲しいけど我慢すっぞ
12:04	がっち	じゃあもう一生歯医者いけないじゃん
12:05	桜色の図書館	まかのんに代弁してもらおう
12:05	とき	ちぃー
12:05	しおカミカ	それは今後を考えれば問題ないのでは
12:06	レプタイル	チャットしながらやろう
12:06	ネムレス	歯医者大事だから優先してね
12:07	大谷由岐	ほっといてもいずれ喋れなくなるぞ
12:08	Nich	先延ばししてそれなるフラグ
12:08	筆記丸	ﾁｰ
12:08	T M	もしかして去年からずっと行ってないの？
12:09	ろっきー	配信より歯を大事にしろ
12:09	デモア	歯医者行っても治療は１か月後とかだぞ？
12:09	レーマリカヒ	ほっとくといつかそうなるのでは…？
12:11	ほのぼのevening	リスナーに負けたら歯医者行く企画やって
12:11	Levith	歯がやばくなって配信なくなるより歯医者行って安心して配信できるほうがまし
12:12	No Name	BGM
12:12	高速フーリエ変換	しおさん分身したら実質80時間ぐらいあるでしょ
12:13	ふでぺん	いまの歯医者でそこまではならんでしょ
12:13	妖精の灯り	むしろBGMが大きいくらい
12:13	Trillion Green	俺らは我慢するから歯医者行ってよ
12:15	〆作	放置したほうがひどくなるからな
12:16	つぶあん	ブラック企業の社員が倒れる
12:17	琵琶丸	一日だけお休みとりましょう、歯医者さんのために
12:17	高速ナブラ	推しの歯が悪いほうが困る
12:18	池上敏行	モゴモゴしゃべれば需要あるよ
12:19	ぺんちーぴん	麻酔して２時間くらいはきついけどなｗ
12:20	趣スケベマン	悲しいけど塩ちゃんが元気になるなら...
12:20	ns zn	無言天鳳配信でいいぞ
12:20	corg	音めっちゃあげちゃった
12:21	伊奈ぴょん	逆にそれはレアで見たい(歯医者痛痛栞桜ちゃん)
12:21	しばづけ	歯は一生ものだからね
12:22	namu sun	80時間あっても60時間ぐらいは仕事させられるんだろうな…
12:23	cvector	確かに小さい目よねまかのんのも
12:24	Jジェイ	自力で音量上げさせていただきます()
12:24	雨宮恵	SEすごく可愛かったよ！
12:25	隼人	強者は背中で語る
12:25	順平	まかのんと比べると少し小さいね
12:28	やまぶどう	ドラがうるさいからねぇ
12:30	F K	親知らず抜く時は丸一日腫れたな
12:33	あおばーん	大丈夫
12:34	204βわかる	草
12:35	はえよい	栞桜ちゃんのボイス、ちょっと音量底上げして使ってる
12:37	北傘	勝手に音量上げて使ってます
12:38	kakusantakesan	リスナーの中に歯医者様はいらっしゃいませんか
12:41	*らすく*4693	栞桜ちゃんの健康の方が大事だから配信より歯医者優先して良いですよ！
12:41	雨宮恵	一気に下がったｗ
12:41	Orpheus1221	大丈夫
12:41	wildcat5314	よき
12:42	トキサメ	まかのんと栞桜ちゃんのSEボイスはボイス設定の音量200で聞いてると丁度いいかな
12:42	ぶたどん	だいぶ下がったぞ
12:42	餅兵衛たなぼた	？
12:42	Jジェイ	おっけー
12:43	いざよいさくや	大丈夫
12:43	もるぽん	声がよくきこえていい感じです
12:44	すてら	いい感じ！
12:44	OTOUFU	自分の声じゃないの？
12:45	古鉄	何か割と皆今回は速攻な感じするなぁ
12:45	スローロリス	地味にツモ三暗だった？
12:45	さんちゃん	BGMが聞こえなくなった…
12:46	Takebon[たけぼん]	一気にさがったな
12:46	めざ炎	bgmなくなった
12:46	Fumy H	しおちゃんの声がよく聞こえる
12:46	とき	ちっちゃくね？こんなもんか
12:46	204βわかる	ムズイw
12:47	*ねう*	おけ！
12:47	いっちゃん	もうタピオカミルクティー飲めなくなるぞ！
12:49	夜桜ぽよ	歯麻酔配信楽しそう～♪
12:51	ウーパーマン	いい感じ
12:54	司令_つかされい	微かに聞こえる
12:55	のらつづみ	ノーマライズ化しないとちょっと小さい
12:56	しばわん	いいかんじ！
12:58	ぶたどん	隙あらば花音の彼氏面
12:58	Nao02	BGMいらなくない？
12:59	うんち	これで視聴者が全体の音量上げればいい感じになりそう
13:00	トリウナギ	そんな大きくはなかったと思うが鳴きの音量が小さいから
13:00	T M	今北こんばんは 栞桜ちゃああああんっっ!!!!
13:01	せしのれ	栞桜さんのボイスに変えたら裏が全く乗らなくなりました！！！
13:01	なーく#Nark	むずかしいねー
13:03	雨宮恵	いい感じ
13:03	Josh	こんばんは
13:03	ミド	聞こえませぬ
13:03	東京特許許可局勤務の真珠	ちょうどいい！
13:03	ガネット	ノーマライズかけるといい感じになるぞ
13:04	puniki	まかのんは天使
13:04	ns zn	BGMそんないらんやろ
13:04	レッドウッドへいぽう	ボイスつかってます！
13:04	mo's!	声が聴こえればいいよ
13:06	トム	良い感じ
13:06	とき	いい感じ
13:06	桑原みー	ぼいすかったよ～
13:07	くらつ	まかのんのもかなり小さかったからね…
13:07	ネムレス	第二弾も楽しみにしてるよ
13:07	木一	いいくらい
13:08	ごマ天	だいぶ下がったけど、それくらいで
13:08	エビ天	天鳳さんSE個別調整お願いします
13:09	ほのぼのevening	失明した
13:09	ようすけ	天鳳の音って基本デカイから…
13:09	ぺんど	いまは丁度いいよ
13:10	ユーミン	ほうほう
13:11	パイライトテディ	別に気にしなくていいんじゃないBGMなんて
13:11	wildcat5314	ヘッドホン買い換えて絶好調
13:13	大銀	裏ドラよりは簡単だから・・・
13:13	やあけ	こんなもんでいいと思う
13:14	新宮架	bgm
13:15	西都なつ	こんばんは
13:16	mo's!	なっちゃんｗ
13:17	Gyamo丸	なっちゃん懐かしい
13:17	awa	これくらいかな
13:17	ぶたどん	隙あらば花音の彼氏面やめろ
13:18	ひっきー	こんばんはー打ちながらだとこっちに集中できないｗ
13:18	いざよいさくや	なっちゃんいいね
13:19	kakusantakesan	なっちゃんｗｗｗｗ
13:19	ナウ	なっちゃんかあ
13:19	204βわかる	なっちゃん草
13:19	ねみみん	バランスおかしくなかったら自分で調整するからいいよ
13:20	古鉄	みかんかりんごか
13:20	缶こーひー	こんばんは
13:20	榊道昭	スムージーは飲んでる？
13:20	あのんまのん	なっちゃん懐かし
13:20	真珠麿浪漫	ずいぶんかわいいものを
13:21	サカナ	草
13:21	やまぶどう	かわいい
13:21	モジャンヌ	お茶おいしいよねー
13:22	首都ブラジリア	かわいいの飲んでるねｗ
13:22	レモンP	かわいいｗ
13:23	logos2501	なっちゃん懐かしい～
13:23	がいるん	青汁飲んで
13:23	伊奈ぴょん	音声用に自動音量調整できるのあると思う
13:24	koko	お茶好きなの分かる
13:24	ろくじょう	草
13:24	ユーミン	草
13:24	清水めだか	なっちゃんｗ
13:24	No Name	緑茶？
13:24	お前ら_	「つもぉ」がかわいくて好き♥
13:24	black AYANE	なっちゃん…ｗ
13:24	OG L	🍵
13:25	*らすく*4693	お茶いいね！
13:25	ark0125	草
13:25	ふれでぃー	なっちゃんｗ
13:26	司令_つかされい	甘い飲み物よりはいいかな
13:26	204βわかる	わかる
13:26	ふでぺん	仕事の日に歯が痛くなってしゃべれなくならないように治そうね
13:26	桑原みー	なっちゃんてまだあるんだ
13:27	妖精の灯り	安定のお茶
13:27	よふかし	草
13:27	なーく#Nark	おばあちゃんすきねｗ
13:27	グリヴェン	草
13:28	たい焼き袋詰	緑茶？
13:28	sumk27	なっちゃん砂糖だらけやで
13:28	ちゃぼうず_cyabouzu	草
13:28	猫のバロン	なっちゃんｗ
13:28	ばたぁ	なっちゃん懐かしみ
13:29	シャルム	草
13:29	まにく	なっちゃん懐かしいなｗ
13:29	聖徳明太子	桜茶ですな
13:30	図書館動かない	何茶ですか？
13:30	Gyamo丸	お茶何が好き？
13:30	芝村	草
13:30	桜色の図書館	歯医者で麻雀配信しながら担当さんの首を眺める？
13:30	此処葉	お茶好き
13:30	高速ナブラ	お茶はおいしいからな
13:30	ゴリラのきゃんの	古風ね～
13:32	嘘800	めっちゃ飲んでんなｗ
13:32	black AYANE	懐かしすぎるやろｗｗ
13:32	Takebon[たけぼん]	何茶が好き？
13:32	雨宮恵	そんなに飲んでるのｗ
13:33	孤高の探索者	私もお茶好きです
13:33	いっちゃん	可愛いから許す！
13:34	Nights -O	お茶は良き
13:34	KA A	そんなに
13:34	しばわん	草
13:34	十三姫	お茶は健康にいいよー
13:34	しばづけ	歯医者で銀歯とかにするとキャラメルとか噛んで取れたりして面倒になる
13:35	ことこと	なっちゃん飲みやすいよね
13:35	ふぉのん	緑茶？
13:35	桑原みー	緑茶？
13:35	ナウ	そもそもまだ売ってるんかなっちゃん
13:36	高速フーリエ変換	何のお茶が好き？
13:36	真珠麿浪漫	かわいいor渋い
13:36	さっつん	そんなにお茶飲むのかｗ
13:37	ザッハトルテ。	草
13:38	ギンジ	草
13:38	clione	お茶にガムシロップ入れて飲んでる
13:39	池上敏行	温タピ馬ウよ？
13:40	mayshimo	午後の紅茶無糖マジ美味いぞ
13:40	ヤン3928	なるほどー
13:43	mo's!	葉っぱから出す奴？
13:43	らにふ	フルーツティーか
13:43	木一	かわいい
13:44	ぶたどん	小学生アピールやめろ
13:45	204βわかる	りんごもなっちゃん
13:45	03cco【〇〇っこ】#NCB桜座戦2位	お茶おいしいよねー
13:45	ムームー	冬は熱いお茶が美味しいよね
13:46	花吹雪	フルーツばっかりだね
13:47	やまぶどう	オレンジジュースすき
13:47	wildcat5314	ジャスミンティーうまい
13:48	やあけ	それで虫歯に？
13:48	F K	エルフは果物が好き
13:49	shimo 636	茶葉生える
13:49	cvector	甘すぎるのはNG
13:49	揚げ出し豆腐	なっちゃんw
13:50	がっち	果物ばっかだ
13:50	缶こーひー	今日裏ドラのったよ
13:52	121mj	おっこのボイスは！！
13:52	ひっきー	ドライフルーツ、ふつーつジュース
13:53	tyomi	今のんーでウーファーが唸った
13:53	伊奈ぴょん	だから歯を痛める罠
13:53	花嫁の魔女	こんばんわー。声可愛すぎ
13:56	Red eyes	お茶は、緑茶？
13:57	ヒキニート	玉露とか飲んでるの？
13:58	花吹雪	ドライフルーツとフルーツジュースでできている
14:00	せしのれ	ドライフルーツも好きだしね
14:01	トリウナギ	エルフ並みに果物食べてる
14:03	ふむふむ	草
14:03	此処葉	果物のジュースだとパインジュースが好きだな
14:04	FUJI-KEN POWER V	まかのんボイスかな
14:06	ことかげ	分かる。オレンジジュース美味しいよね。
14:07	ユーミン	かわいい
14:07	司令_つかされい	今日はテンション低めだな
14:07	おおくそん	Qoo飲みな
14:07	お前ら_	ドライフルーツといいジュースといい果物すきなのかな？
14:08	鷹綾	なっちゃんすき
14:09	レッドウッドへいぽう	なんでや！
14:10	捨てふぁに	わかりみ
14:11	なーく#Nark	なっちゃん好き
14:11	いざよいさくや	美味しい
14:12	あのんまのん	美味しいよ
14:12	猫のバロン	おいしいです
14:12	リベア	おいしい
14:12	Fumy H	わかる
14:13	とき	何味が好き？
14:13	東京特許許可局勤務の真珠	なっちゃんは美味しい
14:14	夜桜ぽよ	甘すぎ
14:14	雨宮恵	なっちゃん好きわかる
14:14	妖精の灯り	美味しいよねわかる
14:14	ことかげ	なっちゃんは美味しい
14:14	れめれめ	なっちゃんなつかしい
14:14	koko	なっちゃんオレンジ好きよ
14:14	ろくじょう	美味しい
14:14	高速ナブラ	5才児だもんな
14:15	筆記丸	Qoo派です
14:16	gyou	おいしい！！
14:16	ナウ	最近なっちゃんを見かけない
14:16	あきすな	小学生は歯医者嫌いだからな
14:17	ザッハトルテ。	なっちゃん美味しいよね
14:17	FUJI-KEN POWER V	Qoo好きだった
14:17	*らすく*4693	なっちゃん美味しいよね
14:18	ありにゃ	なっちゃんはりんごが好きだな
14:18	ふれでぃー	わかる～
14:18	204βわかる	小学校の頃めっちゃ飲んでた
14:18	にゃんごるもあ.	Ｑｏｏ派
14:18	シャルム	わかる
14:18	さっつん	なっちゃんいいよね
14:18	ほのぼのevening	かわいい 
14:19	しばわん	おいしい
14:19	せしのれ	好きです
14:20	ちゃぼうず_cyabouzu	ロングセラーだしねえ＞なっちゃん
14:21	ギンジ	おいしい
14:21	ことこと	分かる美味しい
14:21	隼人	なっちゃんは美味い
14:22	ようすけ	誰よその女！
14:22	桜色の図書館	なっちゃん好きだから歯医者行こう
14:22	ふぁりゅ	なっちゃん飲んだら小学生扱いはひどいw
14:23	ron pepe	たまにすごく飲みたくなる
14:23	のしろん	なっちゃんおいしい
14:24	mo's!	なっちゃんはいいね
14:24	みーや	美味しい
14:24	sumk27	わかる
14:25	友利匡志	最近見ない
14:26	サナ	安定の味
14:27	Takebon[たけぼん]	Qooもおいしいよ
14:27	いっちゃん	オレンジジュースでなっちゃんが
14:28	お前ら_	こつるさんのドライフルーツ食べ終わった？？
14:29	文伽	小岩井派
14:29	焦がし牛乳	チョイスが子供すぎる
14:30	ニセゾー	炭酸はたまにだな
14:30	黒川ありす	ウェルチ
14:30	高速フーリエ変換	しおしおレモン？
14:31	たい焼き袋詰	かわいい
14:31	てぜ	麻雀打つときオレンジジュースだからわかるマン
14:31	やまぶどう	メモメモ
14:32	2 KAMI	遅れるほど治療長引くし、治療後その歯を失う日数もどんどん短くなるよ、忙しいだろうけどなんとか時間見つけてね・・・
14:32	モジャンヌ	ゆらゆらかわいい
14:32	池上敏行	オレンジティーがすき
14:32	あおみクリオネ	CC
14:33	logos2501	いちいちチョイスが懐かしいわ
14:33	ユーミン	かわいい
14:33	サカナ	いまのかわよ
14:33	図書館動かない	こどもだって美味いんだもん
14:33	*シクラス*	裏ドラのせるコツ教えて(´・ω・`)
14:33	にとろ	クー派
14:35	まにく	どこにも売ってない
14:36	べたぶる	マッチ派と戦争だわ…
14:36	聖徳明太子	サントリーの回し者だ、燦鳥ノムさんとのコラボの前振りだ
14:36	レッドウッドへいぽう	ふりふり
14:36	雨宮恵	ゆらゆらするの可愛い
14:37	カンザキシン	しーしーレモン
14:37	パイライトテディ	おいしいようねCCレモン
14:38	スローロリス	かわいい
14:39	n0at0nナン	首ふりふりするのすき
14:39	木一	小学生じゃん
14:39	桑原みー	弱炭酸がいいのかな
14:40	ぶたどん	普通ガソリン飲むよね
14:40	gigax2	なっちゃんオレンジ派
14:40	伊奈ぴょん	その前になっちゃん最近見ない・・
14:41	トム	コーヒー苦手そう
14:42	Whale Red	首振りかわいい
14:43	妖精の灯り	ウェルチのオレンジ美味しいよ
14:43	首都ブラジリア	飲むなら100%派です…
14:43	もるぽん	ゆらゆらかわいい
14:43	しばわん	かわいい
14:44	Luciano	かわいい
14:44	〆作	一時期ジンジャーエールばかり飲んでたなあ
14:45	ムラ	かわいい
14:45	ヒキニート	歯医者行きたくないしなっちゃん好きだし麻雀趣味以外小学生じゃん
14:47	ギンジ	かわいい
14:48	シオ	最近なっちゃんりんごにめっちゃハマってる
14:48	wildcat5314	三ケ日ミカンジュースうまいよ
14:48	Jジェイ	1m
14:48	taka32 S	かわいい
14:50	榊道昭	喘ぐな
14:51	うんち	いけ一通だ！
14:52	No Name	とおった！！
14:52	ミラー欲しいマン	我慢の時ですかね
14:53	担々麺	親リーはこわい
14:54	やあけ	押した
14:54	ささかま。	かわいい
14:54	BlueMonday	虫歯になりそうなのばっかだね
14:54	あおいの	20%のバヤリースも好き、100%のミニッツメイドも好き
14:55	ユーミン	かわいい
14:57	ムームー	また悩ましいハイがｗ
14:57	KA A	リンゴジュースのが好き
14:58	ザッハトルテ。	かわいい
14:59	順平	かわいい
15:00	天樹玄	早くいけば数十分で終わりますよー
15:01	せしのれ	サ◯トリーさん好き？？？
15:03	ナウ	あがるのは無理げ
15:05	204βわかる	ポンジュース(小声)
15:05	捨てふぁに	首降りかわいい
15:05	西都なつ	かわいい
15:05	カンザキシン	栞ー栞ーレモンか
15:06	東京特許許可局勤務の真珠	なっちゃんはオレンジのイメージだな…
15:07	やまP	栞桜ちゃんごめんなさい・・・裏ドラ全然乗らない.....昨日笑ってゴメン・・・・・
15:08	ひっきー	歯に関しては、事情を説明すれば、結構日程調整できるはず、無理な医者変えても良いかと
15:09	風神雷神	栞桜ちゃんいつまで制服なの？
15:09	とき	ほぇちょー
15:10	パイライトテディ	なんだって？
15:13	ギンジ	かわいい
15:14	きなこ	かわいい
15:18	もるぽん	この５８ｓは行けないｗ
15:19	高速ナブラ	あぶないとこばっか
15:19	司令_つかされい	眠そうだな
15:20	ごマ天	ASMRかな？
15:20	あのんまのん	おねむ？
15:22	ことかげ	かわいい
15:23	ムームー	うわｗ
15:23	たぬきなんか	裏ドラを乗せるコツ 負けないめげないドラがない
15:24	木一	小声助かる
15:24	年	かわいい
15:25	おおくそん	かわいい…
15:26	なーく#Nark	一通が
15:26	アステマ	まだ目覚めてない感じ？
15:26	ShingoMk-Ⅱ	かわいい
15:26	レッドウッドへいぽう	んー
15:29	筆記丸	んん？
15:29	sumk27	かわいい
15:30	Nao02	その58s当たりそう
15:30	Whale Red	イッツー確定
15:31	てれぽん	かわいい
15:31	風神雷神	えっちだ
15:31	高速ナブラ	かわいい
15:32	スローロリス	かわいいなあ…
15:32	ミーアキャット	かわいい
15:32	雨劉	かわいいがすぎる
15:32	ピコット	手牌がどうにもならない感じにジワジワと
15:33	彗星夜	かわいい
15:33	お前ら_	ん～？がかわいい
15:34	Hiroshi Nakakita	小声たすかる
15:34	パイライトテディ	かわいすぎないかい？
15:34	ムラ	悩み声かわいい
15:34	ねこいゆずりは	んーと
15:35	せしのれ	可愛い声が…
15:35	ふむふむ	ジュースはウェルチ好き
15:35	鷹綾	かわいい
15:37	桑原みー	いっつーっぽくなってきた
15:37	ごマ天	あぶね
15:38	鈴谷しお	かわいい
15:39	花吹雪	寝起き情けない声助かる
15:39	銀河店長	おお！
15:39	MultiSK5	かわいい
15:40	トリウナギ	危なかった
15:40	なーく#Nark	チートイだったかｗ
15:40	やあけ	おお、よく止めた
15:40	ふじまる	止めてよかった
15:40	204βわかる	せふせふ
15:41	虚空	かわいい
15:42	Ohayo	さっきの2sすごいなよく切れますね
15:42	ろくじょう	読み凄い
15:43	木一	声可愛すぎない
15:43	ヒキニート	うゆかわいい
15:44	グリヴェン	危なかったね
15:44	ns zn	鋭い
15:44	めろん.	怖いところばっかりツモるなぁ
15:44	Takashige AOKI	読みスゴ
15:45	チベットスナギツネ	流石の
15:45	vanishinggift	止めてはいたが
15:45	てぜ	放銃回避
15:45	*らすく*4693	チートイだ！
15:45	やまぶどう	危なかった
15:46	レモンP	チートイ読み当たりですなぁ
15:46	しばわん	かわいい
15:47	のしろん	チートイか
15:47	うんち	ナイス降り
15:47	ガープ	あれはいけんわ
15:47	高速フーリエ変換	8sあぶねぇ
15:47	ザッハトルテ。	おおー
15:49	とき	あぶねぇ
15:50	ナウ	わしならぱーそーで振り込んでた
15:50	ぶたどん	腹減ってきたわ
15:50	バンキッシャーVIII	隙あらば
15:50	いざよいさくや	セーフ
15:51	なーく#Nark	かわいいｗ
15:52	204βわかる	結構危なかった
15:52	レッドウッドへいぽう	チートイかよあぶね
15:53	mo's!	みんなガンガン行くよね…
15:53	ギンジ	おお
15:53	原色グラデーション	チートイの捨て牌マジでわからん
15:54	cvector	あの筋は切れない
15:55	n0at0nナン	8sを切らないってのが自分はまだできなさそう
15:56	孤高の探索者	寝起きですか？
15:56	友利匡志	体調悪い？
15:58	ユーミン	かわいい
15:59	順平	寝起きボイス助かる
15:59	東京特許許可局勤務の真珠	かわいい
15:59	やまぶどう	かわいい
16:00	西都なつ	寝起きなのね
16:01	kakusantakesan	よ止めた
16:02	ミーアキャット	チートイ読みあたるのすごいなぁ
16:02	スローロリス	ふにゃふにゃしおちゃんかわいい
16:02	Nights -O	寝起きだったのかｗ
16:03	まふぃー	かわいい
16:03	あのんまのん	寝起きか
16:03	がっち	こいついっつも寝起きだな
16:04	御傘哀歌	ふにゃふにゃしてる
16:04	チベットスナギツネ	2s
16:05	ネムレス	寝ぼけかわいい
16:07	なーく#Nark	寝起き声かわいいねｗ
16:07	ぶたどん	腹減ってきたわ
16:07	トキサメ	声がふわふわしとるね
16:07	Westeria	道理で声がふわふわしてる
16:08	おおくそん	ねむそう
16:08	古鉄	寝起きでダッシュしてきたんか？
16:08	ヤン3928	うんうん
16:08	レモンP	寝起きふにゃふにゃ可愛い
16:09	十三姫	寝起き栞桜ちゃんかわいいー
16:09	レッドウッドへいぽう	さっき起きたんだもんな
16:09	木村亮太	５８ｓきれなかったね
16:10	マイケル	最近の生活リズムどうなってるの？
16:10	gigax2	ラス引かない代わりに三位ばかりなる つらい
16:10	聖徳明太子	まじか
16:10	ns zn	せやな
16:11	ギンジ	寝起きかわいい
16:11	鷹綾	かわいい
16:12	たい焼き袋詰	かわいい
16:12	F K	ランニングする？
16:12	木一	寝起きボイスすこ
16:12	さっつん	え、寝起き？！
16:13	koko	寝起きなのこ
16:13	雨宮恵	若干呂律回ってないのかわいい
16:13	高速ナブラ	だいたい寝起きだね
16:14	サカナ	寝起きかわいいすこ
16:14	モジャンヌ	寝起きふにゃふにゃかわいい
16:15	ユーミン	そうなんだよねぇ～
16:16	ひっきー	寝起きボイス当ててるコメ恐るべし
16:17	せしのれ	可愛いから寝起きでok
16:17	ことかげ	1位が正義なのわかるー
16:18	トム	そうなんだよねー
16:19	伊奈ぴょん	真面目に今回レベル高すぎて付いていけない・・・
16:20	いざよいさくや	なるほど
16:23	リベア	引く理由がほとんどないよね……
16:26	クリスティン.	おはよう
16:26	ゴリラのきゃんの	一位以外意味はないのです…
16:26	銀河店長	一通狙いで死んでたわ
16:26	しばづけ	なるほどなるほど？(わかってない)
16:30	真珠麿浪漫	寝起きが一番女の子してる
16:32	No Name	いっつも寝起きでいつまでも起きてんな。
16:32	桑原みー	1位以外人権がない
16:33	salad hero	へぇ
16:34	隼人	まだ覚醒前か…
16:34	図書館動かない	おはよう
16:35	デモア	最低条件が３連１位だからな・・・
16:35	kakusantakesan	河から読めるのすごいなあ
16:36	チーズ美味しい	最近忙しそうだね、お疲れ？
16:36	担々麺	大会だから攻め10割でもいいかもね
16:37	いっちゃん	すげぇ
16:37	とりもち	とりあえず
16:38	ガープ	ねぼすけじゃん
16:38	お前ら_	開始寝起きでバタバタしてたん？
16:38	たい焼き袋詰	ご飯食べました？
16:39	うんち	今回ちょっと上がれそうな手牌
16:40	Fumy H	いつも配信寝起き
16:41	Nights -O	おはよう
16:41	ns zn	いつもレベル高い
16:42	Whale Red	昼夜逆転？
16:42	ハセマ・スネーク	なるほど
16:43	北傘	１位３連がスタートラインだしね
16:44	ユーミン	このルールだと一位以外の無意味だからねぇ…
16:44	モジャンヌ	今日は2時まで配信しますか？？
16:45	チベットスナギツネ	しおちゃんの放送レベル高いリスナー多いよね
16:45	ひっきー	腕が無いので、試行回数勝負…
16:46	花吹雪	寝る時間の癖がすごい
16:46	204βわかる	割と寝起きで草
16:48	せしのれ	ばばばば可愛い
16:49	おおくそん	なかないで～
16:49	もるぽん	なかないで
16:49	図書館動かない	ここから覚醒していくから
16:50	ヱシカ	せやろか
16:50	ロジー	おはようございます
16:50	ないきる	なかないで
16:50	夜桜ぽよ	ちゃんと生活習慣しにゃきゃだよ～
16:51	てぜ	おはよおおこんちわあああこんばんわあああおやすみいいい
16:51	やまP	寝る時間どうなってるの？
16:51	ぶたどん	目覚ましビンタいっとく？
16:52	いざよいさくや	泣かない
16:53	高速フーリエ変換	いい感じ
16:54	すてら	おきて
16:55	ゴリラのきゃんの	体内時計やばない？
16:55	ハセマ・スネーク	わかる…
16:55	とき	せやな
16:57	花吹雪	きついよぉ
16:58	ns zn	多分平均上卓民より上手い
16:58	パイライトテディ	ちゃんと寝ているようで何より
16:59	姓名	強い子だからなかない
16:59	池上敏行	19字牌は、先に捨てるべき？
16:59	筆記丸	おはよう栞桜ちゃん
17:00	*ねう*	ちゃんとご飯食べた？
17:00	エビ天	声ちょっとふわふわしてる
17:02	ほのぼのevening	寝落ちしていいよ？
17:02	salad hero	きっつ！！
17:03	ひっきー	あじゃといｗ
17:03	風神雷神	泣け
17:04	ShingoMk-Ⅱ	なんて？
17:07	たい焼き袋詰	すごい
17:09	なーく#Nark	タンヤオいけるかなー
17:09	古鉄	１・１・２がホントつれぇのよ
17:10	のしろん	あっじゃとーい
17:11	やまぶどう	だいぶキッツイ
17:13	ヱシカ	栞桜ちゃん寝ながら打てそうだしな・・・
17:13	ori ori	結構ハードなんね
17:14	焼きそば	あじゃとぉい！
17:14	あのんまのん	厳しい
17:14	伊奈ぴょん	でも声で寝起きだとバレるというｗ
17:15	さっつん	最低条件に一歩なぁ
17:16	ハセマ・スネーク	ん〜。かわいい
17:16	mo's!	みんなめっちゃギラギラしてて楽しいよ
17:16	クリスティン.	なかなか
17:17	桑原みー	最低条件難しい
17:18	いも部長	そこそこのトップが必要だね
17:19	あおいの	3戦だから、数打ってゴリ押して運ゲーするのが予選は正解
17:21	グリヴェン	6ｐ来たらアツイ
17:22	隼人	追い込まれて覚醒するタイプの主人公
17:26	204βわかる	栞桜ちゃん夜勤だから仕方ない(?)
17:28	雨劉	麻雀ガチ勢じゃないからきつすぎる
17:29	レモンP	+81取った直後に2位でした…
17:30	ことかげ	このルールだと親で振り込むとかなり辛いよね
17:30	順平	今10位ラインが168という事実
17:30	天樹玄	歯医者は待ち時間が長いだけだよ
17:36	チベットスナギツネ	打てるねぇ
17:37	sumk27	寝起きニートゥチェスト待ってます
17:38	yu yu	8
17:39	福冨子紀	三色おじさん歓喜
17:40	とき	3
17:42	のしろん	三色みる？
17:43	司令_つかされい	枚数次第かな
17:45	ヒキニート	二位じゃダメなんですか！？
17:46	やまP	1.9字牌１枚は安パイに欲しい
17:47	レモンP	10位で+168！？
17:52	いざよいさくや	結局ケースバイケースなんよな
17:52	図書館動かない	なるほど
17:53	ひっきー	切るときの理由を教えてくれるの勉強になるので助かる。
17:57	mo's!	おっ
17:57	とき	あるよ？
17:58	榎本榎本	お
17:59	姓名	入った
17:59	まるかね	いいですね
18:00	Jジェイ	鳴く準備しても良さげだね
18:00	さみゅ	3
18:01	なーく#Nark	三色あるぞ
18:01	ori ori	手配しだいかなぁ
18:01	ピコット	あらマジで三色
18:02	ありにゃ	いいね
18:02	Nao02	キタキタ
18:02	ns zn	一着無理そうなら流す
18:02	姫ノ木あく	いまきた
18:02	トリウナギ	高そうな３４５だ
18:03	ないきる	これはアツい
18:03	チベットスナギツネ	激アツ
18:03	トム	ケースバイケースだねぇ
18:04	salad hero	うまうま
18:04	グリヴェン	上がりたいね
18:04	ふぉのん	3色あるかな
18:04	204βわかる	サシゴ来る？
18:04	おおくそん	三色みてんねぇ！
18:04	モジャンヌ	三色！！
18:05	首都ブラジリア	おお
18:05	やまP	お！三色！！
18:05	にがうり	三色だ！
18:05	妖精の灯り	あるね
18:05	mischa's Lab.	三色くるー？
18:06	ギンジ	お
18:07	のしろん	いいね
18:07	ガープ	美しいテンパイになりそう
18:07	風神雷神	なんで三四五の時だけさしごみたいな略称あるの？
18:08	村カメレオン	いいね
18:08	やまぶどう	ええやん
18:08	すてら	オールスターも見える
18:08	桑原みー	これは三色
18:09	猫のloyola	とうとう三色をみた
18:09	ネムレス	三色くる？
18:10	*らすく*4693	3
18:11	筆記丸	３４５来た
18:11	氷水:ひすい	ポンですわ！
18:11	高速ナブラ	この時点でいい待ちだ
18:11	隼人	三色行けるか？
18:12	204βわかる	草
18:13	グリヴェン	ポンですかｗ
18:13	ね ゙え ゙え ゙	草
18:13	ユーミン	草
18:13	いざよいさくや	ポン（REACH）
18:13	帰宅RTA	ポン（リーチ）
18:14	Orpheus1221	ポンですわ
18:14	ことかげ	ですわ
18:14	なーく#Nark	ポン！（リーチ
18:16	のしろん	草
18:16	ささかま。	三色来る！？
18:17	焦がし牛乳	間違えてますわ
18:17	レモンP	草
18:18	ハセマ・スネーク	ポンですわ！（リーチ）
18:18	池上敏行	ありがとー回答してくれて
18:20	梁山泊	この大会って課金しないと出来ないの❔
18:20	スローロリス	大体19字牌捨てるのはセオリーみたいになってるな、場合によっては混一色混老頭狙うけど
18:20	高速フーリエ変換	かわいい
18:21	雨宮恵	いけますわ
18:22	台湾の社畜	草
18:23	F K	まぎらわしいｗ
18:24	si n	くるか？
18:25	ライトクルーザーNo.2	ですわ
18:25	なじー	草
18:25	ちゃぼうず_cyabouzu	お上品ですわ
18:25	レッドウッドへいぽう	そうですわ
18:26	Fumy H	草
18:26	salad hero	さぁ押すか！
18:26	ガープ	あら お嬢様部ですわね
18:26	古鉄	ボイス設定ミスってるんか？
18:26	ムームー	音声ミスでシュールなことにｗ
18:27	no on	お嬢様きたな
18:27	雨劉	ですわかわいい
18:29	ふぁりゅ	かわいい
18:29	ありにゃ	ポン
18:30	パイライトテディ	高飛車で間違えられるとじわじわくる
18:30	ハセマ・スネーク	おハーブ生えますわ
18:32	伊田辿	おはようございます
18:32	お前ら_	ですわ♥
18:34	pandoゴネーシャ	ルールわかってないお嬢様まかのんかわいい
18:35	a ha	ポンコツですわ
18:37	せしのれ	まかのんさんが麻雀わかんない娘みたいに見える！
18:37	ことかげ	お嬢様ですわ
18:37	Westeria	ボイス指定ずれてんのかな
18:38	sora neko	対面からチー
18:39	しばわん	かわいい
18:43	バンキッシャーVIII	手出しーそー
18:43	星野遥	いつもの裏ドラ乗らない配信？
18:45	ごマ天	いつのまにか、お嬢様ことばになってる
18:47	首都ブラジリア	うーん
18:48	nとし	ですわ
18:48	氷水:ひすい	だめです
18:53	いざよいさくや	草
18:53	スローロリス	悲しいなあ
18:53	十三姫	課金してれば実質無料
18:54	ひっきー	たしかにｗ＞麻雀分からないお嬢様
18:54	ばたぁ	お嬢様ボイス下さい
18:54	*らすく*4693	かわいい
18:54	ワ・カ・メ	草
18:54	とき	36m
18:55	ぶたどん	無料って言え
18:55	なーく#Nark	1000人くらい打ってる感じかも
18:55	上下	リーチなのにポンって言うポンコツまかのん
18:56	Takashige AOKI	惜しい
18:56	高速フーリエ変換	惜しい
18:58	雨宮恵	ダメでしたわ
18:58	筆記丸	草
18:58	グリヴェン	欲しい牌だった
18:58	ガープ	だめですわ
19:03	孤高の探索者	残念
19:04	もるぽん	かわいい
19:06	桑原みー	いって遅かったｗ
19:08	Fumy H	そんなことあるんだ
19:10	204βわかる	今の欲しかったなぁ…
19:11	夜桜ぽよ	配牌が・・・・
19:11	マイケル	1戦終わったら直す？
19:12	うなぎーぬ	親持ってきて鬼連するしかねえ！
19:13	やまぶどう	まかのん間違えててかわいい
19:13	やあけ	まかのんが間違えているかみたいにw
19:17	kakusantakesan	参加者１０００人くらい？
19:17	やまP	13.26でもツモなら
19:17	ぶたどん	今から清楚枠狙っても無理だぞ
19:18	ごマ天	ぽんこつまかのん
19:19	うんち	なんか上がれねえなぁ
19:20	sora neko	河底牌を鳴こうとしないｗ
19:24	mischa's Lab.	まかのんにポンコツ属性を付与していくぅｗ
19:24	お前ら_	北 さらば！
19:28	せしのれ	これはこれでまかのんさんっぽくて(？)可愛い
19:28	桑原みー	オーラ素か
19:29	KO	相変わらずいい麻雀打ちますね
19:30	モジャンヌ	中重ねたいね
19:31	高速ナブラ	鳴いてもなー
19:34	なーく#Nark	西ドラドラでなんとか？
19:35	Jジェイ	南入りですね...
19:35	いっちゃん	間違えててもまかのんは可愛いからセーフ
19:36	順平	ぽんこつまかのんもかわいい
19:38	トム	満貫は作りたいねぇ
19:40	やまP	草
19:40	氷水:ひすい	６７８まで育ってくれれば
19:42	古鉄	２枚目出るまでは様子見か？中は
19:45	うんち	染めちゃおう
19:45	タカぴー	こんばんは
19:45	チベットスナギツネ	1326
19:47	ガープ	オタ風がよ
19:48	富岡隆	裏ドラ乗せたらいいんですよ。
19:50	もるぽん	お、３色
19:50	ふぁりゅ	伸びないなー
19:50	トリウナギ	裏乗っければおけ
19:52	グリヴェン	ここで裏乗ったら嬉しい・・・けれど・・・
19:53	vanishinggift	ピンフにもならないやつ
19:53	モジャンヌ	678だ！
19:55	ロバテナー	６７８か
19:55	ネムレス	678だね
19:56	のしろん	りーのみだとなぁ
19:56	やあけ	三色？
19:57	ごマ天	焼き鳥たべるモイ？
19:58	梁山泊	今、ダウンロードしたがそれは残念⤵️⤵️
20:00	さみゅ	678
20:01	氷水:ひすい	裏に期待するな
20:01	悪の戦闘員K	リーのみでも裏ドラが乗るかもしれない！
20:01	Jジェイ	裏乗れば
20:01	桑原みー	三色くるか・・・？
20:02	レモンP	平和欲しいなぁ
20:02	あおいの	平和ないのが悲しい
20:03	ヒキニート	栞桜ちゃんとか世界一お嬢様言葉が続かなそうな女の子ランキング一位とれそう
20:04	Westeria	焼き鳥食べるモイ？
20:04	なーく#Nark	ピンフつかないしなぁ
20:04	アイリス	ロクチッパー
20:05	モジャンヌ	裏ドラは…
20:07	Busters	ツモなら余裕よ
20:07	ガープ	うめええええ
20:07	帰宅RTA	裏は…
20:08	No Name	いいとこ
20:08	のしろん	裏は…
20:09	アレアレア	三色か
20:09	水那斗碧	逆に西が邪魔感
20:10	やまP	西切っちゃう？
20:10	ちゃぼうず_cyabouzu	裏は…
20:10	ゆゆゆっ毛	裏...
20:10	グリヴェン	おお！
20:11	もるぽん	裏が乗ると？
20:11	Busters	来たね！
20:12	204βわかる	おっ
20:12	レッドウッドへいぽう	おおお
20:12	Kiichang	これはあるぞ
20:12	いざよいさくや	裏ドラが乗らない程度の能力…
20:12	レモンP	おわ
20:12	Makotola	裏乗る？
20:13	よふかし	きた
20:13	サイコロ	おお中トイツ
20:14	ネムレス	裏ドラくるかな？
20:14	Jack 38	裏は乗らないから
20:16	高速ナブラ	お重なった
20:17	妖精の灯り	裏は無いものと考えなければ()
20:18	西都なつ	さぁどっちか
20:18	チベットスナギツネ	難しいね今の
20:19	Jジェイ	シャボ待ち
20:19	salad hero	いいんじゃあないですか！
20:19	夜桜ぽよ	引いたね
20:20	らくらく	それドラよ
20:21	鍵桜-かぎざくら-	裏は期待しないで
20:22	やあけ	役牌ふたつか
20:22	ハセマ・スネーク	ほほう
20:23	vanishinggift	一気に行けるやつ
20:23	桑原みー	西きる？
20:23	ひっきー	いけるか
20:24	ギンジ	うんうん
20:28	yu yu	結局あがったのが正解になるんよなぁ
20:28	がくらた	今の完全に呪文
20:28	なーく#Nark	中雀頭でいいね
20:30	レッドウッドへいぽう	いいねこれ
20:33	首都ブラジリア	これは期待
20:33	No Name	リーチドラドラ？
20:37	古鉄	ドラを頭に出来るのでも十分やしな
20:39	さっつん	んー確かに正解はわからんね
20:39	レッドウッドへいぽう	のりません
20:40	高速ナブラ	夢はある
20:41	Frizette	自分も西切だなぁ
20:42	ユーミン	裏ドラ…
20:42	やまぶどう	裏は乗らない
20:43	やまP	かわいいｗ
20:44	Ohayo	リーチドラ２で自摸狙いでOKか？
20:44	mischa's Lab.	高め狙ってこ
20:46	うんち	リーチ三色ツモで満貫
20:46	とき	タノム
20:46	204βわかる	もう2枚出てる…
20:48	せしのれ	裏…？
20:51	氷水:ひすい	やきとりたべるモイ？
20:51	salad hero	課金してれば載るでしょ
20:53	西都なつ	違うんだなかわいい
20:53	お前ら_	今日はマウス感度大丈夫？
20:54	ぶたどん	昨日1回も乗ってないから無理や…
20:55	帰宅RTA	あー
20:57	らくらく	リーヅモドラドラで
20:57	とき	違うー
20:57	嘘800	今日は乗る日だから・・・(希望的観測)
20:57	虚空	かわいい
20:58	やまP	きた！！
20:58	やっさん	ぎゃー！
20:59	いざよいさくや	ん～
20:59	ことかげ	裏狙う？
20:59	ね ゙え ゙え ゙	あーｗ
20:59	グリヴェン	いこう！
21:00	mayshimo	いくしかねえ
21:00	たい焼き袋詰	かわいい
21:00	隼人	うーん
21:00	モジャンヌ	あらー
21:01	シロ組ドルフィンズ	もう行くしかない
21:01	Nao02	リーチ一択
21:01	のしろん	そっちかぁ
21:01	やあけ	そっちじゃない
21:02	やまP	いこう
21:02	lae	あ
21:02	Acott Amethyst	一盃口ないわ
21:02	トム	押せ！
21:02	なーく#Nark	リーチだ！
21:03	ramna	さあこい
21:04	高速フーリエ変換	あー
21:04	順平	しゃーない
21:04	Orpheus1221	草
21:05	ピコット	うーん流石になあ
21:05	せしのれ	( ´ﾟдﾟ｀)ｱﾁｬｰ
21:05	担々麺	いくしかねぇ！
21:05	司令_つかされい	裏次第か
21:06	S UMA	ツモ直条件
21:06	ムームー	仕方ないね
21:06	西都なつ	かわいい
21:06	wildcat5314	草
21:07	ガープ	曲げてよかった
21:07	Frizette	しょうがないね
21:07	ひっきー	赤田ー
21:07	クリスティン.	やた！
21:07	No Name	勝った
21:08	グリヴェン	おお！！
21:08	帰宅RTA	きたー！！！
21:08	Jジェイ	きたああああああああ
21:08	ユーミン	おおおお！！
21:08	福冨子紀	草
21:08	モジャンヌ	一位！！
21:09	さっつん	そらしょうがないｗ
21:09	木一	かわいいい
21:09	やまP	きたああああああああああ
21:09	あおばーん	おー！
21:09	隼人	お
21:09	mo's!	しかも赤！
21:09	なーく#Nark	しかも赤だｗ
21:09	lae	ないす
21:09	a a	赤い
21:09	Takashige AOKI	おいしい！！
21:09	AGAPE	えっちじゃん…
21:10	よふかし	一発！
21:10	もるぽん	おおこれは
21:10	ヒキニート	でも栞桜ちゃんは裏乗らないよ
21:11	うんち	しかも赤ドラ
21:11	Makotola	赤！
21:11	いざよいさくや	きたわね
21:12	不思議の国の人形	0
21:12	サイコロ	やったトップ直撃！
21:12	雨宮恵	やった
21:12	RyuYan18	一発！
21:13	限界	赤ウーだ！
21:13	希クボ酸	おおお！
21:13	高速ナブラ	デバサイ！
21:13	しばづけ	かっちゃー
21:13	のしろん	一発の赤！
21:14	レッドウッドへいぽう	一発あああああああああああああ
21:14	ねみみん	１ぱっつ！
21:14	はえよい	これは裏いらない
21:14	21	おお
21:14	ガープ	はい
21:15	204βわかる	赤ドラきたこれ
21:15	Ohayo	デバサイｗｗｗ
21:15	Bigrashii	草
21:16	レモンP	差し込みか？
21:16	さっつん	おーナイスぅ
21:16	聖徳明太子	はい
21:16	いざよいさくや	はい
21:16	ギンジ	おお
21:17	よふかし	はい
21:17	アイラ	赤だー！
21:17	ふむふむ	知ってた
21:17	ふぉのん	はい
21:18	ヒロキ	はい
21:18	s y	裏ェ
21:18	パイライトテディ	えらい今日はうめくな・・・
21:18	やあけ	はいw
21:18	うみにん	はい。
21:18	ね ゙え ゙え ゙	裏ｗｗ
21:18	ark0125	はい
21:18	あおいの	やったぜ
21:18	ぺんど	はいｗ
21:19	みなと	草
21:19	シャルム	乗らないね
21:19	ようすけ	はい
21:19	十三姫	やったー！！
21:19	Makotola	知ってた
21:19	Jジェイ	はい...
21:19	Hiroshi Nakakita	はい
21:19	Evac 1899	ないでーす
21:20	Cloelia	はい
21:20	ふれでぃー	知ってた
21:20	ムラ	草
21:20	帰宅RTA	トップおめでとう
21:21	mayshimo	のらなーい！！
21:21	芋下きぬ	はい
21:21	Fumy H	いつもの
21:21	アイスアイス	いいね
21:21	shimo 636	草
21:22	サカナ	はい
21:22	ミツキ	草
21:22	レッドウッドへいぽう	裏・・・
21:22	ramna	いちいだー
21:23	木一	はい
21:23	ヱシカ	はい……
21:23	sルーク	おめでと～
21:23	カリメロ	知ってた
21:23	燻しTak庵	乗らない
21:23	神無月健二	裏ドラェ…
21:23	雪見さま	おお
21:23	レーマリカヒ	草
21:24	彗星夜	いいね！
21:24	黒鰆	安定の
21:24	うんち	いいね
21:24	ぶたどん	期待するな
21:24	大銀	裏・・・
21:25	鶏だしクリーミィ	はい
21:26	まこだいあ	はい
21:26	アステマ	はい
21:26	陽炎	はい
21:26	りべ	草
21:27	くろう	やったじゃん！
21:27	Ken Ken	1位！
21:27	高速フーリエ変換	これは鮮やかな逆転
21:27	awa	でも裏は乗らない...
21:28	ミポポ	のらぬ～
21:28	Takebon[たけぼん]	やっぱりな
21:28	いざよいさくや	裏 ド ラ が 乗 ら な い 程 度 の 能 力
21:28	名馬ポニー	乗りません定期
21:28	孤高の探索者	草
21:28	のぎす	はい
21:29	ShingoMk-Ⅱ	やっぱり
21:30	salad hero	つよい
21:30	Hiroking 13	流石
21:30	てれぽん	トップおめでとうー！
21:30	桜葉漬け	ありません
21:31	妖精の灯り	草
21:31	〆作	草
21:31	カンザキシン	おう
21:32	さっつん	条件OKならええねん！
21:33	のしろん	素晴らしい
21:33	レッドウッドへいぽう	本人確認できました！
21:33	modoki yakiimo	裏ドラが乗らない程度の能力ｗ
21:33	黒川ありす	シードゲットしてくれ!!!
21:35	なぎぽん	はい高評価
21:35	shigure tokiame	お見事！なお裏
21:35	クリスティン.	はい
21:35	ぶたどん	ちょっと裏ドラ期待してて草
21:35	Levith	やった
21:35	flood	本人確認
21:35	Luciano	裏は乗らない運命なのか
21:35	ありにゃ	おめでとー
21:35	水瀬静	SE変更します？
21:36	順平	うん
21:36	マロニエ	本人確認
21:36	ガープ	いいよ
21:36	ネムレス	いいよー
21:36	村カメレオン	トップナイスー
21:36	21	やはり裏は
21:36	ragnarok raira	裏・・・なぜ・・・
21:37	サイコロ	裏乗らないのはデフォ
21:37	年	いいよ
21:38	ユーミン	待つよ
21:38	gigax2	トップは取れても裏は
21:38	雨宮恵	おめでとうｗ
21:38	ふぁりゅ	いきなり赤ウーは相手強強だったのかな?
21:38	ヤン3928	はい
21:38	ぷいみみ	草
21:39	MultiSK5	草
21:41	トキサメ	はいよー
21:41	% ショウ%	1位ナイス～
21:41	nao 77	乗らないねぇ…
21:42	雨の宿り木	本人確認できたね
21:42	ミポポ	りょーかい
21:43	ramna	設定ね
21:44	saya konpaku	はい
21:44	204βわかる	乗らないけど強い
21:45	妖精の灯り	予定調和みたいになってて草
21:46	拡散の尖兵	おめでとう！
21:46	ひっきー	ボイス修正中かな
21:48	やあけ	設定直しますか？
21:48	とき	いいよー
21:48	桑原みー	これしおちゃんがランクインしたらどうなるの？
21:48	ロバテナー	裏？そんなの無いよ？
21:49	mo's!	どうぞ
21:49	ns zn	いいよー
21:49	雨宮恵	どうぞ
21:49	はえよい	いいよー
21:49	モジャンヌ	はーい
21:50	HL	リーチ！（ポン）
21:50	ユーミン	いいよ
21:50	せしのれ	待ちます待ちます
21:51	あのんまのん	よいですよ
21:51	Ryu Windy	裏ドラなんてなかった
21:52	アイリス	いいよー
21:52	なーく#Nark	ポンを変えるのね
21:52	ぶたどん	ちょっと裏ドラ期待してて草
21:52	Nights -O	いいよー
21:52	首都ブラジリア	ほんと乗らないなどうなってんのこのリアルラック
21:53	あおい	お見事！
21:53	U- G	認証システム
21:53	グリヴェン	ほい！
21:57	きなこ	いいよー
21:57	お前ら_	リーチ！
21:59	順平	草
22:00	焦がし牛乳	ですわ！
22:01	ばたぁ	かわいい
22:02	ユーミン	草
22:02	Ken Ken	かわいい！！！
22:02	やまぶどう	ポンですわ！
22:02	真珠麿浪漫	草
22:02	お前ら_	ないですわ(笑)
22:03	ね ゙え ゙え ゙	ポンですわ
22:03	ピコット	麻雀初心者の人もそろそろ裏ドラというものは覚えたやろな
22:03	古鉄	ポンじゃないですわ！
22:03	ありにゃ	ポンですわ
22:03	Nao02	誤ポン治さないと
22:03	204βわかる	草
22:03	exe F.	こんばんはー
22:03	にがうり	ポンですわ！
22:04	Nights -O	草
22:04	ギンジ	いいよー
22:04	たい焼き袋詰	かわいいですわ
22:05	omi	ポンですわ！
22:06	いざよいさくや	本人確認終了
22:06	のしろん	ポン(リーチ)の設定かｗ
22:06	レモンP	草
22:06	logos2501	お嬢様～！！
22:07	ひっきー	まかのん風評被害草
22:07	首都ブラジリア	いい声だなー
22:08	ヒロキ	三連トップ取ったけどまだ40位だったわ…
22:09	ごマ天	かわいい
22:09	ark0125	かわいい
22:09	とき	ポンですわ！
22:09	*らすく*4693	ポンじゃないですわ！
22:09	204βわかる	無いですわ草
22:09	隼人	かわいい
22:09	あおばーん	リーチ！
22:09	kakusantakesan	ポンですわじゃないですわ
22:10	桑原みー	ポンですわ
22:10	SATOU	ポンですわ！
22:11	大銀	ポン（リーチ
22:11	ガープ	お嬢様を調教している
22:12	焦がし牛乳	かわいいですわ！
22:12	ムームー	女性の方をミスってたのか
22:12	ささかま。	ポンですわじゃないですわ！
22:12	#なっしゅ	裏ドラ乗ったの？ 代打ちかな
22:12	趣スケベマン	ですわ！
22:13	Hiroshi Nakakita	裏ドラが乗るせっていかな
22:14	レッドウッドへいぽう	まかのん～
22:14	〆作	ポンですわ
22:14	しばわん	ポンですわ！
22:14	SOS	かわいい
22:15	雨宮恵	草
22:15	shouko S	いいね
22:15	ヱシカ	流石ですわ！
22:15	ユーミン	ちょいｗｗ
22:16	ニセゾー	キレないでほしいですわ！
22:16	友利匡志	かわいい
22:17	Evac 1899	まかのんボイスよき
22:17	お前ら_	ましたわ♥
22:18	ふぁりゅ	しおちゃんのですわ!めっちゃかわいいの…
22:18	アイリス	始まりましたわ！
22:18	ありにゃ	リーちよですわ
22:18	西都なつ	あぶないｗ
22:18	真珠麿浪漫	くっそｗ読めなかったｗ
22:19	猫のバロン	草
22:19	せしのれ	まかのんさんのポンコツが直されちゃう！
22:20	mo's!	かわいいですわー
22:21	いざよいさくや	配信終わらないで…
22:21	ごマ天	たいあり
22:22	ギンジ	ですわ
22:22	ブタオつぐみ	こんばんは〜。桜座戦、楽しい〜！
22:23	イベリコ豚丼	お嬢様いいね
22:23	Nights -O	いかないで
22:24	シャルマンヒロイン	勝負ですわ
22:27	No Name	ドラでけえ
22:27	パイライトテディ	いいですわ
22:28	204βわかる	OBS終了w
22:28	桜葉漬け	いいね
22:29	とき	いい感じ
22:29	筆記丸	ブツ切りで草
22:29	桑原みー	まかのんの声かわいいなー
22:30	さみゅ	いい配牌
22:30	ヒキニート	急に配信終わっちゃう
22:31	グリヴェン	配牌いいね！
22:31	モジャンヌ	配牌良い！！
22:31	ガープ	いいですわね
22:31	サイコロ	帰宅RTAとは
22:31	やあけ	おお
22:32	ちゃぼうず_cyabouzu	配牌良いのでは？
22:32	logos2501	Foo～
22:32	salad hero	お｜
22:32	西都なつ	綺麗だね
22:33	ひっきー	さすが牌牌のプロ
22:33	〆作	裏ドラ乗ったときのボイスも欲しいな
22:33	レッドウッドへいぽう	お
22:33	暁宵	音が混ざってやばかった
22:34	うんち	配牌いいですわ
22:34	Nao02	良い配牌じゃん
22:34	Jジェイ	配牌いいですわ
22:34	孤高の探索者	花音ちゃんのボイスよき…
22:35	Ken Ken	良い手ですわ！
22:35	姫ノ木あく	はいぱいがじょうず
22:35	RyuYan18	これはプロ
22:35	高速ナブラ	美しい
22:36	ばたぁ	お嬢いいよね
22:36	とき	どどどどどー
22:37	トム	配牌のプロ
22:37	Bigrashii	一盃口かな
22:37	kakusantakesan	配牌いいですわ
22:37	mischa's Lab.	イーペーコする？
22:39	此処葉	ドー
22:39	8192 ryu	配牌名人だぁ
22:40	ユーミン	これは裏ドラ乗りませんわ
22:40	FUJI-KEN POWER V	どどどど
22:41	いざよいさくや	いいかんじ
22:42	No Name	かんちゃん
22:42	ぶたどん	OBSなんでそんなとこおんねん
22:45	高速フーリエ変換	索子すばらしい
22:46	きりちゃ	こんばんわ～
22:46	204βわかる	せやね
22:46	wildcat5314	OBS切ったら事故だね
22:47	サイコロ	イーペー出来るかな
22:47	いざよいさくや	配牌のプロ
22:49	あおいの	+60狙ってしまおう
22:50	六条シュピ虫	配牌上手
22:51	Takashige AOKI	ドラ腐りそう…
22:51	首都ブラジリア	プロが来たんだ！
22:52	モジャンヌ	イーペーコー、タンヤオ、ドラ
22:52	ひっきー	ぉ
22:53	mo's!	第一回
22:54	おおくそん	次回以降ある？
22:55	うみにん	既に予定が
22:55	不思議の国の人形	！？
22:55	ユーミン	お！
22:56	ori ori	索子きれい
22:56	ミポポ	お？
22:57	いざよいさくや	お？
22:57	ひっきー	やったー
22:58	らにふ	おおお！
22:58	氷水:ひすい	ほう！！！？
22:59	とき	まーじ？
22:59	たい焼き袋詰	おお！
22:59	ramna	おおー
22:59	ザッハトルテ。	おお！？
23:00	花吹雪	おお！
23:00	ねこいゆずりは	おお
23:00	テーク	お！？
23:00	ark0125	おおー
23:00	ガープ	おー！
23:00	SOS	おおー！
23:00	雨宮恵	おお！
23:00	Ken Ken	第二回！？
23:00	サイコロ	そっちか
23:01	ns zn	やったぜ
23:01	妖精の灯り	お！？
23:01	れめれめ	まじかよ！
