-0:57	ゆういち	しおしおしてきた
-0:56	カール・アウグスト・ナイトハルト	勉強の息抜きにきました	￥410
-0:55	Orpheus1221	しおしおしてきた
-0:54	飲む牛乳	待機
-0:53	斎藤	しおしおしてきた🌸
-0:52	Astral Clover	待機〜
-0:52	ori ori	情けない悲鳴助かる
-0:51	やまP	しお...しお...
-0:50	たかちゃんタカラ	🐧
-0:49	レイザーRR	しおしお…
-0:49	やまぶどう	待機
-0:46	GPE	こんばんはー
-0:45	キョン	ギリセーフ
-0:42	年刊木材	しお…しお…
-0:40	トム	鼓膜の替え買い占めたやつ誰だ！
-0:40	あナタのうシロにぱーそなる	いや～、実にいい絶叫でしたね（未来予知）	￥250
-0:40	ユズ	こんばんは🌸
-0:39	花吹雪	しおしおしてきたな
-0:39	ププリンΩ	しお…しお…
-0:37	ゆういち	ktkr
-0:36	おっ	喉ケア代	￥610
-0:35	ori ori	しおしお
-0:35	ほよよ	悲鳴助かる
-0:32	おいもちん	しおしお
-0:32	ひこたろ	怨霊注意！	￥500
-0:31	えるのじ	情けない声が聞こえてくるぜぇ…
-0:30	help	待機
-0:26	とろろ	こんばんは
-0:23	のしろん	待機
-0:22	エクレアさん	音量だけに怨霊に注意って事ですね
-0:21	ゆう	しお・・・しお・・・
-0:21	なんたらかんたら公太郎EX	こんばんはー！
-0:20	キャットフィッシュ	このイラスト好き
-0:19	斎藤真方_マサカタ_	鼓膜いっぱい買ってきた
-0:18	国士無双	こんばんは～
-0:17	暁宵	ホラー的な数字で	￥444
-0:16	Nights -O	情けない悲鳴たすかる
-0:14	330	良質な悲鳴助かる、切らしてた
-0:13	クラインドルフ	こんばんわー🌸
-0:12	西都なつ	ツイかわいい
-0:08	ぶたどん	きちゃ
-0:08	Astral Clover	ちゃんとみるよ
-0:06	ギンジ	悲鳴たすかる	￥500
-0:05	J PR	ちゃんと見てるぞ
-0:03	日神巫言	良かった来れた
-0:02	いざよいさくや	こんばんは～
-0:02	妖精の灯り	しおしお…
-0:01	カンザキシン	ちゃんと見ててってさｗ
0:03	exdeath sp	こんばんはー
0:03	岩ネコ	鼓膜まとめ買いしといてよかった
0:05	のくと	こんばんわ、二回行動乙です
0:06	ふむふむ	鼓膜と心臓の貯蔵は十分だぜ（白目）
0:06	さざなーみん	怨霊注意了解
0:07	計喜	見てるぞ
0:08	月十字	ちゃんと見てるよ
0:08	mo's!	がんばえー
0:08	30歳副住職	しおしおしてきた
0:10	やまぶどう	ちゃんと見てるからｗ
0:11	ねこみらーじゅ	音量小さいかもしれないからあげておくか
0:12	カール・アウグスト・ナイトハルト	待機画面から悲鳴が聞こえてくる
0:13	不思議の国の人形	こんばんは​🌸
0:13	121mj	悲鳴助かる(予約)
0:14	桑原みー	こんばんは〜
0:14	ShingoMk-Ⅱ	こんばんは🌸
0:14	ささかま。	しおしおしてきた
0:14	やまP	こんばんはー🌸
0:14	レモン	慌てて注文したのに鼓膜届かなかった
0:15	キャベツ	見るぞー！
0:15	サナ	ちゃんと見てるぞ
0:17	rapid eye rabbit	こんばんはー🌸
0:18	アイリス	こんばんはー
0:18	とろTak庵	こんばんは🌸
0:18	ワ・カ・メ	こんばんは！
0:19	雨宮恵	ちゃんと見てるよ
0:19	leno nowhere	しおしおしてきた
0:19	ark0125	こんばんは
0:21	akki	こんばんはー
0:22	ElixiR /N	間に合ったか！？
0:23	飲む牛乳	泣きながら音量注意と叫ぶ姿
0:23	ぶたどん	きちゃちゃの茶
0:23	ゆき	こんばんはー
0:24	K Tony	きっとすげぇこわいんだろうなー
0:24	太陽の塔	こんばんはー！🌸
0:24	ムラ	しおしお♡(∩ˊ꒳​ˋ∩)♡
0:24	りんほん	こんばんはー🌸
0:24	いざよいさくや	ｷﾀ――(ﾟ∀ﾟ)――!!
0:24	Ryo	きちゃ
0:24	ねぎかつ	後方保護者面するね
0:24	蓮	👀
0:25	ありにゃ	こんばんわ～
0:25	司-つかさ-	こんばんわ🌸
0:26	keg-on{けごん}	こんばんは🌸 悲鳴待機
0:26	ネムレス	こんばんは～
0:26	BOSS	こんにばん🌸
0:26	杏	こんばんわ！🌸
0:26	Fumy H	鼓膜代	￥200
0:27	グリヴェン	こんばんはー！しおしおー！
0:27	姓名	今北。なさけない悲鳴に期待
0:28	ななみさん	こんばんは🌸
0:28	卜キサメ	こんばんはー🌸
0:30	黄月英	こんばんは🌸
0:30	shimo 636	マルシル味ある
0:30	帰宅RTA	こんばんはー👻
0:31	佐藤奏_イカウント		￥200
0:31	パイライトテディ	こんばんは～
0:31	Rubin	こんばんわ🌸
0:31	わかめ	こんばんはー！
0:31	pldra プレドラ	たくさん泣き叫んでください	￥500
0:32	カマキリ星人	こんばんは🌸
0:32	TMTあんばー	こんばんはー
0:32	ようχ	こんばんはー
0:35	真っ黒フウ	こんばんは！
0:35	さみゅ	お前を見てるぞ
0:35	花吹雪	こんばんはー
0:36	mo's!	こんばんはー🌸
0:36	セミの抜け殻	こんばんは～
0:36	Cloelia	こんばんはー
0:37	飛鳥	こんばんはー🌸
0:37	まこだいあ	こんばんはー🌸
0:37	月十字	こんばんは〜！
0:38	Akiteru Fjimoto	こんばんは🌸
0:38	レプタイル	こんばんはー
0:38	ちべ	こんちゃー
0:38	トウ	こんばんはー
0:38	ごはん	こんばんは
0:38	Natsukaなつか	こんばんはー
0:38	ムラ	こんばんわー🌸
0:38	トゥートゥー	こんばんは～
0:39	アモス	こんばんは〜
0:39	だーさん	こんばんはー🌸
0:39	やまP	こんばんはー🌸🌸
0:39	たいし76567	ばんわー
0:39	Astral Clover	こんばんは〜
0:39	Toccsch	こんばんは～
0:40	Tsubasa		￥500
0:40	si n	こんばんは～
0:41	omi	こんばんはー
0:41	斎藤真方_マサカタ_	こんばんは
0:41	shimo 636	こんばんは～
0:41	ゼラニウムがおー	こんばんは
0:41	キョン	こんばんはー
0:41	ぷるぷる運輸倉庫	ひめい
0:41	ぬゐ	こんばんはー🌸
0:42	gk _y	こんばんはー
0:42	和み日和	こんばんわー
0:42	ゆういち	こんばんは～🌸
0:43	さぁや	こんばんわ〜
0:43	mezzoforte	こんばんは～🌸
0:43	めたるチクワ	こんばんは～
0:43	ふむふむ	こんばんはー🌸
0:43	pandoゴネーシャ	こんばんはー
0:43	ね ゙え ゙え ゙	こんばんは～～
0:44	鶏だしクリーミィ	こんばんは🌸
0:44	ゆういち	！？
0:46	MOTHERSHIP	こんばんはー🌸
0:46	marianne van tienen	きちゃああああああああ
0:46	TX11 D11	こんばんは～🌸
0:46	ライジン	ホラー記念	￥666
0:48	J MAEDA	こんばんは
0:48	とな関	こんばんわー🌸
0:49	Nights -O	こんばんは〜
0:50	どぎー	こばんは～🌸
0:50	セオドル	こんばんは＾
0:50	司-つかさ-		￥200
0:50	___うちゅ	こんばんはー
0:50	みささんべ	こんばんは
0:50	NIHO UFO	こんばんは～
0:51	Astral Clover	今回は怖いのかな
0:51	ルィス	こんばんは～🌸
0:51	飲む牛乳	こんばんはー
0:51	妖精の灯り	こんばんはー🌸
0:51	あきら	こんばんは！
0:52	たかちゃんタカラ	
0:52	ミツキ	こんばんは
0:53	おにぎりせんべい	サムネいい表情
0:53	リバル	こんばんはー
0:53	rapid eye rabbit	こわそうなBGM
0:53	タニシ	こんばんは🌸
0:53	えびび大福	こんば～んは
0:53	わんたん	ちゃんとみにきた
0:54	れみちゃんと呼ばれたい446#NCB	かわいい悲鳴が聴けると聞いて	￥200
0:54	なーく	こんばんはぁ🌸
0:54	十三姫	こんばんはー🌸
0:55	なじー	こんばんはー
0:55	nao 77	こんばんは
0:55	缶こーひー	こんばんは🌸
0:55	ものくろP	こんばんは～
0:56	あぎだどら	鼓膜は気にしません	￥610
0:56	ばどらっく	こんばんはー🌸
0:59	日神巫言	こんばんは🌸
1:00	スーパーガク	こんばんはー
1:00	セオドル	怨霊注意か
1:00	Red eyes	こんばんはー
1:00	ゆういち	音量注意🌸
1:00	ささかま。	こんばんはー
1:00	F K	kore
1:00	hsn	こんばんは～🌸
1:00	寝落ちのJ	こんばんは
1:01	ori ori	こんばんはー
1:01	いろは	こんばんは
1:02	ロザエ	こんばんは
1:02	らうめん	こんばんはー
1:02	ひら野アマノ	こんばんは～
1:02	らいむ	こんばんはー
1:02	しれいかん	こんばんは
1:03	GPE	こんばんはー
1:03	ふむふむ	すでに怖い（確信）
1:03	フェアレディ	こんばんは
1:03	LeirosSkyly[れいろす]	こんばんはー🌸
1:03	飴あられ	こんばんは～
1:03	ノカゼ	こんばんは
1:04	彗星夜	こんばんはー！
1:04	ぷるぷる運輸倉庫	開幕雰囲気こわい笑
1:05	ありあす	こんばんは～🌸
1:05	なーく	もう弱い？！
1:05	テーク	聴こえた～！
1:05	ミド	こんばんは	￥200
1:05	ほむほむちゃん	お札代	￥500
1:06	ぬこばす	こんばんは〜
1:06	のぎす	こんばんはー
1:06	ぎんいろ	こんばんはー！
1:06	たかちゃん		￥120
1:06	ピコット	マイクOKー
1:07	いざよいさくや	声が震えておる
1:07	ひこたろ	こんばんｈ
1:07	玄米茶	こんばんはー！！
1:07	ぶるーD	こんばんは
1:07	ばどらっく	もうビビってるやん
1:08	西都なつ	ビビってるね…かわいい
1:08	マスター・ミラー	こんばんわ。
1:08	こやこや	こんばんは～
1:08	筆記丸	こんばんは🌸
1:08	ぐぅたら	声震えてない？
1:08	えびび大福	ミュート・
1:08	hasuneみのOG	こんばんは～
1:08	芝村	こんばんは～！
1:08	桜色の図書館	こんばんは
1:08	スーパーガク	初手震え声
1:09	猫神楽	すでに弱ってるやん
1:09	璃月アフロ		￥200
1:09	ミタケモカ	こんばんはー。
1:09	高速フーリエ変換	いやそうｗ
1:09	かげ	こんばんは～
1:09	孤高の探索者	栞桜ちゃん、こんばんは！
1:09	Nights -O	こんばんわ！！！
1:10	つくだ煮	こんばんは
1:10	ゆう	こんばんはー
1:10	ぶたどん	もう怖い😱
1:10	テーク	不穏なBGMだぁ…
1:10	おち	こんばんはー🌸
1:11	LOG	もう泣きそう
1:11	Westeria	見てますよー
1:12	百々目 緑鬼【どどめろき】	こんばんは
1:12	琵琶丸	声が力ありませんよ？
1:12	雨宮恵	もう震えてるかわいい
1:12	tomo hiro	こんばんは・・・・
1:12	年[ネン]	こんばんは🌸
1:13	斎藤	こんばんはー🌸
1:13	港区OL		￥200
1:13	しれいかん	もうかわいい
1:13	ありにゃ	弱しおになってる
1:13	さーもばりっく あっと 大艦巨砲主義	こんばんはー
1:14	ちゃんちゃんしおしお	テンションクッソ低くて草
1:14	卜キサメ	もう弱っておる…
1:15	TAmmy	こんばんわ🌸
1:15	ゆういち	テンションｗ
1:15	【 叶笑 】magica〝桜一色〟	こんばんは
1:15	ElixiR /N	眠そう
1:16	霧雨レイン	元気ないね？？
1:16	白いくま	こんばんはー！
1:16	レーマリカヒ	声がもうｗ
1:16	ろくじょう	こんばんは🌸
1:16	チィヤ	こんばんは
1:17	ふぉのん	何て直球なタイトル
1:17	mo's!	初っ端からよわよわすぎる…
1:19	えるのじ	こんばんはー
1:19	佐藤奏_イカウント	既に弱々しい
1:19	121mj	こんばんは
1:19	ごりらごりら	サムネかわいすぎか
1:19	首都ブラジリア	こんばんは
1:20	sora neko	すでにヘロヘロやんｗ
1:20	ミポポ	ひめいたいき
1:20	トリフネ	テンション低いっすね
1:20	おからごはん	こんばんは
1:21	古鉄	こんばんは🌸開幕から元気が無いｗ
1:21	帰宅RTA	もうふにゃふにゃで草
1:22	桜田マッコイ	こんばんはー🌸
1:22	mu(roku)	最初からよわよわで草
1:22	ろき	もうテンションが低いｗ
1:22	ネムレス	ちゃんと見てるよー
1:22	HAYASHI TTT	こんばんは🌸
1:22	雨宮夕日	ばんわー
1:23	のしゃ	しおしお
1:23	白桜花ありす	元気ないね、大丈夫？
1:24	marianne van tienen	ONRYO
1:24	グレブナー基底	声で笑う
1:24	さっつん	こんばんは これかぁ
1:25	四季綾ノ乃	こんばんわ🌸
1:25	Kingone	どうした？
1:25	マロニエ	テンション低めで草
1:25	あおい	かわいい
1:25	はなかげ	こんばんは
1:25	k misawa	テンション低いw
1:25	mo's!	こんばんはー！ふぁいとー！
1:25	* kaz*	こんばんは！絶叫期待！	￥610
1:26	トラフィック工場	こんばんはー
1:26	J PR	悲鳴助かる	￥1,000
1:26	Ryo	声震えてるやん
1:26	彩りの民	こんばんは🌸がんばれ～！
1:26	トム	悲鳴代の先払い	￥500
1:27	ゆういち	無理しないでｗ
1:27	ちとら	こんばんは～
1:27	レイザーRR	同じとこかぁ
1:27	super mario	へいへいびびってるー！
1:27	F K	なんかVR対応してそうなインターフェイス
1:27	杏	あの人の？
1:27	びろーん	こんばんは🌸
1:27	004 Hanyan	こんばんは
1:28	Levith	こんばんは🌸
1:28	M・A・Oマオ	どんなゲームだろ？	￥500
1:32	とりあたま	声小さい
1:32	しゅばる	こんばんは〜
1:32	マスター・ミラー	これはまさに怨霊注意
1:32	ReiJougasaki	既に声が震え気味ですよ
1:32	蓮	👀
1:32	れみちゃんと呼ばれたい446#NCB	寝起きなのかそれともホラーでテンション低いのか
1:33	如水	こんばんはー
1:33	桜花		￥1,140
1:33	缶こーひー	あー同じとこのか
1:33	青山雅人	詰んだか？やめるか？
1:33	白黒すろうりぃ	こんばんは！かわいい悲鳴を聞きに来ました！
1:34	ムームー	既に元気が無くて草
1:34	Nights -O	そうなんだ〜
1:35	ネギ豆腐	栞桜ちゃんしおしおで草
1:35	山本五十美	こんばんはー
1:35	あぎだどら	これそうなんだ
1:35	330	船橋
1:35	だいふく	声が弱々しいw
1:35	西都なつ	はい
1:36	Akiteru Fjimoto	もうテンション低くて草
1:36	rapid eye rabbit	もうダメそうｗ
1:37	皇	こんばんは🌸
1:37	mezzoforte	期待してるよ
1:37	花嫁の魔女	コンビニのひとなんだ！
1:37	カラスは可愛いのですよ?	すでに弱気？
1:37	のり塩	こんばんわー
1:37	レプタイル	震え声だ
1:39	moccyann	鼓膜のスペアは準備済みだ	￥500
1:40	さめ	初めて見るテンションだｗ
1:40	J PR	もう嫌そうで草
1:40	sam屋	こんばんはー🌸
1:40	アイリス	怨霊注意
1:41	コタケリョウ	こんばんわあ、よわよわで草
1:41	としn	こんばんわ 怨霊です	￥500
1:41	アモス	ホラー頑張れ代	￥500
1:41	ププリンΩ	元気出していきまっしょ！
1:41	sa	こえがよわよわｗ
1:42	永瀬智也	ホラーがんばれ	￥200
1:42	M・A・Oマオ	こんばんは～
1:42	レモン	鼓膜代	￥500
1:42	缶こーひー	疲れてる？
1:42	フォウマルハウト	声小さいから音量上げておくかー
1:42	いとのこ	こんばんは
1:42	Extra Rimy	おりょりょ
1:43	とな関	ホラー代	￥500
1:43	琵琶丸	コワい・・・
1:43	彼岸	テンションひっく
1:43	Takebon	音量
1:43	お前ら_	ロッカーには気を付けてね！
1:44	あナタのうシロにぱーそなる	よわよわしおしお…
1:44	キャベツ	既に声が弱ってる
1:44	exdeath sp	鼓膜の備蓄は十分だぜ！
1:44	びっくす	もうふにゃってて草
1:44	bon bon	事故物件やらずに先にこっちか・・・w
1:44	カンザキシン	既にへにゃってるｗ
1:44	ごりらごりら	ビビってんの？
1:45	孤高の探索者	鼓膜の準備OKです！
1:45	れみちゃんと呼ばれたい446#NCB	これソフトウェアだっけ？
1:45	えびび大福	強く生きて
1:49	hhh sss	こんばんは
1:49	やあけ	珍しく歯切れ悪いなあw
1:49	シヴァ村卯月	すでによわよわじゃない？？
1:49	鶏丸	テンション低め？
1:49	waniwani wanito	ホラー回ヤッター
1:50	雨宮恵	全画面ｗ
1:50	idun disen	こんばんわ
1:50	西都なつ	かわいい
1:51	れめれめ	怨霊注意
1:53	なんたらかんたら公太郎EX	こんばんは！仕事終わった！間に合った！情けない声が聞ける！
1:54	Nights -O	ほほう
1:55	璃月アフロ	怨霊注意
2:00	フォウマルハウト	オジカじゃない？
2:00	琵琶丸	おじか
2:00	BlueMonday	おじか
2:01	芋下きぬ	文字が小さい！
2:01	高速フーリエ変換	おじか？
2:01	Nehalem	しおちゃ、飯食ったか？元気ないぞｗ
2:01	LOG	おしか し
2:01	ひっきー	こんばんはー
2:01	ゆういち	男鹿
2:02	K Tony	おじかし？
2:05	omi	おがし
2:05	mo's!	おじか、かな
2:06	桑原みー	おじかしです
2:06	レモン	「おが」
2:06	司令_つかされい	おじかし？
2:06	leno nowhere	おじかし
2:06	ギンジ	？
2:06	南四暗緊急事態	おがし
2:06	メメ	（文字）ちっさ！
2:06	pldra プレドラ	オジカちゃうか
2:07	mezzoforte	おがし
2:07	とりあたま	おがし
2:07	おは	言いにくいな
2:07	壊れるほど愛してたんだけど栞桜に10分の1も伝わらなかったべべっち	おじか
2:07	ようχ	おが
2:07	やまP	ん？？
2:07	西都なつ	悪の力！？
2:08	〆作	おがし
2:08	ウィルキンソンたん	おがし
2:08	waniwani wanito	おが
2:09	華夜絲	おがし
2:10	21	おがし
2:10	鶏冠（とさか）	これ、けっこうムズいよ
2:10	嘘800	おが市かな
2:10	ささかま。	おがし
2:10	あナタのうシロにぱーそなる	おがかな
2:10	サナ	悪の力とは
2:10	ロジー	おがし？
2:10	ザッハトルテ。	おじか？
2:11	sルーク	文量がすごい
2:11	チィヤ	おじか市かな
2:11	みのる	字ちっさww
2:11	Nights -O	ｵﾄｺｼﾞｶｼｰ？
2:12	gk _y	おが？
2:12	なんたらかんたら公太郎EX	怨念がおんねん
2:12	ねみみん	おがし
2:13	キョン	おが
2:13	a	男鹿市おがし
2:13	P Mato	おがやで
2:13	Westeria	おじか
2:14	ricky M		￥1,140
2:15	唐揚げ大好き	文字ちっさｗ
2:15	キョン	おが
2:16	おおくそん	あーくまのちーからー
2:16	Orpheus1221	おが
2:17	アイリス	色々読めるね
2:17	花嫁の魔女	厨二病？
2:18	F K	音量大丈夫ですかって聞かないの？	￥200
2:18	ゆういち	おがかおじか
2:18	ザッハトルテ。	ぴっ！
2:19	おにぎりせんべい	おとこじかｗ
2:19	ロザエ	ぴっ
2:19	でっど	こんばんは
2:19	首都ブラジリア	おがし
2:19	ぶどー	相変わらず字がちっちぇｗ
2:19	国士無双	おがが読めないのか・・・ｗ
2:19	ばどらっく	読み辛いｗ
2:20	あらんぞロン	こんばんはー
2:20	わかめ	急な導入部
2:20	琵琶丸	悪の力・・・・ヤベェひとかな？
2:22	キョン	秋田県のおが
2:22	scythe(さいず)	助かる配信助かる
2:22	つぁいす	こんばんは👻
2:23	Akira Murayama	おがし あきたけん
2:23	うみにん	ゴーストスイーパーか何か？
2:23	山本五十美	「おが」だ#
2:24	あきら	もう泣きそう
2:25	hhh sss	秋田県？
2:25	日神巫言	おとこじかｗｗｗ
2:25	K Tony	おかし？
2:26	moti ancoro	日頃おっさんだして、ホラーゲームで乙女を出して塩梅をとる
2:27	としn	おじか？
2:27	カラスは可愛いのですよ?	おがし だね
2:27	斎藤	いきなり霊能力者ですのね
2:28	天城久秀	こんばんは🌸 遅れちゃった
2:28	sora neko	男鹿（おが）じゃないかな
2:29	nanoda	かわいい
2:30	拡散の尖兵	こんばんは
2:31	いざよいさくや	おが
2:31	shimo 636	諸説あるな
2:31	明智光秀	悲鳴でのどを痛めそうなのでのど飴代でござる	￥200
2:32	ffiore_game	秋田県の「おが」市
2:33	さっつん	おがなんだよね 地名だからしゃーない
2:36	妖精の灯り	見づらいw
2:36	ユズ	厨二病かな？
2:36	山本たろう	こんばんは🌸
2:36	Maha raja	秋田か？
2:37	184	男鹿半島のとこだね
2:37	鉄筋	おとこじか地方は秋田、なまはげの生産地ですね
2:37	ゆずけい	ナマハゲがいるところかな
2:38	Astral Clover	おがし？
2:39	シヴァ村卯月	文字が読めなぁい！！
2:39	璃月アフロ	わからない
2:42	こーちゃ	レシートみてえだ
2:45	銀河美少年	こんばんは🌸
2:45	猫神楽	なるほどわからん
2:46	琵琶丸	わからないねぇ？
2:46	調律	イヤホンセット、いつでもいいぞ
2:46	ゆういち	男鹿半島
2:47	クーニャ	おがだね
2:47	芋下きぬ	おが…
2:47	はいぷり	こんばんは
2:48	南四暗緊急事態	おが！
2:50	レモン	おが半島（秋田県）
2:50	司令_つかされい	霊能探偵か
2:52	ffiore_game	おが半島
2:52	西都なつ	もうかわいい
2:53	J PR	文字チッッッッッサ
2:53	パイライトテディ	おが 秋田県かな？
2:54	Nights -O	へぇ
2:55	たけどーら	「おが」だよ
2:55	璃月アフロ	おが？
2:56	あまなつみかん	ホラー枠助かる	￥1,140
2:59	クラインドルフ	さっき教えたじゃん
2:59	のしろん	おが半島
2:59	K Tony	どうにかしてくれ（懇願）
3:00	みかんみかん	こんばんはー
3:00	古鉄	「おが」やｗ
3:00	アイリス	寺生まれのTさんかな？
3:03	icecream水晶 冰	こんばんは～
3:03	コタケリョウ	おがだってばよ
3:05	mo's!	おがね
3:06	ポリお	クソマロみたいな長さしてんな
3:06	みかさあいか	なげえ
3:08	saya lit	おがはんとう
3:11	フミFumi	なまはげのとこだ
3:12	七夜シ琴	こんばんは🌸
3:12	琵琶丸	うぇ
3:19	西都なつ	わからん
3:19	山本五十美	んな男塾みたいな地名じゃないやい
3:23	ププリンΩ	寺生まれのＴさん懐かしいｗ
3:23	Nights -O	もう泣きそうw
3:25	やまぶどう	前も無理心中じゃなかったか？
3:25	sora neko	繋がってるのかな？
3:26	コロナで無職マンの捨てふぁに	男鹿半島!？牡鹿半島!？
3:26	シヴァ村卯月	こない
3:27	司令_つかされい	秋田に男鹿半島っていう地名があったか
3:27	アイリス	責任感強いねー
3:30	なーく	くーるー？
3:31	やひろー	はやないｗ
3:31	K Tony	ねっとりフェードアウト
3:32	ゆういち	怖い奴だ
3:33	_lili_	始まったな
3:33	西都なつ	草
3:34	パイライトテディ	ゆっくりフェードアウト
3:34	Takebon	きっとくる～
3:34	テーク	ﾋｴｯ
3:35	レモン	いきなりｗｗｗｗ
3:35	たけどーら	もうやばいやんｗ
3:35	筆記丸	もうこわい
3:35	なーく	早いよｗ
3:35	いざよいさくや	草
3:36	sora neko	雰囲気あるねぇ
3:36	ね ゙え ゙え ゙	草
3:37	logos2501	こっわ
3:37	ElixiR /N	クソマロは草
3:37	山本たろう	かわいい
3:37	ザッハトルテ。	もうこわいｗ
3:37	Toccsch	くる・・・くる・・・
3:37	tomo hiro	くるーきっとくるー♪
3:37	あきら	がんがれー！
3:37	オーレウェルギウス	こんばんはー🌸
3:37	れみちゃんと呼ばれたい446#NCB	男鹿半島っておじかはんとう？
3:38	ムラ	すでに悲鳴の気配が
3:38	アモス	開幕怖い
3:38	DA i	おがなまー！
3:38	ロザエ	草
3:38	ふむふむ	突然始まるぞ☆
3:38	不思議の国の人形	気のせいだよ
3:38	〆作	暗転しただけで叫びそう
3:39	Astral Clover	今回もビビらせあるんかな
3:39	クリスティン.	もう草
3:40	sion354	もう怖い
3:40	KA A	暗い!!!
3:40	Nights -O	草
3:41	ゆういち	鼓膜準備
3:41	rapid eye rabbit	うわーこわそう
3:41	SATOU	おおぅ
3:42	あまなつみかん	くらーい
3:42	高速フーリエ変換	いいねぇー
3:42	ユズ	はやいw
3:42	M・A・Oマオ	がんばれ～
3:42	わかめ	なんかリアルだ！
3:42	月十字	急にワッと来そう
3:42	和み日和	あーこれはヤバい
3:43	いざよいさくや	こんな感じで進んでいきます。
3:43	妖精の灯り	まさかぁまだこないやろ（適当）
3:43	スーパーガク	夜勤事件より怖そう
3:43	T M	どこだここ？
3:43	雨宮恵	雰囲気がもうｗ
3:43	猫神楽	割と難しいよねこれ
3:43	カンザキシン	騒ぐなよｗ
3:43	北傘	とりあえず武器さがそ
3:44	mezzoforte	はじまた
3:44	エビ天	怖いね
3:44	わんたん	すごいな
3:44	ネムレス	結構リアルですね
3:45	シヴァ村卯月	いいぞ～これ
3:45	孤高の探索者	草
3:45	ろくじょう	安全地帯ないねーｗ
3:45	花吹雪	さっそくビクビクで草
3:45	ark0125	雰囲気ある
3:46	まこだいあ	草
3:46	MOTHERSHIP	楽しいねぇ
3:47	カラスは可愛いのですよ?	男鹿と牡鹿は別の場所なんだよなぁ・・
3:47	やまP	怖くないよ....
3:47	omi	もう草
3:47	GPE	これはこわい
3:47	レイザーRR	もうだいぶホラー感ある
3:50	タニシ	これはこわい
3:50	桜田マッコイ	がんばえー
3:50	さーもばりっく あっと 大艦巨砲主義	はやいw
3:50	トラフィック工場	ここどこだろ
3:50	やっさん	ぎゃーー！
3:51	あい	草
3:51	F K	サイレン味がある
3:51	飛鳥	草
3:51	レッドウッドへいぽう	ｳﾜｰ！
3:51	Takebon	さっそくｗ
3:51	れめれめ	暗いな、こわー
3:51	レモン	草
3:51	_lili_	相変わらず画面作りがすごいなあ
3:51	紫ユウキ	ホラー頑張って!	￥200
3:52	Kiichang	え？
3:52	妖精の灯り	草
3:54	十三姫	いきなり悲鳴ｗ
3:55	あきら	草
3:55	日神巫言	早い
3:55	ミツキ	草
3:56	越前康介	カメラ
3:56	ねみみん	情けない悲鳴＾～
3:56	なむ	草
3:57	桑原みー	前よりグラきれい
3:57	テーク	これは怖い…
3:57	ぬこばす	草
3:57	*しおちゃんのおとうとになりたいのですがいいですか?ねうです*		￥120
3:57	やあけ	はやいなあw
3:57	21	早いよwww
3:57	唐揚げ大好き	叫ぶの早いよｗ
3:57	なーく	早すぎるよｗｗ
3:58	順平	悲鳴早くて草
3:58	ギンジ	かわいいw
3:58	いろは	もう早い
3:58	ピコット	夜勤事件もこんな感じだったでしょｗ
3:59	おっ	テクスチャ綺麗で怖い
3:59	カラスは可愛いのですよ?	草
3:59	趣スケベマン	ガチで怖い奴や
3:59	ねこみらーじゅ	たすかる
3:59	ネムレス	頑張れー
3:59	黄月英	草
4:00	無名	がんばれ
4:00	七鳩	破ァッ！
4:00	彗星夜	はやいｗ
4:01	ユズ	ｼｬｧﾍﾞｯﾀｧｧｧｧｧｧｧ!!!
4:01	アイリス	ここが霊の家ね
4:02	ミロネロ	タケル殿ォ！
4:02	ろっきー	きつそう
4:02	ロザエ	ｼｬﾍﾞｯﾀｰ
4:02	hasuneみのOG	しゃべったー
4:03	やひろー	草ｗ
4:04	ねぎかつ	草
4:04	ウーパーマン	がんばれー
4:06	グレブナー基底	草
4:07	ぐらしあ	みてるこっちもやばいｗｗｗ
4:08	レッドウッドへいぽう	部屋汚いなあ
4:08	Nights -O	ワクワク
4:08	りべ	ここがあの女のハウスね
4:09	カマキリ星人	早すぎる
4:09	まるまる	夜勤事件とはだいぶ毛色が違うよ
4:09	煽り魂天	悲鳴助かる
4:10	やまP	暗いだけじゃん
4:10	ふむふむ	栞桜ちゃんこれ無理な気がしてきた(´・ω・`)
4:10	ほわちゃん 白よりも白い	ホラゲ全般無理だよぉ
4:11	トリフネ	雰囲気ありますねぇ
4:11	彗星夜	草
4:11	_lili_	安定のクリアリング
4:12	logos2501	鼓膜業務用買っておいて良かった
4:12	芋下きぬ	いい雰囲気だなー私も出来んタイプだ
4:12	筆記丸	お弁当温めそう
4:12	marianne van tienen	かわいい
4:12	gucchi7101	悲鳴頂きました〜
4:12	あきら	早くもで草
4:13	bon bon	じゃあ全部無理やんか
4:13	330	助かる
4:13	たい焼き袋詰	がんばれー
4:13	flame nessie	どういうタイプならいいの？
4:13	ほのぼのevening	ここがあの女のハウスね
4:13	moti ancoro	いっぱい悲鳴聞くから覚悟してねっっ
4:13	ぐぅたら	がんばれー！
4:13	ギンジ	悲鳴たすかる
4:14	K Tony	今やってるんだよなぁ
4:15	mezzoforte	かわいい
4:16	だいふく	もう心折れそう
4:19	ひっきー	レティクルが出ないタイプの一人称はｗ
4:19	レモン	これはヤバいタイプだ
4:19	テーク	怖すぎる
4:19	jik ken	人のいる痕跡が…
4:19	サナ	管轄外ですか
4:19	桃水	狭すぎる
4:19	ばどらっく	確かに狭すぎる
4:20	TMTあんばー	草
4:20	アモス	エンジン全開
4:21	ろくじょう	なんかありそうねーｗ
4:21	ダンデライオン	早速の悲鳴ありがとうございます
4:21	トリフネ	廊下はこんなもんだろｗ
4:22	のしろん	無理判定が速いｗ
4:22	しれいかん	かわいすぎる
4:23	ふるーり	急に冷静になるなｗ
4:25	mo's!	よわよわすぎる…
4:25	天城久秀	クリアリング頑張れ
4:25	k misawa	どういうタイプならいけると？
4:26	れめれめ	草
4:27	Takebon	リッカーいそう（バイオ脳）
4:27	ろっきー	がんばれ～
4:29	Masasi Sanada	ハイオクなの？
4:29	おおくそん	クリアできるのか？ｗ
4:30	月十字	ビクビクでかわいい
4:30	妖精の灯り	これは普通に怖いやつやん
4:31	璃月アフロ	負けないで	￥500
4:31	ruska	どういうタイプならいいの？ｗ
4:31	がんも	謎物件
4:32	ちゃんちゃんしおしお	ビビリかわいい
4:32	こーちゃ	栞桜ちゃんがんばって～！	￥500
4:33	KURO730	もたもたしてると来るよ
4:33	tomo hiro	ＦＰＳ経験者特有のクリアリングｗ
4:33	なーく	早い早いｗｗ
4:33	白石朔夜	後ろに誰かいるみたいですけど今日コラボ放送なんですか？
4:34	さっつん	キレッキレで草
4:34	タニシ	草
4:36	わんたん	ビビりすぎで草
4:36	山本たろう	冷静なツッコミ草
4:36	鶏冠（とさか）	夜勤事件と同じメーカーやけど、死ぬやつやで
4:37	アイリス	そういう作りだと栞桜ちゃん届かないやん
4:37	ふぁりゅ	神棚?
4:37	飲む牛乳	FPSです、これはFPSなんです(洗脳)
4:37	ちょるるるる	鼓膜セットOK‼️
4:38	sora neko	戦闘があるのか？
4:38	ぷるぷる運輸倉庫	怖がってる所楽しみたいけど見てるこっちも怖い
4:38	エビ天	頑張って～。私も苦手だけど頑張るよ。	￥200
4:39	ひっきー	カメラ…打つ？
4:40	ほしりん	急に冷静になって草
4:41	あナタのうシロにぱーそなる	開幕からめっちゃ悲鳴で草
4:43	やあけ	おお、珍しくマニュアルを確認している
4:43	帰宅RTA	ASMR！？
4:44	moti ancoro	とりあえず銃もっとく？
4:44	sion354	零かな
4:44	琵琶丸	退魔どこいった
4:44	ひひとと	急に建築構造の謎で素に戻るの草
4:45	犬川いずみ	急にちょっと冷静なの草
4:46	【 叶笑 】magica〝桜一色〟	負けないで
4:47	ろくじょう	写メ?ｗ
4:47	sルーク	迫力がすごいｗ
4:47	岩ネコ	ホラー苦手だけど栞桜ちゃんのリアクションで笑っちゃうｗ
4:47	トラフィック工場	カメラ?
4:47	パイライトテディ	カメラで幽霊退治する奴じゃない
4:48	やまP	ん！？
4:48	霧雨レイン	この人の作品は基本室内で逃げ回る系だよ
4:49	ElixiR /N	ダブルヘッダーお疲れさまです
4:49	ユズ	草
4:49	ザッハトルテ。	かわいい
4:49	筆記丸	草
4:49	妖精の灯り	カメラの音怖すぎるw
4:49	さこみ	ホラー配信がんばって！	￥1,140
4:49	司令_つかされい	撮影できるのか霊を
4:50	jik ken	心霊写真撮影するの？
4:50	白黒すろうりぃ	零かな？
4:50	アルシエル	なんか来てんなぁ
4:51	8 d	よわよわボイス＆悲鳴代	￥500
4:51	Nights -O	まだ何もないだろw
4:51	ふむふむ	零やったことない？
4:51	アイリス	カメラ揺れ揺れで草
4:51	コタケリョウ	カメラ？
4:51	レッドウッドへいぽう	声ｗｗｗｗ
4:52	レモン	カメラにそんな音いる…？ｗ
4:53	西都なつ	何も起きてないじゃないｗｗ
4:54	なーく	カメラを巻いてる感じかな？
4:54	Astral Clover	頑張れ〜
4:54	卜キサメ	進化しすぎじゃない(震え
4:54	シヴァ村卯月	かわいい
4:58	キャットフィッシュ	もうこわい
4:58	TMTあんばー	音が怖いｗ
4:58	嘘800	カメラの演出怖くて草
4:59	rapid eye rabbit	草
4:59	はむさんどたべろ	もうやだ～(´- `*)
4:59	かげ	かわいい
5:00	りんほん	逃げるとこなくて草
5:00	まに提督	フィルム巻く音？
5:00	ひっきー	ちょくちょく出るFPSムーブが好きｗ
5:01	ゆういち	見てる側もやられるかもしれん
5:01	グレブナー基底	零みたいな感じか
5:01	ギンジ	かわいい
5:02	T M	零みたいなゲームなのか？
5:02	メビウス1	まだ数分でこれは大丈夫なのだろうか・・・
5:02	黒乃メロ	射影機じゃないか
5:02	ねこみらーじゅ	カメラがあるから実質文花帖
5:03	指揮官B	フィルム巻くの懐かしい
5:06	びろーん	零やんけｗ
5:06	ショウハザヤ	カメラ構えるだけで怖いなこれ
5:06	彗星夜	草
5:07	彩りの民	頑張って！見てるよ～( ᐢ˙꒳​˙ᐢ )	￥500
5:07	西都なつ	え？
5:08	ぷるぷる運輸倉庫	懐中電灯遅延すんな
5:08	MOTHERSHIP	割と怖い
5:08	ゆういち	十三難民救済
5:09	ピコット	なんでや
5:09	Astral Clover	カルメ焼き作ろう
5:09	アイリス	何か置くタイプ？
5:09	MON JA	雰囲気ありますね
5:11	ユズ	草
5:11	なーく	死なないで
5:11	やまぶどう	なんでｗ
5:11	hhh sss	👹
5:12	ザッハトルテ。	掃除に使うのかな？
5:13	ffiore_game	壁のシミが人面になってそう
5:13	トラフィック工場	何すればいいんだろ?
5:13	たけどーら	なんでｗ
5:15	フォウマルハウト	お掃除とかで使わない？重曹
5:16	ダイス	夜勤事件よりはキッチンがしっかりしてるやん
5:16	bon bon	死ねってことw
5:17	首都ブラジリア	掃除しろって事でしょ
5:17	moti ancoro	重曹かければお化け消えるかもしれない
5:17	K Tony	重曹信者だったか…
5:17	wakki	今までのシリーズから難易度すげー上がってるから頑張れ
5:19	やまP	重曹で？
5:20	ばどらっく	死ねって事ってどういう
5:20	七夜シ琴	なぜww
5:21	まっしゅ	なんでそうなんねん
5:21	なむ	お掃除するんでしょ
5:22	ちゃんちゃんしおしお	重曹＝シネ？
5:23	帰宅RTA	雰囲気あるね
5:23	山本たろう	重曹は料理にも掃除にも使えるから
5:23	アモス	草
5:23	Astral Clover	草
5:24	ɥʇɹıᙠ	重曹は無害やぞ
5:24	ふぉのん	怨料🌸	￥1,140
5:24	西都なつ	そんなぁ…
5:25	いざよいさくや	草
5:25	sora neko	重曹が台所にあるのは別に
5:26	キャベツ	見てるこっちも怖いわ
5:26	エビ天	なんで重曹でしね？ｗ
5:26	れみちゃんと呼ばれたい446#NCB	あーもう冷蔵庫とか定番くせぇなぁもう
5:32	K Tony	ぜ、全然リアルじゃねぇ！
5:32	ぽーとぴあ	前より家っぽいね
5:33	rapid eye rabbit	草
5:33	GPE	草
5:33	トリウナギ	リフォームして
5:33	121mj	草
5:33	MOTHERSHIP	日本家屋はくる
5:33	Astral Clover	草
5:34	あまなつみかん	確かに草
5:34	ユッティ.夏月	実家に似ている
5:34	kyurukyurukyuru	零新しいのでないかな・・・
5:34	りべ	引き出しの中か？
5:34	ふぁりゅ	それとってでは?
5:34	カンザキシン	ｗ
5:34	あきら	草
5:35	ramna	よろしくお願いいたします。
5:35	無名	えぇ
5:35	コロナで無職マンの捨てふぁに	草
5:35	kero 1986	廊下狭すぎでしょｗ
5:35	クロン	ど田舎ならありそう
5:37	なーく	栞桜ちゃんの家こんなのじゃないんだ
5:37	なむ	リアリティないな
5:38	トリフネ	質感はそれっぽいね
5:38	T M	なんか差すんじゃない？
5:38	Nights -O	仲良くしよーよー
5:38	木更津ゆき	零だっけ、カメラでとるやつ
5:39	琵琶丸	生活感は漂ってますね
5:40	TX11 D11	なんか置くんじゃないの？
5:40	嘘800	こういう家はあるだろｗｗ
5:40	ろくじょう	これ一昔前の家みたいｗ
5:41	天城久秀	重曹はふつうにありますよ
5:41	いざよいさくや	へぇ、リアリティあるな（強者感）
5:42	ザッハトルテ。	草
5:42	くぅくぅ	今きた、バイオ
5:42	拡散の尖兵	ｳｧｰ
5:42	しれいかん	栞桜ちゃんをキッチンに立たせてはいけない
5:43	レモン	夜勤事件よりはるかに怖そう
5:43	猫神楽	重曹が台所にあるのは普通
5:44	ほのぼのevening	でもグラフィックがリアリティあるじゃん
5:45	ひっきー	色んな意味でキレッキレｗ
5:45	孤高の探索者	草
5:46	tk sakura	リアルな田舎
5:47	雨宮恵	かわいいなあｗ
5:48	年刊木材	草
5:48	mo's!	田舎のおうちこんな感じ
5:48	ひら野アマノ	実家感ある
5:49	無名	いるだろ
5:49	山本五十美	麻雀って魔除けにしいから大丈夫
5:49	tomo hiro	どっちやｗｗｗ
5:49	うみにん	夜勤より色々良くなってるねぇ
5:50	ちょるるるる	ウチの実家か。
5:50	KURO730	田舎の家ってこんなもの
5:51	ね ゙え ゙え ゙	栞桜ちゃんの鳴き声
5:51	Levith	情けない悲鳴助かる
5:52	ちゃんちゃんしおしお	あ゛ー！
5:52	鶏だしクリーミィ	秒で手のひら返して草
5:53	妖精の灯り	どっちだよw
5:53	彗星夜	草
5:53	Nights -O	草
5:53	あきら	草
5:54	Takebon	雑だなｗ
5:55	jyujyuhot	草
5:58	アイリス	昭和のゲームみたい
5:59	やひろー	なにでびびってるのか分からない時あるのじわる
6:00	ピコット	昔の家はそんなもんや
6:00	いろ	昭和の家って感じ
6:00	ろき	時々カエルが出てきて草
6:01	〆作	炊飯器がガス窯のやつだ
6:02	ププリンΩ	古い家こんな感じじゃね？ｗ
6:02	J MAEDA	草
6:02	筆記丸	はかないで
6:02	空飛ぶジョン	汚い家だなぁ
6:02	ぶるすぴ	古い家はわりとあるよ
6:02	ひっきー	吐かないで…
6:02	鶏だしクリーミィ	虹を？
6:02	田中太郎	kusa
6:03	テーク	雑な工事で草
6:03	銀月-Gingetu-	かわいいねぇ
6:05	やまぶどう	普通の換気扇やんｗ
6:06	mezzoforte	吐かないでｗ
6:06	Ryo	家の構造どうなっとんねｎ
6:06	jik ken	蛍光灯ついてる割に暗いなｗ
6:06	ふぁりゅ	吐くなw
6:06	真っ黒フウ	良い雰囲気だ
6:06	唐揚げ大好き	吐かないで
6:06	無名	家賃
6:06	あきら	吐くな
6:07	がくらた	かわいい
6:07	330	田舎そんなだよ
6:07	鷹綾	はかないで
6:07	レプタイル	草
6:07	marianne van tienen	吐かないで
6:08	でんでん	これは同じサークルの赤マントとか雪女やったことないとしんどいよ
6:08	びろーん	ぐにゃぐにゃさせる方が難しいだろ
6:08	しれいかん	助かる
6:08	GPE	吐かないで・・・
6:08	ささかま。	はかないで
6:08	捨てさん#	吐くの
6:08	七鳩	がんばってｗ
6:08	工場侵入	ﾜｰ
6:10	レッドウッドへいぽう	おえー！
6:10	ぷかpooka【ぷかぷーか】	田舎の家だとわりとある
6:10	拡散の尖兵	はかないで
6:10	ねこみらーじゅ	たすかる
6:10	のしろん	はかないで
6:10	やまぶどう	はかないで
6:11	なんたらかんたら公太郎EX	はいていいよ
6:11	Takebon	吐かないでｗ
6:11	ほのぼのevening	虹を吐いてけ
6:12	トリウナギ	吐くまで頑張らないで…
6:12	猫神楽	よわよわかわいい
6:12	花吹雪	口から虹出して
6:14	帰宅RTA	かわいい
6:14	ななみさん	草
6:15	クラインドルフ	開始5分で吐くなｗｗｗ
6:15	Nights -O	情けない声たすかる
6:15	花嫁の魔女	たすかる
6:15	hsn	草
6:16	あい	草
6:16	高速フーリエ変換	草
6:18	ゼラニウムがおー	相変わらずホラーよわよわですね
6:18	ShingoMk-Ⅱ	吐かないでw
6:18	あまなつみかん	和室はだめだよ？
6:18	チーズ美味しい	草
6:19	ori ori	boothで売って
6:19	木偶【デク】ロボ	ガンバ
6:19	ぷるぷる運輸倉庫	セーブポイント
6:19	明智光秀	はかないで
6:19	akki	草
6:21	ふぁりゅ	洋室なら良いのか
6:21	銀狐Ginko	声ｗｗｗｗ
6:22	テーク	洋室ならいいのか…？
6:22	二ム 毛玉	かわいい
6:22	ムームー	洋室なら良いのかｗ
6:22	ザッハトルテ。	かわいい
6:22	ほよよ	助かる
6:22	なーく	まだ始まってもいないでしょｗ
6:22	rapid eye rabbit	吐かないで
6:22	ムラ	吐かないでｗ
6:23	ふむふむ	頑張って
6:23	レモン	吐くのは需要が限られる
6:23	キャットフィッシュ	かわいい
6:23	筆記丸	🌈
6:23	紫ユウキ	まだ早いよ....
6:24	まに提督	その嘔吐受け止めよう
6:24	みのる	吐かないで飲んで
6:24	mo's!	はかないで
6:27	そのうち寂聴	草
6:27	氷水	怖いと思うから怖いんだよ、まだ何も起こってないよ
6:27	k misawa	まだ何も起こってないが
6:27	山本たろう	草
6:28	57 MYK	はかないで
6:28	ね ゙え ゙え ゙	草
6:28	アイリス	酷い間取りだｗ
6:28	Nehalem	よわよわ栞桜ちゃ、かわいすぎるんだが・・・ｗ
6:28	暁宵	普段と違う声出まくってて草
6:28	図書館動かない	吐かないで〜
6:29	K Tony	貯め気味のどぉしてすき
6:31	孤高の探索者	草
6:31	ケケ	吐かないで...
6:31	鶏丸	草
6:32	高速フーリエ変換	面白すぎない？
6:32	メビウス1	なんだろう・・・怖がる場面違くない？ｗ
6:32	西都なつ	頑張って
6:33	無名	なんでも怖がってる
6:33	妖精の灯り	世話しねぇなw
6:33	tassy	開幕から絶叫たすかる	￥500
6:33	おたき	まだなんもでてないぞｗ
6:36	MOTHERSHIP	草
6:36	ゆういち	なんて？
6:36	猫神楽	扉にびびらないでｗ
6:36	のしろん	なんて？
6:36	ぐぅたら	なんて？
6:37	tomo hiro	これはもう駄目かもわからんね
6:37	nyatra	和室かわいそう
6:37	a	ビビリギレ
6:37	又又	叫ぶのはえーよ
6:37	年[ネン]	かわいい
6:38	sion354	理不尽な文句しかいってない
6:38	mezzoforte	なんて？
6:38	桜田マッコイ	動線が悪いね
6:38	shimo 636	草
6:38	GPE	なんて？
6:39	みかさあいか	ごめんめっちゃ笑った
6:39	おは	情けない声
6:39	ろき	なんて？
6:39	ねみみん	日本語でおｋ
6:39	sora neko	なんか音がしたねぇ
6:40	いざよいさくや	なんて？
6:40	marianne van tienen	なんて？
6:40	のり塩	まだなにも起きて泣くね？
6:41	si n	まだ何も出てないのにw
6:42	ShingoMk-Ⅱ	なんて？
6:42	北傘	さっきから悲鳴しか聞こえないｗ
6:43	セオドル	なんて？ｗ
6:46	孤高の探索者	なんて？
6:46	Ryo	万物にびびってません？ｗ
6:47	フォウマルハウト	お、黒電話だ
6:47	シヴァ村卯月	かわいい
6:47	なーく	とりあえず落ち着けｗｗｗ
6:47	エビ天	細目？
6:47	琵琶丸	薄目ｗｗｗ
6:47	いざよいさくや	かわいい
6:47	がくらた	かわいい
6:48	21	爆笑してる
6:48	あきら	ちっちゃいめ
6:48	bon bon	かわいいw
6:48	高速フーリエ変換	かわいい
6:48	Josh	かわいい
6:49	がっち	細目な
6:50	くろらびP【okamotoon】	なんて？
6:50	やまぶどう	おちつけｗ
6:50	黄月英	かわいい
6:51	首都ブラジリア	まだ何にも出てきてないですけど…
6:51	空飛ぶジョン	かわいい
6:51	妖精の灯り	かわいい
6:51	MOTHERSHIP	ちっちゃい目て
6:51	___うちゅ	大丈夫かよこれｗ
6:52	璃月アフロ	うしろーうしろー
6:52	ふむふむ	草
6:53	mo's!	音のしてるほうに行くのか…
6:53	Natsukaなつか	かわいい
6:53	ろっきー	ちっちゃい目ｗ
6:53	omi	情けないのかわいい
6:53	あまなつみかん	ちっちゃいおめめかわいい
6:54	hsn	かわいい
6:54	ぐぅたら	ほんとかわいいな
6:54	BlueMonday	ちっちゃい目ってなんだよ
6:54	鶏冠（とさか）	バケツ置いておくね
6:55	jik ken	VRゲームなの？
6:55	リベア	こんばんはー
6:58	Akiteru Fjimoto	よーだかわいい
6:58	ark0125	ちっちゃい目かわいい
6:58	330	よわよわかわいい
6:59	なむ	もとから小さいでしょ
6:59	ゆういち	フラグｗ
7:00	K Tony	いつもの謎イキリ
7:02	MiZKi	音は聞こえたけどね
7:02	たい焼き袋詰	かわいい
7:03	肉謎	目かっぽじって
7:04	又又	そうだよ
7:04	カラスは可愛いのですよ?	今怖がる要素あるのかな？
7:04	琵琶丸	電話って使用できないのかな
7:04	りんほん	幻聴？
7:04	鶏丸	ちっちゃい目w
7:04	唐揚げ大好き	結構広い家だな
7:04	かーくんkaakun	まだなにも起きてないのこれというねw
7:05	さーもばりっく あっと 大艦巨砲主義	きのせいだよ多分
7:05	飲む牛乳	ちっちゃい目w
7:05	図書館動かない	なんだ、気のせいか
7:05	西都なつ	えぇｗｗｗ
7:05	おっ	くーさん連れてくるんだ
7:06	ムームー	キノセイキノセイ
7:07	猫神楽	ドアが自動で閉まったかな
7:07	無名	ま？
7:07	ゆういち	ん？
7:07	レモン	7時間！？
7:07	ろくじょう	まじかｗ
7:08	ギンジ	かわいい
7:08	ザッハトルテ。	長いなｗ
7:08	なーく	結構かかるんだ
7:09	Nights -O	そんなに
7:11	MiZKi	耐久配信助かる
7:11	wanhoho ojisan	マーブルチョコな栞桜ちゃんのおめめ
7:11	ゆういち	耐久では？
7:12	山本たろう	通る時に黒電話鳴ってほしかったな
7:12	21	そんな長いんだ
7:12	ソースキー	頑張って下さい	￥200
7:12	ふぁりゅ	７時間はむりだなw
7:12	もるぽん	7時間！？
7:12	あい	そんな長いんだ
7:12	Takebon	朝までコースか
7:12	あぎだどら	まじか
7:12	グレブナー基底	ながい
7:12	Gyamo丸	１時間もつかな
7:12	みかんみかん	耐久たすかる
7:13	あまなつみかん	じゃあ明日もかぁ...
7:13	のしゃ	ごめん俺だわ
7:13	のしろん	結構ボリュームあるんだね
7:13	司令_つかされい	そんなにかかるのか
7:15	びっくす	じゃあ明日もやろう
7:17	鶏だしクリーミィ	明日休みだから見れるよ
7:17	帰宅RTA	7時間は栞桜ちゃんしんじゃう
7:17	木更津ゆき	今日クリア出来なければ後日できるよ、やったね！
7:17	クーニャ	朝まで？
7:18	アイリス	長靴片方しかないのか
7:18	レプタイル	長丁場なんだ
7:18	sルーク	それは終わらないわ
7:18	Kisuke	まだ驚かせ要素ないの草
7:18	-いんきゃ	このゲーム開けた扉やタンスが時間経過で閉まるらしいよ
7:19	ばどらっく	って事は2,3回やるんだな…！
7:19	いざよいさくや	まぁ、クリアーまでは長いな
7:19	ひっきー	酒ｗ
7:20	トラフィック工場	長いね
7:20	指揮官B	耐久ですか…
7:20	Cloelia	長いｗ
7:20	ヘッポコ雀士ややや	すごい絶叫、まるでホラーゲームやってるみたい
7:20	ずん	夜勤よりも長いのか
7:20	つくだ煮	酒
7:22	トリフネ	酒！
7:22	芝ロッカー	シリーズ化ですかやったー！
7:22	TMTあんばー	耐久たすかる
7:22	ろくじょう	ｗｗｗ
7:24	_lili_	想定プレイ時間7時間は14時間くらいですかね……
7:24	TX11 D11	長いな～
7:24	無名	アル中
7:25	わんたん	セーブとかあるの？
7:26	銀月-Gingetu-	酒
7:26	国士無双	栞桜ちゃんの背後に何かいない？ とか脅してみるｗ
7:26	彩りの民	キリの良いところまでがんばろう
7:26	やあけ	栞桜さんの精神7時間持たなそうだなあ
7:26	たけどーら	草
7:26	缶こーひー	長いな
7:27	フォウマルハウト	２８時には終わるじゃん
7:27	クーニャ	酒
7:27	hsn	酒
7:28	MOTHERSHIP	長いのか
7:28	テーク	酒の存在感
7:31	図書館動かない	常温おくな
7:31	れをん	日本酒は常温ありやぞ
7:31	ザッハトルテ。	お酒常温でもええやんｗ
7:32	ありにゃ	昭和初期の住宅だの
7:32	sion354	バイオよりボリュームあるやん
7:33	Nights -O	火入れしてあるのなら良いんじゃない
7:33	やひろー	バイオ初回プレイくらいかかるのか・・・
7:33	ほのぼのevening	俺の実家に似てる
7:34	あおいの	酒は常温なんだよなぁ
7:34	ムームー	日本酒は常温でも良いよｗ
7:34	レイザーRR	GW中これやるってマジ？
7:34	Extra Rimy	広いな
7:35	Ryo	耐久かな？
7:35	琵琶丸	ヤバそう・・・牢？
7:36	あおい	かわいすぎる
7:37	ひっきー	和室…？
7:37	ふぁりゅ	酒は常温ですけどw
7:37	ぐらしあ	常温でおかせてくれｗ
7:37	バショウセン	そんな長いのか…
7:38	wakki	たしかセーブ機能なし
7:38	BlueMonday	酒は常温で良いんじゃ？
7:38	斎藤	つまり、何日かかけてやるんですね
7:38	パイライトテディ	広すぎじゃないか？
7:39	謙虚誠実	常温でもいいでしょw
7:39	天城久秀	お酒とおつまみ用意したので楽しみにしてます
7:40	ユズ	この家広いなぁ
7:40	司令_つかされい	とりあえず探索だな
7:40	璃月アフロ	セキュリティ万全
7:41	K Tony	アパートかな？
7:41	レミドール	さっきから建築へのツッコミ続いてるの草
7:43	クラインドルフ	広い家だな・・・
7:43	空飛ぶジョン	でかい屋敷だ
7:44	飲む牛乳	そんな長いのか、耐久大変ですね
7:44	Masasi Sanada	廊下ながいな～
7:44	ゆういち	声ｗ
7:44	無名	日本酒は冷やしたほうが旨いもんな
7:44	月十字	明日もやろ
7:44	のり塩	草
7:44	やまぶどう	平屋じゃないんだ
7:44	えびび大福	朝までコースか
7:44	もちもち	耐久助かる
7:45	万年草	酒は常温でええよ
7:45	嘘800	鉄格子・・・？
7:46	Astral Clover	お酒は常温でも大丈夫よ
7:46	jik ken	鉄格子のある民家…
7:46	たかやん	広いな、、
7:46	ププリンΩ	そっち開きｗ
7:47	やまP	草
7:47	たい焼き袋詰	草
7:47	北傘	怖いかどうか以前に迷いそう
7:47	こーちゃ	朝四時までかあ・・・
7:47	トリフネ	結構長いゲームなんだ
7:48	アンデッ藤	お酒なら常温でもよくない？
7:48	gsr400tune	異次元に繋がってるね(^-^;
7:48	沢柳水面	草
7:49	南四暗緊急事態	なんかやったら広いｗ
7:53	雷覇龍	こうゆう系は画面見てると酔うので音だけ聞いてるね。・・・こ、怖くなんていよ（震え）	￥200
7:53	がっち	欠陥だこれ
7:53	あおい	かわいすぎる
7:54	古鉄	ドアの開き方向でもビビるのか…
7:55	ささかま。	ビフォーアフターしなきゃ
7:55	犬川いずみ	独特な作りの家だね
7:55	ちゃんちゃんしおしお	普通の人で7時間だと栞桜ちゃんじゃ・・・
7:56	雷都	空き巣かな？
7:56	アモス	生活感ある
7:56	唐揚げ大好き	開けたら閉める
7:56	琵琶丸	居間・・・・？
7:56	国士無双	廊下の途中に襖があるのは変だなｗ
7:57	西都なつ	どうしようね？
7:57	ひっきー	掃除機出しっぱなしかー
7:58	かーくんkaakun	隣で唐突に「うおおおおおおおお」って叫んであげたい
7:59	ruska	長い廊下はこわい
7:59	やあけ	廊下狭いな、たしかに
8:00	アイリス	ドア開けたらバーンなるやん！
8:00	ポテト	そこにツッコム⁉️
8:00	tk sakura	昼間ニーアで無双してたとは思えないｗ
8:00	ふぁりゅ	目的がわからんな
8:00	あきら	おちついて
8:02	ギンジ	草
8:02	torysun	見れば開く方向わかるだろｗ
8:03	K Tony	開封したら冷蔵じゃない？
8:03	Astral Clover	今日で終わるかな
8:03	妖精の灯り	懐かしいタイプの掃除機
8:03	J PR	朝までやれば明るくなってきて怖くなくなるんじゃね？
8:04	まるまる	アプデでセーブできるようになったぞ
8:04	フォウマルハウト	やっぱり掃除しようとしてる
8:04	User	草
8:07	みのる	和風なのに和風っぽくない作りだな
8:07	猫神楽	棚とか調べられるよ
8:08	暁宵	バイノーラルホラー配信して耳壊しても良いよ
8:08	雨宮恵	隅っこはおちつく
8:08	図書館動かない	なるほどね
8:09	ゼラニウムがおー	いい広さの家だ
8:09	いざよいさくや	息切れ助かる。
8:10	Takebon	黒電話いっぱいあるね
8:10	rapid eye rabbit	昭和っぽいね
8:10	らん	リアリティあるな
8:12	はるめたる	いったんお茶でも飲んで落ち着く？
8:12	伊奈ぴょん	ホラーゲームで家の間取りは意味持たないｗ
8:12	あまなつみかん	エンディングまで泣くんじゃない
8:13	たけどーら	すでに泣きそう
8:13	tomo hiro	廃屋なの？生活感あるな
8:14	nico nico	真っ暗だぁ
8:15	アイリス	きたねえ
8:16	かーくんkaakun	がんばれ👊😆🎵
8:17	天城久秀	こわいよ～～～
8:17	〆作	田舎の方にある古い家がこんな感じだ
8:20	パイライトテディ	この主人公女性？
8:20	わんたん	今のところ平和ですね
8:20	一ノ瀬	電気ついてる部屋の暗さじゃなくて草
8:21	りんほん	これ迷うわ
8:21	斎藤	こんな感じかー
8:21	拡散の尖兵	ﾊｯ
8:21	ろくじょう	家の中で迷子？ｗ
8:22	ネムレス	これは迷子になりますね
8:22	西都なつ	ﾊｯ！
8:22	Nights -O	広いな、そして汚い
8:23	ひっきー	脳内MAPがすでに怪しい…
8:23	飲む牛乳	広すぎる
8:25	ゴリラのきゃんの	まぁ田舎の家やし
8:25	ふぁりゅ	これ絶対迷うな 私もうわかんねえもん
8:25	高速フーリエ変換	何しても息飲むじゃん
8:26	大谷刑部吉継	いまきた、こんばんわ〜
8:27	いざよいさくや	いちいち息をのむの草
8:28	木偶【デク】ロボ	ようわからん間取りや
8:28	ふむふむ	特殊な作りをした家となっております
8:29	おたき	昔の家は広いよね
8:30	nico nico	バイノーラルホラーは草
8:30	無名	これどういうゲーム
8:30	F K	動きがFPSで笑う
8:31	K Tony	畳の敷き方おかしないかｗｗ
8:31	なむ	ﾊｯ
8:34	tk sakura	さすがに汚いすぎるなｗ
8:34	たかやん	押入れこっわ
8:35	ダイス	相変わらずFPSみたいな動きするホラー配信やな
8:35	Astral Clover	ちゃんと掃除しようよ
8:36	レモン	とりあえず角で落ち着くのなんでｗｗｗ
8:36	トリフネ	畳きったな
8:38	としn	クリアリングしっかり
8:39	サナ	？
8:39	ユーミン	草
8:39	月十字	方向音痴には辛い家
8:39	クリスティン.	草
8:39	アイリス	え？
8:39	がくらた	うーんいい悲鳴
8:39	猫神楽	かなり広いねぇ上もあるしねぇ
8:40	Masasi Sanada	どっかあいたね
8:40	Nights -O	なんか開いた！
