-0:32	みやまちかげ	はーい
-0:31	ネムレス	りょ
-0:31	あまなつみかん	はい
-0:29	21	了解
-0:28	wildcat5314	りょ
-0:28	ありにゃ	待機
-0:27	sルーク	たのしみだー
-0:27	みーや	はいよー
-0:27	やまP	はーい
-0:26	麻雀ビギナーしょーしょん	りょーかいでーす！
-0:25	CarMania E-NA1	さあしおしおしてきた
-0:24	ちゃぼうず_cyabouzu	あいあいさー
-0:23	年[ネン]	はーい
-0:23	Aqua_	楽しみ	￥200
-0:21	a Kapp	見れなかったーなんて言ってた？
-0:20	[ ][ ]	こんばんはー
-0:20	かえるライダー	楽しみ～
-0:20	Nights -O	しおしおっ
-0:20	ななみさん	はーい
-0:20	やあけ	了解です
-0:18	いざよいさくや	了解
-0:17	カンザキシン	あいよ
-0:17	shinya 52	たのしみ
-0:16	グラン	待機
-0:16	tora emon	栞桜さん男の娘説？
-0:15	765 ksk	待機ー
-0:15	Westeria	夕飯急いで食べて間に合った
-0:15	じぇのあ	まにあったー
-0:15	グレブナー基底	りょ
-0:14	キョン	待機
-0:14	春季限定のりしお風味	しおしおしてきた・・・
-0:14	調律	おｋ
-0:13	タニシ	了解です
-0:13	麻雀ビギナーしょーしょん	しおっしお
-0:12	さーもばりっく あっと 大艦巨砲主義	はーい
-0:12	ハテナ	
-0:11	飛鳥	了解です
-0:11	四季綾ノ乃	わくわく
-0:10	剛田かげろー	待機〜
-0:10	kazenui	こんばんわー
-0:08	ノカゼ	何か言ってたので？
-0:08	しゃの	おｋ
-0:07	tsidium	しおしおしてきた…
-0:05	桜もち		￥200
-0:05	レモン	音量とか言ってね！って言ってましたわ
-0:04	ぬこばす	待機
-0:04	そぉぽろー	音量なんかあったら言ってだって！
-0:04	セオドル	はいよー
-0:03	si n	しおしおっ
-0:01	コンドル	( ﾟДﾟ)ゞ
0:04	エバスグラブル勢	はーい
0:05	いとのこ	こんばんはー
0:06	ねる	ちおちお
0:08	なひいす	taiki
0:08	キャベツ	待機
0:08	ピコット	なんとか間に合った
0:09	トリウナギ	音量小さかったりしたら言ってくれってさ
0:10	きっず	漢気は役満だけじゃないところ楽しみにしてます
0:10	せきれい	​待機
0:13	架空の人物	音量大きかったら言ってねーって
0:14	a Kapp	了解！ありがとうです！
0:14	Alex Ross	きた！
0:16	ヨシムネ	楠栞桜 / Kusunoki Sio ​もし音量小さいとか誰が大きいとかあれば、コメントしてください～！こちらでこっそり調整します！ だって
0:17	gigax2	こんばんわー
0:17	ななみさん	こんばんは🌸
0:19	風見	こんばんはー
0:20	くろう	こんばんは🌸
0:20	花吹雪	こんばんはー
0:20	Toccsch	こんばんは〜
0:21	Flanve F	キター
0:21	卜キサメ	こんばんはー🌸
0:21	とろろ	こんばんは～🌸
0:21	破竹ヤヨイ	了解。
0:22	紅茶カルピス	間に合った
0:22	ark0125	こんばんは
0:22	HAYASHI TTT	来た！
0:23	国士無双	こんばんは～
0:23	ミュウ	こんばんは
0:23	真っ黒フウ	こんばんはー！
0:24	グリヴェン	こんばんはー！しおしおー！
0:24	Josh	こんばんはー
0:24	ほぷる	きちゃー
0:25	マルコポーロ	きちゃ
0:25	ramna	よろしくお願いいたします。
0:25	あのんまのんver.II	こんばんはー🌸
0:26	りんご田べる	こんばんは🌸
0:26	グレブナー基底	こんばんは
0:27	ノカゼ	なるほどありがとうございます
0:27	あぎだどら	漢気代	￥200
0:27	なさ	待機
0:27	ほぷる	こんばんは～
0:27	カマキリ星人	こんばんは🌸
0:28	〆作	こんばんはー
0:28	gk _y	こんばんはー
0:28	かえるライダー	きたああああああああ
0:28	のしろん	こんばんはー
0:28	うみとり	こんばんは
0:28	彗星夜	こんばんはー🌸
0:29	てれぽん	こんばんは～
0:29	みのる	こんばんはー
0:29	MON JA	こんばんはー
0:29	桜田マッコイ	こんばんはー🌸
0:29	順平	こんばんは🌸
0:30	rapid eye rabbit	こんばんは🌸
0:30	くろしば	こんばんはー🌸
0:30	トゥートゥー	こんばんは～
0:30	Tsubasa		￥1,000
0:30	とき	きたああああああ
0:30	Akiteru Fjimoto	こんばんは🌸
0:30	Lotusロートス	こんばんは
0:30	岩ネコ	こんばんはー🌸
0:31	やまP	こんばんはー🌸
0:31	いのてん	こんばんは！
0:31	ひかりみ	きたー
0:31	キャベツ	こんばんは
0:31	サナ	こんばんは
0:31	O B	こんばんはー
0:31	sora neko	音量のバランス悪かったらコメント頼む，とのこと
0:31	†すぱいらる†	こんばんは～
0:32	ささかま。	こんばんはー
0:32	桑原みー	こんばんは〜
0:32	とろTak庵	こんばんは🌸
0:33	mezzoforte	こんばんは～🌸
0:33	あまなつみかん	こんばんは
0:33	ふぉのん	こんばんはー🌸
0:34	おからごはん	こんばんは
0:34	Kudrjavka	こんばんはー🌸
0:34	ものくろP	こんばんは～
0:34	kai	こんばんはー
0:34	あむねこ	こんばんはー
0:34	趣スケベマン	こんばんは
0:34	鶏だしクリーミィ	こんばんはー🌸
0:34	凹凸「ぼこでこ」	こんばんはー
0:35	tsidium	きちゃー！
0:35	タカぴー	こんばんはー
0:35	sa	こんばんは🌸
0:36	moccyann	こんばんわー🌸
0:36	Rubin	こんばんわ🌸
0:37	レプタイル	こんばんはー
0:37	reo sho	こんばんは
0:37	ぬこばす	こんばんは
0:37	nao 77	こんばんは
0:37	Nights -O	こんばは〜
0:38	密室少年	きちゃ
0:39	はるめたる	こんばんはー🌸
0:39	桜花ありす	こんばんは～
0:39	桜色の図書館	こんばんは
0:40	mo's!	こんばんはー🌸
0:40	コタケリョウ	こんばんわあ！！！
0:40	いざよいさくや	こんばんは
0:40	ふらう	こんばんはー！
0:41	芋下きぬ	漢気みせてつかんさい	￥370
0:41	ローズマリー	こんにちは🌸
0:41	さーもばりっく あっと 大艦巨砲主義	こんばんはー🌸
0:41	柳裕	こんばんは。
0:42	みやまちかげ	こんばんはー🌸
0:42	ダンデライオン	こんばんはー
0:42	ぐぅたら	こんばんはー🌸
0:43	Astral Clover	こんばんは〜
0:43	矧さん	こんばんわー
0:43	LaFr4nc3	こんばんは🌸
0:43	ふにれい	こんばんは
0:43	ヨシムネ	こんばんは
0:43	T.T.F.	こんばんはー
0:44	CarMania E-NA1	こんばんはー🌸
0:44	搾りかす	こんばんは～
0:44	Evac 1899	こんばんは🌸
0:44	ネムレス	こんばんはー
0:44	やまP	こんばんはー🌸🌸
0:45	つるさん	こばわ〜
0:45	吐露非狩古鬱	こんばんは🌸
0:45	Alex Ross	こんばんわー
0:45	ういろうおにぎり	こんばんはー！
0:46	春季限定のりしお風味	こんばんわん
0:47	華夜絲	こんばんは～🌸
0:47	GPE	こんばんはー
0:47	Red eyes	こんばんは～
0:47	ミュウ	BGMは問題ないですね
0:47	芋けんぴ	こんばんは〜🌸
0:48	ShingoMk-Ⅱ	こんばんは🌸
0:48	清水めだか	こんばんは
0:49	まどぶち	こんばんはー
0:49	植物	こんばんはー
0:49	みささんべ	こんばんは🌸
0:49	pandoゴネーシャ	こんばんはー
0:49	生姜	こんばんわー
0:49	zu ki	こんばんは🌸
0:50	Dunbouru	こんばんは
0:50	るあし。	こんばんはー
0:51	そぉぽろー	こんばんは
0:51	ありにゃ	こんばんはー
0:52	エバスグラブル勢	こんばんはー🌸
0:52	こっぺり	こんばんは
0:52	marianne van tienen	きちゃああああああああ
0:52	高速フーリエ変換	こんばんは！！
0:53	とき	こんばんは
0:53	YUKINO	こんばんは
0:53	帝龍姫	こんばんはーさくらあ
0:53	らうめん	こんばんはー
0:53	PeR	漢気なら裏もたくさんのる？
0:54	こやこや	間に合った～～
0:54	あぎだどら	こんばんわー
0:54	ruska	こんばんはー
0:55	Cloelia	こんばんはー🌸
0:55	紅生姜	間に合った
0:55	M・A・Oマオ	こんばんは
0:55	MOON hs	こんばんは🌸
0:55	シンザ	こんばんはー
0:55	いっちゃん	こんばんはぁ
0:55	「み」の字 / MINO-G	こんばんわ🌸
0:55	四号	こんばんは
0:56	麦ちゃ	こんばんわー
0:56	剛田かげろー	こんばんは
0:56	さくらいむ	こんばんは🌸
0:56	こーちゃ	こんばんわー🌸
0:56	飛鳥	こんばんはー🌸
0:56	Mr. yakushasu	こんばんはー
0:56	アイスアイス	こんばんはー
0:57	oggie thekoosey	こんばんはー
0:57	姫ノ木あく	こんばんはー🌸
0:57	おg	こんばんは〜
0:58	シンシア	こんばんはー
0:59	Fumy H	こんばんはー🌸
0:59	くるん	こんばんは～
0:59	杏【きょう】	こんばんわ！🌸
1:00	アイラ	こんばんはー🌸
1:00	テーク	こんばんは～🌸
1:00	桜夏	こんばんは〜！	￥250
1:01	グリヴェン	こんばんはー！
1:01	ちゃんちゃんしおしお	こんばんはー	￥200
1:01	白くま	こんばんわー！
1:01	どんぐり1986	こんばんは🌸
1:02	ミド	こんばんは
1:02	トリウナギ	きちゃ
1:02	パイライトテディ	こんばんはー
1:02	Z旗・ぜっとき	こんばんは～🌸
1:02	サニブ	こんばんはー！
1:02	レモン	こんばんは～🌸
1:03	おおくそん	こんばんは🌸
1:03	西都なつ	こんばんは
1:03	なーく	こんばんはぁ🌸
1:03	si n	こんばんは～
1:03	みーや	こんばんは！🌸
1:04	やまぶどう	こんばんはー
1:04	ぎん	こんばんはー🌸
1:04	sora neko	こんばんは🌸
1:05	もるぽん	こんばんは～🌸
1:05	マクリア参[開発部]	こんばんは
1:05	クロン	こんばんは～
1:05	茉名.まな.	こんばんはー🌸
1:06	そら	きちゃ！
1:06	トリウナギ	こんばんは～
1:06	やあけ	こんばんわ
1:07	トリフネ	こんばんは🌸
1:07	如月陸		￥500
1:07	shigure tokiame	こんばんは～
1:07	彩りの民	こんばんは～🌸
1:08	765 ksk	キャー
1:08	かずとです。	こんばんはー🌸
1:08	アルゴノゥトチームGospel	こんばんは🌸
1:08	yamappii	栞桜ちゃんが漢気に目覚めると聞いて
1:08	ガチ勢OSARU	変態麻雀（褒め言葉）まってました！
1:08	みなせ	こんばんはー🌸
1:09	あつ	こんばんはー
1:09	暁宵	こんばんは～
1:09	原子番号26	こんばんはー🌸
1:09	やまP	こんばんはー🌸🌸🌸
1:09	シロクマ	こんばんは～
1:10	いざよいさくや	きたわね
1:10	ようχ	こんばんはー
1:11	じゃーく	こんばんは
1:11	姫ノ木あく	聞こえてますー
1:12	四季綾ノ乃	聞こえてますー！
1:12	21	BGM消えた？
1:12	明日カン八郎	こんばんはー
1:13	SHINJI.K	こんばんは🌸
1:14	年[ネン]	こんばんは🌸
1:14	ほぷる	こんばんはー
1:14	寿司丸	いよっ！
1:14	serion	こんばんはー🌸
1:14	リベア	こんばんはー
1:14	えびび大福	こんば～んは
1:15	はりはり	こんばんはー
1:15	北石	メイカちゃん！
1:15	ロザエ	こんばんは～
1:15	えぬたっと	こんばんはー！
1:15	皇	こんばんは🌸
1:15	くろしば	きたー！
1:16	Ryo	こんばんはー！
1:16	121mj	こんばんは
1:16	shimo 636	こんばんわ～
1:17	台湾の社畜	こんばんは！
1:17	郭々	こんばんはー🌸
1:17	8 d	こんばんは
1:17	HAYASHI TTT	こんばんは🌸
1:17	シラン	こんばんは
1:18	とき	勢いがすごい
1:18	バルビン	こんばんは
1:18	ザッハトルテ。	こんばんはー🌸
1:19	6th iPodder	こんばんは～🌸
1:19	蓮	こんばんは～🌸
1:19	GALM1 Cipher-ガルム1 サイファー-	こんばんわー	￥250
1:20	お前ら_	こんばんは🌸
1:20	雨宿紗和/Amayadori Sawa	こんばんは🌸
1:20	箒星.ホウキボシ	こんばんは〜
1:20	あまなつみかん	しおちゃんの声がきこえないです
1:20	ori ori	こんばんはー🌸
1:20	チィヤ	こんばんは！
1:20	Westeria	メイカさんの声だけ聞こえてます
1:20	司令_つかされい	ミュート？
1:20	ふぅと、ため息	こんばんは～！
1:21	CarMania E-NA1	メイカちゃんきた！
1:21	りべ	おこんばんわ
1:22	ポン酢	ばんわ
1:22	かぷ	こんばんは🌸
1:22	首都ブラジリア	こんばんは
1:22	方向音痴	きたわね
1:23	No Name	こんばんは〜
1:24	みかんみかん	こんばんは！
1:25	Ba2O[ばつお]	こんばんはー！
1:25	Jジェイ	こんばんはー！
1:26	くぅくぅ	きたあ！
1:26	あむねこ	こんばんはー！
1:26	狂詩曲	こんばんは
1:26	サイン	こんばんはー！
1:27	いざよいさくや	実質
1:27	響える	こんばんわー
1:27	Nights -O	メイカさんの声はおkそう
1:28	しょみん	こんばんはー
1:28	Flanve F	役満惜しかったなぁ
1:28	やあけ	メイカさんの声しか聞こえない
1:28	北傘	こんばんはー
1:28	Levith	こんばんは
1:29	マロニエ	栞桜ちゃんミュート？
1:29	麻雀ビギナーしょーしょん	草
1:29	河内の国ひめみこ	こんばんはー
1:30	kuromen	誰だよ(すっとぼけ
1:30	おっ	こんばんはー
1:30	21	メイカさん聞こえてます
1:30	肥田	🌸
1:30	みささんべ	栞桜ちゃんの声が聞こえてない？
1:30	しゃかぽこ	「漢」楠に期待	￥1,140
1:31	グレブナー基底	栞桜ちゃんの声が
1:31	あのんまのんver.II	リベンジマッチだ
1:31	sルーク	こんばんは～！
1:31	芋下きぬ	こんばんわー
1:31	ねみみん	メイカちゃん主催なのか
1:31	くろらび【おかもとぅーん】	こんばんは〜
1:32	今日のカカシ	こんばんは～🌸
1:32	グラタン星人	こんばんわー🌸
1:33	ぶどー	メイカちゃん自分の枠はじまってないんだがｗ
1:33	Ryo	リベンジだ！
1:34	幽谷響	こんばんは〜
1:34	みやまちかげ	庭w
1:35	おおくそん	””庭””
1:36	お茶漬けティッシュ	こんばんわー
1:36	Rydeen2222	漢気あるな
1:36	にいやまざくろ	こんばんは〜
1:37	K Tony	こーんばんはー
1:37	やあけ	あ、きこえた
1:38	西都なつ	漢気とは
1:39	ちゃきちゃき	こんばんわ
1:39	keg-on	男気の庭
1:39	ものくろP	でもお前の庭始まってないぞ
1:39	ちゃぼうず_cyabouzu	こんばんはー！
1:39	Nights -O	栞桜ちゃんの声もおkそう
1:40	PeR	え？
1:40	友利匡志	こんばんは〜
1:40	グレブナー基底	きこえたわ
1:40	みかんみかん	え？
1:40	BlueMonday	BGM消えた
1:40	とな関	コラボ代	￥500
1:40	国士無双	聞こえた！
1:40	アマリリス	え！？
1:41	K Tony	は？
1:42	rapid eye rabbit	ふつうの麻雀とは
1:42	ちゃんちゃんしおしお	ん？
1:42	ようすけ	ん？
1:42	なーく	普通…？
1:42	趣スケベマン	え？
1:43	あのんまのんver.II	？？？？
1:43	杏【きょう】	普通…？
1:43	とろろ	普通の麻雀…？
1:43	tsidium	草
1:43	765 ksk	は？
1:43	りんねん	えっ
1:44	レッドウッドへいぽう	普通？
1:44	メイダイン	普通とは…？
1:44	Kiichang	え？
1:44	Rh0a Phallaina	…普通の？
1:44	もののおのの	こんばんはー
1:44	k-10	普通の麻雀とは
1:44	花吹雪	がんばれー！
1:45	ゴリラのきゃんの	女の子やぞ
1:45	阿部直人	え？
1:45	四季綾ノ乃	メイカさんこんばんはー！
1:45	紅生姜	普通とは…
1:46	nannなん	快諾たすかる
1:46	〆作	普通かな…？
1:46	暁宵	普通の麻雀……？？
1:46	元気だしてこ	がんばれｗ
1:46	nnn IORI	こんばんは
1:46	昼行燈	漢気溢れてんねぇ！
1:46	小咲	普通･･･？
1:47	みなつき	普通？
1:47	中山六郎	6シャンテンから国士狙うと聞いて
1:47	みささんべ	声聞こえた
1:47	ShingoMk-Ⅱ	え？
1:47	beryl maxixe	こんしおー
1:47	原子番号26	普通の...
1:47	ありにゃ	普通の
1:48	マイケル	普通とは？
1:48	レモン	草
1:48	さざなみ	普通（4面打ち）
1:49	グリヴェン	ええええｗ
1:49	チーズ牛丼	草
1:49	George Black	普通の？
1:49	散髪屋	？？
1:49	Jジェイ	えええええええええええええ
1:50	murabitoaaa	一番の漢気を期待してる
1:50	はりはり	草
1:50	桜田マッコイ	普通?
1:50	ちっそむし	草
1:50	sora neko	あれが普通…だと…
1:50	くぅくぅ	聞こえた
1:51	りんご田べる	こんばんは～🌸漢気見せて～！
1:51	やまP	草
1:51	イトツクリ	普通
1:52	もののおのの	やはりおっさん
1:52	こーちゃ	ふつう？
1:52	ひかりみ	草
1:52	ひっきー	まさかのｗ
1:52	くろしば	草
1:52	雨の宿り木	草
1:52	とき	草
1:52	ぐぅたら	草
1:53	23びーむ BEAM	草
1:53	ろくじょう	おっとｗ
1:53	みやまちかげ	えぇ？
1:54	Jippa	この前耐久やったし大丈夫やろ
1:54	ずん	草
1:54	グリヴェン	それはあかんやつや！！ｗ
1:55	ソラ	草
1:55	yoshi	普通…？？？
1:56	そぉいれんと緑	おかしいなと思ったｗ
1:57	乙くん	草
1:57	はえよい	何年配信やってんだよwww
1:58	マギー	草
1:58	しょーちゃん	草
1:59	ハヤハル	普通・・・？
1:59	ふぅ	一人おっさんやんw
1:59	もるぽん	TAKE2
1:59	りべ	草
1:59	咲戸田まふ	草
1:59	にいやまざくろ	配信始めてない！？
2:00	おじゃむー	普通の？
2:00	南四暗緊急事態	嘘だろぉ！？
2:00	マケゐヌ	草
2:00	second	草
2:00	Akiteru Fjimoto	草
2:01	ちぇ	草
2:01	高山一樹	普通…？
2:01	omi	草
2:01	dearaed	普通？
2:02	しぐの	草
2:02	Jippa	ｳｯｿ
2:02	やまぶどう	うそだろｗ
2:02	けうやぎはすり	うそだろｗｗ
2:02	レッドウッドへいぽう	配信初心者か？
2:03	ひっきー	完璧な挨拶からの…ｗ
2:03	ライとレフと	草
2:03	murabitoaaa	そうそう
2:03	すしゅ	草
2:03	りんほん	えぇ…
2:04	ほぷる	漢気ある開幕
2:04	エビ天	草
2:04	おぜじゅん	嘘やんww
2:04	ノカゼ	草
2:04	春季限定のりしお風味	まじか！またかって草ぁ
2:04	みささんべ	草
2:04	fNaNaf	今のところ・・・？
2:05	河内の国ひめみこ	GEで初めて見ましたー
2:05	サイン	草
2:05	メイダイン	草
2:05	蜷川【にながわ】タンヤオおじさん	普通の麻雀？？
2:05	とぴあ	えっ
2:05	方向音痴	草
2:05	さざなみ	草
2:05	さみゅ	草
2:06	趣スケベマン	配信初心者かよ
2:06	まるかね	普通……？
2:06	Nights -O	おいおいwww
2:06	aki aki	さすが漢気
2:07	うずにゃん	草
2:07	不思議の国の人形	ゲーム音がほぼ皆無な感じか
2:07	北石	草
2:07	飛鳥	草
2:07	首都ブラジリア	えぇ？
2:08	ロジー	草
2:09	gigax2	草
2:09	芋下きぬ	メイカちゃん！？
2:09	Kudrjavka	草
2:09	なじー	草
2:10	金色犬	そんなこと有る！？
2:10	帝龍姫	草
2:10	shimo 636	草
2:10	murabitoaaa	３窓してたらか思ったわ
2:10	国士無双	最初の振りが台無しに・・・ｗ
2:10	大井御茶	司の立ち絵がないよｗ
2:11	響える	草
2:11	yamappii	そんなことある？ｗ
2:11	日本酒美味しい	ひどいｗｗｗｗ
2:11	クロオビ	うそやん
2:11	シンシア	草
2:11	serion	草
2:12	デルタ・ブラボー	普通？
2:12	rapid eye rabbit	うっそだろｗｗｗ
2:12	Dunbouru	草
2:13	ぐぅたら	そんなことある？w
2:13	豆雪	配信初心者かな？
2:14	つるさん	草
2:14	五流権蔵羅-Gorgonzola-	一人おらんけど
2:14	司-つかさ-	草
2:14	Westeria	本末転倒すぎるｗｗｗ
2:14	Midgardミッドガルド	草
2:16	GPE	そんなことある？ｗｗｗｗｗｗｗｗ
2:16	倉木友紀	これが配信者って大丈夫？
2:17	青酸カリ	一番あかんやつやん
2:17	ありにゃ	おはくず
2:17	佐々木亨ささきとおる	草
2:17	moccyann	漢気という名のおっさん力期待してます	￥1,140
2:18	みやまちかげ	配信初めてかな？
2:18	レプタイル	これが漢気かぁ
2:18	Oolong Tea	漢だ
2:18	チモシーほおばっ太郎	漢 みせたれ！ 楠 栞桜！	￥250
2:19	吐露非狩古鬱	草
2:19	ささかま。	おはくず…
2:19	桜色の図書館	これが漢気？
2:20	ちゃんちゃんしおしお	草
2:21	花吹雪	これは漢気だわ
2:21	ほぷる	草
2:21	かえるライダー	草
2:21	kuromen	むしろわざとか
2:21	Cloelia	草
2:21	taka32 S	草
2:21	のいん	こんばんは～
2:21	Josh	草
2:21	sルーク	草
2:21	ロザエ	イキりまくってるｗ
2:22	リベア	草
2:22	ns zn	漢気が強すぎるｗ
2:22	おおくそん	アピールしていくぅ
2:22	トリウナギ	マウントとるじゃんｗ
2:22	Zyun_jun_25	こんにちわ〜
2:23	soon	草
2:23	ねる	うぜーｗｗ
2:23	keg-on	お"は"く"ず"…！
2:23	ひっきー	盛っていくｗ
2:23	あのんまのんver.II	煽っていくｗ
2:23	tsidium	草
2:23	ザッハトルテ。	うぜえｗｗ
2:23	21	草
2:24	藍川絆	予選ｗ
2:24	さざなみ	草
2:24	司令_つかされい	草
2:24	なひいす	あおっていくうう
2:25	やまP	予選かよｗｗ
2:25	marianne van tienen	いきるな
2:25	huka	お"は"く"ず"
2:25	ふぅと、ため息	煽るねぇ
2:27	メイダイン	まうんととってくるやんけ
2:28	なーく	すーぐイキるやんｗ
2:28	なさ	煽るやん
2:29	P Nagatuki	まだ言ってて草
2:29	shimo 636	草
2:29	ぽっく	ぎっちゃいw
2:30	sakkon	うぜーｗｗ
2:30	Rh0a Phallaina	お前もやないかい
2:30	あむねこ	草
2:30	植物	草
2:31	おいねこ	草
2:31	麻雀ビギナーしょーしょん	草
2:31	serion	草
2:31	昼行燈	あんま漢気ある自己紹介じゃないな
2:31	鶏だしクリーミィ	コイツやっつけようぜ！
2:32	暁宵	うっぜえ
2:32	ひら野アマノ	うぜぇｗ
2:32	Flanve F	煽りおるｗｗ
2:32	すしゅ	うぜぇは草
2:32	フジヤアキト	こんばんはー
2:33	si n	イキるねぇ
2:33	レッドウッドへいぽう	草
2:33	とろろ	司の声少し大きいかな？
2:33	keg-on	草
2:33	司-つかさ-	うぜぇ
2:34	モリーン	草
2:34	スーパーガク	うぜえｗ
2:34	春季限定のりしお風味	あおりよる
2:34	よいち	草
2:35	S T	決勝で負けたやつがなんかいうとる
2:35	桜花ありす	栞桜ちゃんの漢らしい麻雀期待	￥500
2:35	Midgardミッドガルド	イキっていくうｗ
2:35	やまP	は？
2:36	こーちゃ	うわあｗｗｗｗ
2:36	四季綾ノ乃	おはくず
2:36	れめれめ	草
2:36	O B	司イキってて草
2:36	方向音痴	イキルな司
2:37	ソラ	煽るやんけｗ
2:37	ミキオ	おはくず
2:38	西木野のお刺身	物は言い様定期
2:38	Ryo	草
2:38	ノカゼ	草
2:39	おいねこ	うぜぇ
2:39	soon	イキルじゃん
2:40	彗星夜	うっぜぇｗ
2:40	はんとお兄ちゃん	煽るやん
2:40	ぐぅたら	草
2:40	とぴあ	草
2:40	Josh	声いい感じ
2:41	じぇのあ	おはくすのきー
2:41	air beiz	決勝は最下位ってことは黙っておくのか？
2:41	Alex Ross	煽りよるわwww
2:41	Nights -O	草
2:41	なじー	煽っていくｗ
2:41	くろしば	マウント取ってくるじゃんｗ
2:41	ShihChin Chen	お前決戦ボコボコじゃねーかｗ
2:42	kuromen	マウントとっていくう
2:42	akki	草
2:43	グラン	イキるやんけ
2:43	おぜじゅん	草
2:43	田中太郎	見つめ合ってて草
2:43	お茶漬けティッシュ	煽っていくぅ！
2:44	シロクマ	草
2:44	とろTak庵	フルボッコにしたれｗ
2:45	Vemo	草
2:45	ひかりみ	司ほんと草
2:45	Lv 4	煽っていくスタイル
2:46	ネムレス	草
2:46	のり丸。	煽りよるw
2:47	キョン	イキるな
2:47	ひこたろ	煽るねえ！
2:47	keg-on	もう煽り合い始まってて草
2:47	北石	イキってんじゃねえ決勝最下位！
2:47	トバリ・レミューリア	煽られていくぅ
2:48	murabitoaaa	優勝予想１位のしおちゃんを蹴散らしたもんな
2:48	紅生姜	鼻伸びてきてんねぇ！
2:48	ユイ・ダレヤネン	草
2:48	F K	Ｂ Ｇ Ｍ あ り ま せ ん ！
2:49	taka32 S	草
2:49	ニンジャプログラム	イキり麻雀か？
2:50	レモン	栞桜っさん、漢気を見せてくれ！🌸	￥500
2:50	友利匡志	草
2:50	高速フーリエ変換	見せてやれよ、楠の兄貴ィ！！
2:50	はるめたる	先生に負けた人オッスオッス
2:50	柳裕	煽りﾌﾗｸﾞって奴ですねっ
2:50	首都ブラジリア	仲いいなコイツらｗ
2:51	_lili_	わからせ屋
2:51	Ryo	煽るねぇｗ
2:51	Westeria	💢
2:52	No Name	ルールを
2:52	調律	飛ばねぇかなｗ
2:52	親方仙人		￥3,000
2:52	Vtuberの奴隷	俺も入れて
2:53	みーや	草
2:53	孤高の探索者	こんばんは！
2:54	K Tony	理解らせていく
2:54	諦めちゃったけど諦められないれみちゃん446#NCB	で、普通の麻雀しか打ってないとは？
2:54	あむねこ	イキってんねぇ
2:54	ソラ	男気を感じない自己紹介であるｗ
2:54	ns zn	草
2:55	レッドウッドへいぽう	各人の音量はいい感じです
2:55	くぅくぅ	うぜえ
2:55	とき	どうなるかなー
2:57	ふらう	泣きそうになってたやろｗｗｗ
2:57	keisya	わからせられろ
2:57	つるさん	決勝ゲチャがどの口でw
2:58	おねっち	煽ってく！！！！
2:58	Nights -O	声全部大丈夫そう
2:58	久遠	あの時の天開は神ってたからなｗ
2:59	sou ayaton	逆にわからされそう…
2:59	あぎだどら	よし、
2:59	Jジェイ	マウント取っていきますねぇ
2:59	テーク	助かる！！！！
3:00	逢坂べほ	わからせ屋！！！
3:00	おは	解らせてけ～
3:00	帝龍姫	今日メイカちゃんじゃない方だ
3:00	司令_つかされい	音量は大丈夫そうだ
3:00	ruska	わからせｗ
3:00	四季綾ノ乃	楽しみ！
3:01	カンザキシン	イキイキしてるｗ
3:02	ao kami	男3人マージャンか
3:02	Cloelia	草
3:02	いのてん	BGM今日はなし？
3:02	ちっそむし	草
3:02	くろしば	草
3:02	文岡文	漢気麻雀すき
3:02	かえるライダー	草
3:03	ずん	草
3:03	Heptis	A卓リベンジマッチかｗ
3:03	sora neko	確かに，それは知りたい
3:04	Astral Clover	草
3:04	姫ノ木あく	天開さんの声が大きいのはいつもの話
3:05	gaty fs	こんばんは🌸
3:07	帰宅RTA	漢気麻雀とは
3:07	霧島茜	こんばんは
3:08	kon no	こんばんは
3:08	みなずき	こんばんは〜
3:08	O B	テンパるなテンパイしろ
3:09	月十字	超セレブ麻雀？
3:09	田中雄一郎	天開、あまり強い言葉を使うなよ。弱く見えるぞ
3:09	エビ天	ルール説明助かる
3:10	ささやきのP&y	こんばんはー
3:10	やあけ	てんぱらないでw
3:11	チィヤ	跳ねか
3:12	サナ	草
3:12	Astral Clover	どんな感じになるかな
3:12	芋下きぬ	ざっくり！
3:12	パイライトテディ	なるほどね
3:12	tsidium	シンプル！！
3:13	mezzoforte	ざっくりｗ
3:13	春季限定のりしお風味	こないだは話しながらできなかったからたのしいねぇ
3:13	此処葉	草
3:13	keg-on	ざっくり……！！
3:14	mo's!	いいねぇ
3:14	やまP	へー
3:14	カンザキシン	雑ｗ
3:15	serion	草
3:15	omi	ゲーム音が小さい
3:16	ロザエ	ふわふわしてるｗ
3:16	りんほん	頭が邪魔
3:16	Nights -O	なるほど？
3:16	お前ら_	進行ありがたい
3:16	k-10	雑だな
3:16	翠たゃん	対局間に合った〜こんばんわ〜
3:16	Red eyes	アバウト！ｗ
3:17	岩ネコ	ゲーム音小さいかな
3:17	司-つかさ-	草
3:17	リベア	かっこよければw
3:17	チーズ牛丼	ざっつ
3:18	調律	ＢＧＭは
3:18	物書きカラス	さくさく進むじゃんｗ
3:18	トリウナギ	草
3:18	ユイ・ダレヤネン	草
3:19	ななみさん	草
3:19	彗星夜	草
3:19	Akiteru Fjimoto	栞桜ちゃんがんばれー
3:19	ちゃきちゃき	北切りの司w
3:19	ささかま。	ふわっふわで草
3:19	カマキリ星人	ざっくりしてんな
3:20	チィヤ	跳ねじゃなくてもいいのｗ
3:20	21	かっこいいとは
3:20	AGAPE	なるほど？
3:20	ひっきー	タンヤオってかっこいいよね
3:21	七夜食	天開司が邪魔をしてくる！！
3:21	ギナ#猫	イキる司は弱く見えるなぁ
3:22	kuromen	はい
3:22	のしろん	草
3:23	ものくろP	なめらかな北抜き
3:23	あのんまのんver.II	なるほどわかりやすい
3:23	あおい	こんばんはー！🌸
3:23	かわうそ56号	なんかカッコいい手
3:24	Astral Clover	かっこいい役か
3:24	テーク	めっちゃざっくりとしてて草
3:24	メイダイン	ノータイムで二枚抜き
3:24	スズメがサンバ	こんばんは
3:24	ユイ・ダレヤネン	ざっくりしてて草
3:25	ゴリラ	北抜くの男気足りてなくない？
3:27	みなせ	司の頭邪魔かなー
3:27	Kudrjavka	なるほどー
3:27	shimo 636	草
3:27	あよ	なるほど（？）
3:27	Ryo	役満で上がるんだよぉ！
3:27	taka32 S	なるほどｗ
3:28	高速フーリエ変換	北抜きの楠だァ！！
3:28	彩りの民	漢気期待してます( ᐢ˙꒳​˙ᐢ )	￥300
3:29	エビ天	めっちゃざっくりしてる
3:29	レプタイル	跳ね以上か
3:30	ほぷる	ほー
3:30	七対子教授	司さんの頭で手牌が
3:30	司令_つかされい	跳満or芸術点か
3:30	柳裕	天開さん大きすぎて、一部手配が見えないんよ。
3:30	ぐぅたら	なるほど
3:32	fNaNaf	見せろ！漢気！	￥1,000
3:32	ガチ勢OSARU	雑やなｗ
3:32	グリヴェン	差し込みもあるんだね
3:32	sルーク	草
3:32	パイライトテディ	ノーガード戦法ね
3:32	るあし。	このコラボほんと嬉しい
3:33	Nights -O	さすが漢！
3:33	マルコポーロ	あ、手牌みえない
3:33	sora neko	なるほどね
3:33	メアリー	当然正位置…！
3:33	wildcat5314	ハゲまん？
3:34	桑原みー	カッコいいとは…
3:34	みささんべ	滑らかな北抜き
3:34	四季綾ノ乃	なるほど
3:35	flg215	全ツッパと
3:36	〆作	なるほど
3:36	おかしろ	こんばんわ～🌸
3:36	帰宅RTA	ほー
3:36	ほよよ	司が邪魔で手が見えない
3:36	keg-on	全ツ麻雀ですね
3:36	司-つかさ-	なるほど
3:37	Astral Clover	なるほど
3:37	まりふぇるべおー	こないだの1周年大会のリベンジじゃー
3:37	原子番号26	なるほど
3:37	やまぶどう	差し込みありと
3:38	ちっそむし	なるほど
3:38	ありにゃ	いきなり北
3:38	Josh	なるほどｗ
3:38	Jippa	普段と真逆だな
3:38	。あとね	てんかいでみえない
3:39	えびび大福	司の頭下に
3:40	グラン	天開の頭邪魔すぎる…
3:40	河内の国ひめみこ	結局多いプロのおちとおりでしたね
3:41	ゴリラ	こいつ…やる気だな……？
3:41	あよ	派手ならいいのかな
3:41	mezzoforte	ほほう
3:41	まりるんchannel	脳死役満
3:42	いざよいさくや	逃げてはいけない
3:42	ゆういち	こんばんは🌸
3:43	レッドウッドへいぽう	なるほど
3:43	はんぺん	ノーガードで殴り合え、と
3:43	花吹雪	なるほどね
3:43	kdo84221	さあ始まったぞ中2病麻雀w
3:44	桜茶	なるほど
3:44	ao kami	いや違うか女？男？と男の3人か
3:44	H Suda	頭じゃまですねw
3:44	うみとり	なるほど
3:45	ほぷる	芸術点を競う勝負？
3:45	西都なつ	草
3:45	とろろ	こっちはマルチタスク持ちやぞトークしながら麻雀なんて茶飯事や
3:45	ぬこばす	司の位置じゃまだなぁ
3:45	あぎだどら	嶺上開花のみもかっこいいに入るんかな
3:45	此処葉	なるほど
3:45	shu my	栞桜ちゃんに向かないなぁ
3:46	さぁや	ノーガード戦法かー
3:46	れめれめ	サウザーか
3:46	si n	ゼンツって事か
3:46	グレブナー基底	なるほど
3:47	こやこや	タンヤオかな
3:47	oggie thekoosey	なるほどｗｗ
3:48	ゆのか雅愁	え、まさかの漢気麻雀！？
3:48	調律	ゲーム音小さいかな
3:48	テーク	派手な打点で盛り上がろう！ってことですな！
3:48	sakkon	派手にやってけ！
3:48	方向音痴	しおちゃんできるかな
3:48	クジラAX	司さんでハイが見えない
3:49	クラス	一局戦で草
3:49	tuumo a	全ツッパかよw
3:49	V廃たけちゃん	てんかいじのあたまでみえねえよぉ
3:50	東雲-しののめ-かい	面白そうだなあ
3:50	友利匡志	栞桜ちゃん	￥610
3:50	国士無双	勝敗は漢気が見せれたかどうかで決めるのかな？
3:51	カリメロ	プロレスのようだな
3:51	サナ	手牌が
3:51	おおくそん	焼き鳥はダサい。
3:51	S T	マシーンが振り込みに行った時の怖さ凄そう
3:51	みなせ	配置ありがとう
3:51	じゃーく	かっこいいなぁ
3:52	あのんまのんver.II	栞桜ちゃんできるかなｗ
3:52	とぴあ	なるほど
3:52	やまP	勝ち負けは何処で決めるの？？
3:53	レモン	点数だけの勝負ではないということだな！
3:53	ロザエ	わりと普通の手で草
3:53	颶風まと	雀スキル！コピー！
3:54	かぷ	かっこいい役か
3:54	Jジェイ	まぁ現実でもそうですね
3:54	F K	otonatterunoka
3:54	アイスアイス	ルールじゃない
3:55	mo's!	プロレス精神やなｗ
3:55	やあけ	振り込みは人読みにはむいてるなあ
3:55	あむねこ	漢気わかるか？
3:56	西都なつ	お、おう
3:56	雨の宿り木	立ち位置調整ありがとう
3:56	ななみさん	調整ありがとう
3:57	ぽちゃぽちゃんねる	これは普通の手だなぁ
3:57	ねみみん	ゼンツ
3:57	K Tony	かっこよく和了るか、かっこよく飛ぶかってことか
3:57	おっ	ピンフもダサい
3:57	電撃奇人	普通の麻雀やってんだよなあ
3:58	ほしりん	なるほど
3:58	倉木友紀	俺の麻雀は後退のネジを外してあんのよ！？ってやつか
3:58	ねるねる	全ツ麻雀か
3:59	鉄丸	めちゃ普通に打ってない？
3:59	密室少年	縮んだ司
3:59	卜キサメ	自分で凄い手上がるか、相手の凄い手に貢献するか、って感じだねぇ
4:00	轟海老	ダメじゃなくダサいなんだよね
4:00	とろろ	草
4:01	Alex Ross	こりゃ有利かもな
4:02	元気だしてこ	ｗｗｗｗｗｗ
4:02	西都なつ	国士おじさん！？
4:02	keg-on	おおいきなりいい形だな！
4:02	きっず	手牌が見にくいのと、BGMを3割増やしてほしい
4:02	高速フーリエ変換	ダ マ
4:03	トリウナギ	普通に手出来ちゃった
4:03	ごはん	こんばんは
4:04	カンザキシン	焼き鳥食べるモイ
4:05	ns zn	草
4:06	司令_つかされい	ドラ３か
4:07	チモシーほおばっ太郎	全ツッパで打つとか？
4:07	四季綾ノ乃	国士なのか！？
4:07	s i	はつすぱ	￥1,840
4:08	ろくじょう	ありがとー
4:08	mo's!	国士前提は草
4:08	yamappii	降りないというのがいいな、いつもとは違う栞桜ちゃんが見られる
4:08	北石	わからんわからん女の子には
4:08	くろしば	差し込みも見どころとして期待
4:08	eli ce	司に振り込まないのが漢気
4:08	Nights -O	とりま国士無双！w
4:09	サナ	調整助かる
4:10	花吹雪	それが漢気ね
4:11	麻雀ビギナーしょーしょん	栞桜ちゃんは焼き鳥得意だから()
4:13	もるぽん	イッツーおじさん！
4:13	ういろうおにぎり	ゲーム音ちょっと小さい？
4:14	いんすりん	ダ マ
4:14	Vノ字	漢に細かい規則などない
4:14	keg-on	一気通貫狙っていくぅ！
4:15	ao kami	一気通貫行けるな
4:16	天城久秀	声の音量に比べて雀魂BGMが小さいです！
4:16	みのる	普通の麻雀してない？w
4:16	Taka Aki	草
4:16	トリウナギ	めっちゃいい手で草
4:17	ぎんいろ	あれ熱かった
4:18	ぽちゃぽちゃんねる	イッツーおじさん
4:18	しぐの	BGMないけど大丈夫？
4:18	メイダイン	役満勝負凄かったね
4:18	Westeria	あれは惜しかった
4:21	そぉぽろー	一通
4:21	クラス	いっつー平和あたりかな
4:22	元気だしてこ	さてどうするｗｗｗ
4:22	Fumy H	草
4:22	トンキン湾の人喰い虎	栞桜ちゃんはっちゃけられるか？
4:22	ガチ勢OSARU	今日も変態プレー期待してます。
4:22	かぷ	大三元vs小四喜
4:23	帰宅RTA	跳満はいけそう
4:23	彗星夜	草
4:23	うにゃひ	ましてや北捨ててしのぐなんてもっての外だね！
4:24	グリヴェン	小三元でしょ？ｗ
4:24	ちっそむし	草
4:24	ゴリラ	無視してリーチするかと思ったわ
4:24	やまP	逃げてたやつ居たよなー？
4:24	テーク	落ち着けて無くて草
4:27	kuromen	速度6の実力を魅せれるか
4:29	不思議の国の人形	西切らなかったやつがいるんだって？
4:29	ばどらっく	両立できねぇｗ
4:29	Akiteru Fjimoto	草
4:29	Flanve F	司の西防衛見事だったなぁｗ
4:30	ユイ・ダレヤネン	とりま国士無双は草
4:30	レモン	大物手すぎるｗｗｗ
4:30	はるめたる	理解らせてやってくれー	￥490
4:30	ひかりみ	落ち着きなさすぎて草
4:31	Astral Clover	惜しかったね
4:31	らんうらん	大騒ぎで草
4:31	TELL Yang_wenli	いきなりねらってやがるｗ
4:31	いんすりん	お、一気通貫か？
4:31	murabitoaaa	良い形になってきたね
4:32	じゃーく	風牌が騒がしい・・・
4:32	司令_つかされい	一通まで育てるか
4:33	くろしば	草
4:35	フジヤアキト	役満の包も男気なのか
4:35	クロオビ	昔天開の切り抜きで楠煽られてたな
4:35	ねみみん	BGM小さいけど流れてる
4:36	レプタイル	草
4:36	文岡文	これ普通の麻雀だ
4:36	りんご田べる	草
4:37	Cloelia	大三元から小四喜ｗ
4:37	麻雀ビギナーしょーしょん	ｱｯ
4:37	Ryo	草
4:38	Josh	草
4:38	リベア	うぜえw
4:38	Jippa	うっぜぇ
4:39	なーく	こいつぅ
4:39	_lili_	うっざｗ
4:39	とろろ	うっざｗ
4:39	ロザエ	草
4:39	わんわんお	順子が４つあるから二盃口だな
4:39	芋下きぬ	うっぜえ！！
4:40	レッドウッドへいぽう	うぜえｗ
4:40	Westeria	うっぜ
4:40	ぷらちな	また面白いことしよる。
4:40	りんご田べる	イキりよる
4:40	あのんまのんver.II	うっざｗ
4:41	Jジェイ	これはリーチだね
4:41	うみとり	草
4:41	サナ	うぜぇ
4:41	嘘800	めっちゃイキってるｗ
4:41	グラタン星人	草
4:41	ゆのか雅愁	全員で魅せる麻雀だよね。
4:42	四季綾ノ乃	お！
4:43	ユイ・ダレヤネン	お
4:44	ミツキ	うぜえ
4:44	ねみみん	イキるじゃん司
4:45	murabitoaaa	しっかり止めてたねえ
4:45	ns zn	草
4:45	姫ノ木あく	両方止めてたなぁｗ
4:46	shimo 636	草
4:47	トリウナギ	草
4:48	ちゃんちゃんしおしお	うんｗ
4:48	ローズマリー	あの止め方は実際かっこよかったぞ、司
4:49	ハラタカ	いや、普通に麻雀してません？ｗ
4:50	rapid eye rabbit	リーチきたあ
4:50	21	ｗｗｗ
4:50	グリヴェン	はやい！
4:50	oggie thekoosey	普通に良い手できちゃうｗ
4:51	LiAM	うっざw
4:51	30 SK	うっざ
4:51	Ryo	あおりよるｗ
4:51	mezzoforte	漢気見せてけ栞桜っさん！	￥250
4:51	なーく	跳ねるねえ
4:52	チィヤ	どれが一発は草
4:52	エビ天	一発ｗ
4:52	ふらう	どれが一発ｗｗｗ
4:52	司令_つかされい	４ｓ７ｓ
4:53	かえるライダー	そっちｗｗｗｗ
4:53	help	はやｗ
4:54	もるぽん	一発を狙いに行くｗ
4:54	高速フーリエ変換	草
4:54	Yuki Tomono	うんw
4:54	keg-on	ピンフドラ2
4:54	帰宅RTA	面白いなww
4:54	Taka Aki	お！
4:55	麻雀ビギナーしょーしょん	草
4:55	TELL Yang_wenli	確かに跳満ある
4:55	司-つかさ-	お
4:55	イワシ	123s
4:56	fNaNaf	ドラ４！
4:56	kuromen	これははねまん
4:56	かぷ	差し込みが始まるの草
4:57	gaty fs	メンピンドラ４！
4:58	あむねこ	草
4:58	テーク	どれが一発かなって行って振り込みにいくの新しすぎて草
4:59	ひっきー	差し込みすらいくのかｗ
4:59	つみっく	一通おじさん激怒
4:59	レモン	リーピンドラ4で跳満だ！
5:00	Eugene ksp	振り込む気満々で草
5:00	タカぴー	メイカくんのゲラほんと気持ちいい
5:00	ナン	メイカちゃんの笑い声すきだわｗ
5:00	西都なつ	貢献狙いかｗｗ
5:00	おおくそん	どれが一発かな~は草
5:01	Aria Yuna	草
5:01	ノーマット	どれが一発かなぁで草
5:01	727 asds	跳満は確定か
5:02	りんご田べる	立直早い～
5:02	はんぺん	そんな麻雀ある！？
5:02	sルーク	草
5:02	かえるライダー	草
5:02	切り抜き実験室	リーチピンフドラ４
5:02	寿司丸	惜しい
5:02	彗星夜	草
5:02	とき	草
5:03	Misao Fujimura	草
5:03	おねっち	はずれー
5:04	くろしば	草
5:04	Ryo	ｗｗ
5:04	飛鳥	草
5:04	_lili_	草
5:05	ほよよ	メンピンドラ4か
5:05	ネムレス	草
5:05	marianne van tienen	草
5:05	Jジェイ	もうハネツモ確定なんですよねぇ
5:05	やまP	下手くそー
5:06	カマキリ星人	草
5:06	moccyann	笑えるｗｗ
5:06	てれぽん	草
5:06	マイケル	うざいけどしっかり止めてたなぁ
5:06	順平	楽しんでて草
5:06	カウボーイ	草
5:07	おぜじゅん	草
5:07	方向音痴	草
5:07	わかめ	なんだこいつらｗ
5:07	茉名.まな.	草
5:07	shu my	確かに跳満あるなぁ
5:07	まりるんchannel	すでに面白いw
5:07	ゴリラ	なんだこれｗ
5:08	台湾の社畜	草
5:08	ぎんいろ	草
5:08	とろろ	そういうルールなのかｗ
5:08	Astral Clover	なんか始まった
5:09	Orpheus1221	草
5:09	おかしろ	草
5:09	CCR	草
5:09	flg215	なんだそれｗｗ
5:09	司-つかさ-	草
5:10	ぬこばす	司殺しだ
5:10	しばづけ	なんだこの麻雀・・・wwwww
5:10	Jippa	楽しい麻雀だなｗ
5:10	ちゃぼうず_cyabouzu	これが漢気ｗ
5:10	マギー	斬新
5:11	テーク	新しすぎて草
5:11	トゥートゥー	草
5:11	じぇのあ	なるほど
5:11	ruska	草
5:12	sora neko	振り込んだ人の勝ちｗ
5:12	クロオビ	女の子にはわからないかどうかわからせろ
5:12	ノカゼ	草
5:12	サイン	しっかり跳満つくってる
5:13	宇貴	姫プか？
5:13	りんほん	何の麻雀だよ
5:14	ろくじょう	なんなんだｗｗｗ
5:14	Ryo	振り込んだやつが漢だ！！
5:15	じぇふぷんぷん	草
5:15	ゴリラのきゃんの	結婚か？
5:15	しゃしゃ	どんなゲームw
5:15	sルーク	草
5:15	help	草
5:15	とぴあ	振り込んだ人の勝ち、おもしろいな
5:16	Vノ字	どっちも割と良いとこ打ってる
5:16	はりはり	振り込んだ人が勝ち
5:16	omi	草
5:16	はえよい	こういう楽しみ方なのねw
5:16	グリヴェン	草
5:16	tsidium	草
5:16	ねみみん	草
5:16	Josh	草
5:16	Red eyes	あはｗ
5:16	むあーん。	草
5:16	ちっそむし	草
5:16	レッドウッドへいぽう	は？
5:16	彗星夜	草
5:16	やまぶどう	お？
5:16	Peco	草
5:16	すしゅ	おいｗｗｗｗ
5:16	mezzoforte	草
5:17	まりふぇるべおー	そういうゲームだったっけ？
5:17	Rh0a Phallaina	草
5:17	やまP	おいｗ
5:17	Astral Clover	草
5:17	いんすりん	草
5:17	らうめん	草
5:17	ミラアカ	草
5:17	とろろ	草
5:17	エビ天	そういうことかｗ
5:17	gaty fs	みんなピンズ読みだ
5:17	さぁや	草
5:17	〆作	草
5:18	ミツキ	草
5:18	おかしろ	おいｗ
5:18	ほしりん	草
5:18	おおくそん	草
5:18	グレブナー基底	草
5:18	順平	草
5:19	スズ	草
5:19	121mj	草
5:20	じゃーく	おいおいｗ
5:20	ネムレス	草
5:20	K Tony	あ の さ ぁ
5:21	ちゃぼうず_cyabouzu	いきなり電池切れｗ
5:21	キャベツ	楽しそうだな
5:22	トンキン湾の人喰い虎	草
5:22	なおるひ	何故あてに行ってるの？
5:22	murabitoaaa	有線にしとけよｗ
5:22	TET D	いきなり壊れ始めてるの草
5:22	トバリ・レミューリア	草
5:23	とりもち	草
5:23	猫一色 / ニャンイツ	うせやろ
5:24	かえるライダー	草
5:24	みのる	シャバくなーい？
5:25	嘘800	どうしようｗｗ
5:25	nannなん	うわｗ
5:26	いとのこ	草
5:26	わかめ	マウスの電池切れるのはだせえ！
5:26	方向音痴	二人してｗｗｗ
5:27	じぇのあ	それは漢らしくないわ
5:27	グラタン星人	草
5:27	りりっく	草
5:27	十三姫	マウスの電池ｗ
5:28	麻雀ビギナーしょーしょん	草不可避
5:28	レッドウッドへいぽう	おまえはPC初心者か
5:29	Akiteru Fjimoto	草
5:29	金色犬	ダセェw
5:30	豆雪	配信初心者かぁ？
5:30	とろろ	初心者だらけかぁ～？
5:30	flg215	草
5:30	西都なつ	あのさぁｗｗ
5:30	Nights -O	なんでやwww
5:30	ビロード	ゴミカスゥ!
5:31	北石	債務者よぉ…
5:31	Mr. Mori	振込合戦男気関係ねぇ
5:31	もかもか	草
5:31	8192 ryu	マウス電池ギリギリは漢気
5:32	スーパーガク	配信初心者ばっかかｗ
5:32	吉川匠	あのさぁ
5:32	メイダイン	引っ越しは草
5:33	シンシア	なんでや
5:34	マギー	草
5:34	O B	引っ越すのかよｗ
5:34	たいし76567	草
5:34	いざよいさくや	振り込もうとしてるの草
5:35	いんすりん	初心者かぁ？？
5:35	モコP	一通おじさん憤怒
5:35	るあし。	草
5:36	帰宅RTA	見通しが甘い
5:36	Tetsu3	漢気ねえなあああああ
5:36	五流権蔵羅-Gorgonzola-	というか司の視点ないんだな
5:36	おじゃむー	配信初心者しかいないｗ
5:36	茉名.まな.	おバカwwwwwwwwwww
5:36	エイドッド	草
5:37	ソラ	漢は黙ってツモ切りだ
5:39	南四暗緊急事態	急に来るからねマウスの電池切れ…
5:39	Power Hall	草
5:39	元気だしてこ	買ってこいｗｗ
5:39	yamappii	次から次へと男たちが大ポカかましていくｗ
5:39	月に行きたい月波	見通しが甘い定期
5:40	琵琶丸	準備不足の漢たちｗｗｗｗ
5:40	ao kami	っ単一電池
5:40	ヤヌス	ぐだくだで草
5:40	司令_つかされい	有線マウス用意しとけ
5:40	アイスアイス	むちゃくたｙ
5:41	haya n	スマホでログインしろ
5:42	ななこけし	マウスが切れるのも漢気なのか…
5:42	カリメロ	何年配信やってんだ！
5:43	もっちー	草
5:43	ふらう	なんで喜んでるんだよｗｗｗ
5:44	だいふくうに	男共なにしてんだｗ
5:44	Yanagi Y	リングフィットの時のどこかの農家じゃないんだからｗｗｗ
5:44	杏【きょう】	見通し甘くない？
5:44	シルビア	だせえぞ司
5:45	いざよいさくや	債務者さぁ
5:46	Flanve F	裏！？！？
5:46	Nights -O	たかい
5:46	トリウナギ	裏裏！？
5:47	大七星	コンビニへ電池購入RTA？
5:47	なったん	裏！？
5:47	ark0125	おおー
5:47	O B	裏がのった！？
5:47	あのんまのんver.II	裏が！？
5:48	もるぽん	裏２！？
5:48	ザッハトルテ。	おおお
5:48	グリヴェン	高い！
5:48	カンザキシン	え
5:48	サナ	おぉ
5:48	ゴリラ	マウスカーソルなんか気合で動かせよ
5:48	21	裏2
5:48	芋下きぬ	裏！？
5:48	パイライトテディ	裏！？！？
5:48	雨宿紗和/Amayadori Sawa	裏が
5:48	ユイ・ダレヤネン	ないすぅ
5:48	帰宅RTA	裏乗った！？？
5:48	芋けんぴ	裏！？
5:48	西都なつ	裏乗った！？
5:49	くろしば	裏乗ったあああああああああ
5:49	吟	鮮やか
5:49	テーク	裏ドラ！？！？！？
5:49	Taka Aki	うま
5:49	やまP	乗った！？？？？？
5:50	J2 D	裏裏!?
5:50	とろろ	ないすぅ！
5:51	murabitoaaa	裏２！？
5:52	桃桃	倍満やん
5:52	麻雀ビギナーしょーしょん	うら！？
5:52	Misao Fujimura	裏のった！
5:52	k misawa	充電しねぇのは漢気？
5:52	茉名.まな.	草
5:52	のしろん	切れたｗｗ
5:52	メイダイン	裏が乗ってる！？代打ちかな？
5:52	真っ黒フウ	初手裏乗った！？
5:52	Yona. Channel	裏が乗った！？
5:52	Tetsu3	草
5:52	_lili_	草
5:52	Trillion Green	草
5:52	ちゃんちゃんしおしお	草
5:52	ミラアカ	裏のった！？
5:52	マイケル	裏ドラだと！？
5:53	Josh	裏ドラ！？
5:53	HAYASHI TTT	裏２！？？？？？
5:53	いんすりん	草
5:53	ささら	裏が乗った！？
5:53	搾りかす	裏乗っとるやん
5:53	ちっそむし	草
5:53	順平	草
5:54	BlueMonday	はい偽物
5:54	倉木友紀	ドラ乗りまくりじゃねーかｗ
5:54	醤油砂糖	裏2！？
5:54	ぐぅたら	おおー！
5:54	飛鳥	草
5:54	ぶどう弾	草
5:54	金田勝男	裏2枚
5:55	あおい	裏2！？！？
5:56	レモン	裏が乗った！？
5:56	zu ki	裏が乗った…
5:56	ダンデライオン	裏
5:56	sora neko	これだと裏が乗るんだな
5:57	いざよいさくや	有線使えカスゥ！
5:57	四季綾ノ乃	何してるんだ！
5:57	Eugene ksp	裏ドラが乗った！？
5:57	みなせ	草
5:58	ヨシダ	裏ドラ？？？
5:58	w t	裏裏だと！？
5:58	ハヤハル	裏２だと？
5:58	蒸しパン。	裏ドラ
5:59	おかゆっけ【豪後羽TRD86】	珍しく裏ドラ乗ったw
5:59	rapid eye rabbit	裏が！？
6:00	響える	裏裏？？？？？？？
6:00	麻雀ビギナーしょーしょん	明日は赤雪か
6:00	はんぺん	切れましたね（電池
6:00	ゾイドゼロ	乗ったｗ
6:01	琵琶丸	電池切れたぁ！？
6:01	ケイ・ビーン	裏2！？
6:01	Vemo	草
6:01	レプタイル	裏が！？
6:02	ささかま。	裏のった…だと
6:02	まーぶる	裏２枚だと・・・？！
6:03	ごりらごりら	あのさあ
6:03	さざなみ	裏裏！？
6:04	kt 7	偽物か？
6:04	kai	切れましたね（電池）
6:04	レイザーRR	乗った！？
6:05	ぐぅたら	草
6:05	にあ001	本人ですか？
6:06	Akiteru Fjimoto	何してんだw
6:06	ななみさん	草
6:06	箒星.ホウキボシ	裏だと！？
6:06	かんてら	高い
6:06	help	電池切れたｗ
6:07	颶風まと	嘘つけ！楠が裏乗るわけない！
6:07	ほぷる	草
6:07	ひこたろ	電池よぉ
6:07	いざよいさくや	裏ドラ
6:08	ハラタカ	おい天開ｗ
6:08	河内の国ひめみこ	どっちもどっちですね
6:08	ずん	草
6:08	8 d	裏だと？!
6:08	猫一色 / ニャンイツ	なにやってんだ司ｗ
6:08	緑青	嘘だろ！？
6:08	れめれめ	やっぱ有線なんだよなー
6:08	Tetsu3	有線マウスあるんか
6:08	あおみクリオネ	本物ですか？
6:08	じぇのあ	切れましたね
6:08	大谷由岐	裏裏？おま本当に楠栞桜か？
6:09	デルタ・ブラボー	司切れる
6:09	アレアレア	裏ドラ！１１
6:11	mo's!	これが個人勢か…ｗ
6:11	やまぶどう	無茶苦茶で草
6:11	リベア	裏2！？
6:11	りんご田べる	今夜の楠は裏が乗る……！
6:12	あむねこ	草
6:12	佐々木亨ささきとおる	電池切れた
6:12	花吹雪	それを気にしないのが漢気よ！
6:13	ホリホリタカタカ	草
6:13	ろき	有線マウス！？存在していたのか……
6:13	デムーロ燦歌	これは大事件だ
6:14	T Y	ゲーム音小さくて聞こえてないよ
6:14	ローズマリー	草
6:14	じゃーく	もう滅茶苦茶だよ
6:15	ピエロン	偽！？
6:15	谷間の百合	やっぱり頼れるのは有線よ
6:15	彗星夜	草
6:15	O B	でしょうね
6:15	LOG	草
6:15	ark0125	草
6:16	Ryo	裏が・・・あなた誰ですか
6:16	ちっそむし	草
6:17	くろしば	草
6:17	ゴリラ	漢はパソコンとかできないのだ
6:17	MOON hs	草
6:17	shimo 636	見通しが甘いｗ
6:17	shu my	草
6:18	Trillion Green	草
6:18	プレシヤ	草
6:19	まるかね	草
6:19	花吹雪	楠も漢気
6:19	N 707	草
6:19	_lili_	全員ダメダメで草
6:19	雨の宿り木	草
6:19	S T	やりたい放題で着さ
6:20	嘘800	全員ｗｗ
6:20	麻雀ビギナーしょーしょん	草
6:20	Westeria	全員プレミ
6:20	なさ	草
6:21	ねふ	草
6:21	HANABI	配信初心者ばっかりｗ
6:21	Levith	ぐっだぐだだよ
6:21	卵かけT	裏ドラ 誰だ！？
6:22	レプタイル	草
6:22	おさとう	裏が乗る？！
6:22	さざなみ	初心者しかいなくて草
6:23	架空の人物	なにやってんだあああｗｗｗ
6:23	いんすりん	草
6:24	アゴー	思った
6:24	Jジェイ	やらかししかいねぇじゃねぇかwww
6:25	紫水 晶[しみず あきら]	誰だ！
6:25	ハラタカ	いきなりグッダグダじゃないかｗ
6:26	you Itu	明日は槍が降るな
6:26	full53100	裏ドラ記念	￥200
6:27	パイライトテディ	話し始めたら追加じゃないのか
6:28	あのんまのんver.II	ポンしかいねぇｗ
6:28	Astral Clover	草
6:29	歴戦イャンガルルガ	麻雀コラボ見通し切れ勝ち
6:31	カンザキシン	おいおいｗ
6:31	Midgardミッドガルド	おけｗ
6:31	O B	ポンコツしかいませんが
6:32	あおい	みんなして笑
6:32	ばどらっく	全員早々にポンコツ晒すこのありさまよ
6:33	緑青	全員グダグダw
6:33	CarMania E-NA1	全員ポンやんけ！
6:33	金色犬	ボロボロで草
6:33	ひかりみ	どいつもこいつもで草
6:33	みやまちかげ	配信初心者しかいねぇ！
6:33	猫のloyola	そういう仕様かと思ったｗ
6:33	あぎだどら	挨拶に合わせたわけじゃないのか
6:34	Yuki Tomono	最初ないと思ったw
6:34	ori ori	完全にオフｗ
6:34	ぽーとぴあ	#ポンコツ雀魂
6:34	北石	漢気じゃなくてポンコツ麻雀だった？
6:35	友利匡志	あら〜
6:35	gaty fs	みんないろいろポンコツw
6:36	皇	全員ぽんこつー！
6:36	テーク	全員ガバガバで草
6:36	エビ天	裏ドラ2枚おめでとう！	￥200
6:37	ぬこばす	ポンコツ
6:37	ShingoMk-Ⅱ	草
6:38	もるぽん	配信初心者コラボかな？？
6:38	ぶどー	配信初心者しかおらんなｗ
6:38	くろしば	メンチンの楠くるか！
6:38	スーパーガク	全員やらかしてんの草
6:39	ミツキ	初心者卓か？
6:39	taka32 S	草
6:39	山田太一	この適当さよｗ
6:39	るあし。	張り合う所じゃない
6:40	Astral Clover	草
6:40	ロジー	全員ぽんじゃん
6:40	じぇのあ	配信初心者の集いかな？
6:40	クロオビ	裏ドラ！？
6:41	ビロード	ガバガバ漢気
6:42	司令_つかされい	メンチンにするか
6:43	芋けんぴ	声入りで出すのかと思ってた
6:44	sルーク	配信初心者卓かな？
6:44	wildcat5314	このオッサン達ポンコツ
6:44	Nights -O	全員しっかりしてw
6:45	Nao02	メンチンだな
6:46	暁宵	自分から言ってくあたり漢気ある
6:46	zu ki	裏が乗る…これが漢気か
6:48	春季限定のりしお風味	演出家と思ったわ
6:48	元気だしてこ	ｗｗｗｗｗ
6:48	Westeria	珍しく
6:48	桜葉アルベルト	ポンコツコラボ？
6:49	帰宅RTA	誰？
6:49	ns zn	草
6:49	セオドル	初回から裏がのるとか代打ちか？
6:49	柳裕	漢気とは、細かい事を気にしないっ！
6:50	Tetsu3	見逃さない
6:50	トンキン湾の人喰い虎	それもまた漢気だね！
6:51	ユイ・ダレヤネン	草
6:51	サナ	裏はレア
6:51	十三姫	めずらしくｗ
6:51	レッドウッドへいぽう	めずらしい
6:51	あおい	知られてる笑
6:52	Astral Clover	全員ポンコツ
6:52	mo's!	珍しく乗りましたねぇ
6:52	南四暗緊急事態	そうだな珍しかった
6:53	りんぽこるん	3
6:53	高速フーリエ変換	これは漢気
6:53	ゆったん	こんばんはー！
6:55	モナリザ・マシュマロマン	＞珍しく＜
6:55	みのる	裏乗せたのは漢気
6:55	ムームー	今北、こんばんはー！
6:56	調律	言われてて草
6:56	のしろん	珍 し く
6:56	新田ガーデン	自分の失態を素直に詫びるの漢らしいよね
6:56	佐々木亨ささきとおる	これが漢気かー
6:57	Alex Ross	今日ガバ麻雀だっけ？
6:57	Midgardミッドガルド	楠で言う８時間分
6:57	ひっきー	ビギナーｗ
6:58	ひこたろ	偽物じゃないの～？
6:58	クロオビ	コラボだと裏乗るんだ
6:58	21	ｗｗｗ
6:58	O B	いや司マウス探してて見てねえよかよｗ
6:58	あのんまのんver.II	ビギナーｗ
6:59	ほよよ	3麻は普通に乗るんだよなぁ
6:59	矧さん	裏ドラ1枚さん、、
7:00	Trillion Green	どういうこと？
7:00	ギナ#猫	みんな財布忘れたファミレスみたい
7:01	わかめ	ビギナーｗ
7:01	西都なつ	漢気ビギナー
7:01	なーく	ここぞという時には乗せるからなｗ
7:02	Taka Aki	配信初心者同士か
7:03	ロザエ	男気ｗ
7:03	sakura mituki	皆ポンコツ
7:03	ノーマット	おっそい
7:03	メアリー	流し満貫かぁ！？
7:03	とろろ	数え始めたｗ
7:03	Flanve F	計算しとるｗｗ
7:04	昼行燈	草
7:04	司令_つかされい	数えてる
7:04	幽谷響	ポンコツしかおらん
7:05	紅茶カルピス	おお
7:05	ふぅ	やらか栞桜
7:05	ヤヌス	三麻だけにポンだけしかないってね
7:07	もやしこめお	めんちん？
7:08	Kudrjavka	ビギナーなんだ
7:08	方向音痴	数えるなｗ
7:08	Misao Fujimura	裏乗るとか偽物か？
7:09	ksタードことわざ	細かいことを気にしないのも漢気ｗ
7:10	とき	声に出すな
7:10	wildcat5314	三色同ポンコツ
7:10	Nights -O	草
7:10	yuri yuri	口に出すなｗ
7:10	桜茶	裏3ｗ
7:11	くろしば	裏３ｗ
7:11	keg-on	洩らしていくｗ
7:11	Red eyes	数えてるｗ
7:11	おおくそん	裏3
7:11	ノーマット	裏３カウントは草なんだよなぁ
7:12	てれぽん	草
7:12	A君	点数計算はいったぞ
7:12	なーく	裏3ｗｗ
7:12	Vノ字	漢坂は登り始めたばかり
7:12	北傘	初心者かな？
7:12	やあけ	こえだして数えるw
7:12	豆雪	裏3カウントやめろｗ
7:12	豆大福	これが漢気バフか
7:12	765 ksk	めっちゃ読み上げるやん
7:12	メイダイン	裏カウントしてるやんけ
7:12	ちっそむし	草
7:12	芋けんぴ	草
7:13	じぇのあ	声出していうなや
7:13	楠栞桜 / Kusunoki Sio	おんりょう平気？！
7:13	芋下きぬ	だっせえ
7:13	パイライトテディ	裏3！？
7:13	いんすりん	裏３ｗｗ
7:13	ShihChin Chen	裏3ｗ
7:13	しゃしゃ	声出して数えてるw
7:13	彗星夜	草
7:14	O B	立直しろやｗ
7:14	ザッハトルテ。	え？
7:14	とろTak庵	コーサカ算が出たｗ
7:14	ns zn	草
7:14	Fumy H	裏草
7:14	ちゃぼうず_cyabouzu	裏３ｗ
7:14	琵琶丸	漢気なら裏ドラも2枚乗る！
7:15	エビ天	裏3ｗ
7:16	レモン	裏3ｗｗｗ
7:17	西都なつ	おっけーでーすは漢気なのか？ｗ
7:17	help	草
7:17	ぎんいろ	草
7:18	南四暗緊急事態	諦めたかｗ
7:18	NIHO UFO	草
7:18	やっくん	裏3狙うなｗｗ
7:18	ちゃんちゃんしおしお	裏がのる前提ｗ
7:18	おさとう	裏3は草
7:19	Westeria	裏3は皮算用すぎる
7:19	りんご田べる	草
7:19	ハラタカ	裏３は草
7:19	テーク	裏3草
7:20	ウェイン	でた裏３だ！
7:20	k-10	裏
7:20	飛鳥	役を言うんじゃないｗ
7:20	やまぶどう	裏カウントすんなｗ
7:20	とりもち	役言ってて草
7:20	rapid eye rabbit	裏3！？
7:20	十三姫	裏３込みｗ
7:22	サナ	裏
7:22	麻雀ビギナーしょーしょん	もう見込みガバガバ
7:22	Alba Scarlet	数え方よ
7:22	田中さん	言っちゃうｗ
7:23	みやまちかげ	裏3は夢見すぎだろ
7:24	やまP	なにそれｗ
7:24	ばどらっく	裏期待はダメだって言ってる傍からｗ
7:24	なむ	言うないうなｗｗ
7:24	地橋賀叉牙-tibashiga saga-	ウラ３勘定に入れるなw
7:24	レプタイル	草
7:25	はる	漢気カウント
7:25	芋けんぴ	大丈夫！
7:26	いんすりん	大丈夫やで
7:26	Nights -O	音量おkよ
7:26	あむねこ	草
7:26	keg-on	音量大丈夫
7:27	Flanve F	音量おっけい！
7:27	マロニエ	平気ー
7:27	ようすけ	いいよー
7:27	水那斗碧	それコーサカさんのネタ
7:27	tsidium	おｋ
7:27	Misao Fujimura	音量OK
7:27	ゆんゆん	何がオッケーなのかｗ
7:27	杏【きょう】	大丈夫です！
7:27	くぅくぅ	裏
7:27	si n	大丈夫
7:27	グレブナー基底	音量大丈夫
7:27	ちゃぼうず_cyabouzu	音量おっけー！
7:27	西都なつ	大丈夫だよ
7:27	ミュウ	大丈夫
7:27	ShingoMk-Ⅱ	大丈夫
7:28	shun	音量大丈夫！
7:28	kuromen	平気
7:28	おさとう	音量平気
7:29	Astral Clover	草
7:29	ちゃんちゃんしおしお	音量いいかんじ～
7:29	りんほん	へーきだよ
7:29	full53100	問題ないよ！！
7:29	チモシーほおばっ太郎	大丈夫
7:29	ヨシムネ	オッケー
7:30	ミキオ	OKです
7:30	時雨	大丈夫！
7:30	ヨシダ	音量平気です〜
7:31	あまなつみかん	音量大丈夫だよ
7:31	ウェイン	大丈夫デース
7:31	まひがしA	大丈夫よー
7:31	えびび大福	音量OK
7:31	はるめたる	音量オッケー
7:31	のしろん	音量大丈夫ですー
7:31	ゆういち	大丈夫です
7:31	Vtuberをすこる麦農民さん	大丈夫だよ！
7:32	趣スケベマン	大丈夫です
7:32	ns zn	平気
7:32	Kiichang	おんりょう大丈夫
7:32	月十字	怨霊問題なし
7:32	四季綾ノ乃	なんなんだこの卓
7:33	そぉぽろー	ちょうど良い！！
7:33	はりはり	音量大丈夫
7:33	やっくん	音量だいじょうぶ
7:33	春季限定のりしお風味	音だいじょぶっす
7:34	さぁや	音量大丈夫！
7:34	ザッハトルテ。	大丈夫ですよ
7:34	トゥートゥー	大丈夫です
7:34	金田勝男	音量はﾀﾞｲｼﾞｮｳﾌﾞﾃﾞｽ
7:34	蜷川【にながわ】タンヤオおじさん	怨霊大丈夫！！
7:36	すい	音量大丈夫です
7:36	ネムレス	大丈夫
7:36	るあし。	裏
7:36	華夜絲	音量大丈夫
7:37	すしゅ	大丈夫！
7:38	エバスグラブル勢	大丈夫だよー！
7:38	セオドル	アカギかよｗ
7:38	人柱になりそうなタロイモ	音量大丈夫！
7:38	さーもばりっく あっと 大艦巨砲主義	音量は丁度いいです！
7:39	かえるライダー	草
7:39	彗星夜	草
7:39	トリウナギ	草
7:40	Taka Aki	草
7:40	とろろ	んーｗ
7:40	岩ネコ	ゲーム音小さめだけどまあいいかな
7:40	とぴあ	草
7:40	ぐぅたら	草
7:40	gaty fs	音量問題なし！！！
7:40	じゃーく	どっちよｗ
7:40	HAYASHI TTT	草
7:41	桜茶	なんて？ｗ
7:41	嘘800	草
7:41	カント	草
7:41	あのんまのんver.II	草
7:41	ユイ・ダレヤネン	草
7:41	西都なつ	何それｗｗｗ
7:42	りんご田べる	なんそれｗ
7:42	レプタイル	大丈夫です
7:44	おおくそん	ん”ん”ん”ん”ん”ん”
7:44	高速フーリエ変換	ん゛ー
7:44	ネコ二十七キャット	俺の暗刻はそこにあるｗｗｗｗｗ
7:44	倉木友紀	食ってやるこいよｗ
7:44	藍川絆	ンー！！
7:45	くろしば	音量OKです
7:45	moccyann	おｋ
7:46	テーク	いい感じ
7:46	しばづけ	ん”ー！！
7:46	まりふぇるべおー	音は大丈夫やで
7:47	Mr. yakushasu	おｋ
7:47	ビロード	汚ナナチ
7:47	Nights -O	裏３は犯罪ですよ
7:47	豆大福	草
7:47	明日カン八郎	なにごとだ
7:47	ほむほむちゃん	遅れてきたら裏ドラ乗ってたのでチャンネル間違えました	￥500
7:50	クロン	怨霊平気！
7:51	K Tony	ん¨ん¨ん¨ん¨！！！
7:52	司令_つかされい	字牌かな
7:52	もっちー	司ｗｗｗ
7:52	ark0125	草
7:53	四季綾ノ乃	音量大丈夫です！
7:53	物書きカラス	ちゃうんかいｗ
7:53	taka32 S	音量大丈夫です
7:54	お前ら_	なにがなんだかｗｗ
7:54	クロオビ	鳴き声www
7:54	琵琶丸	ちがうｗｗｗ
7:55	O B	ノーヒントだな
7:55	やあけ	ドラじゃないのか
7:56	まるかね	テンションおかしいなｗｗ
7:57	Astral Clover	草
7:59	nannなん	怨霊ちょうどいいです
8:00	やまP	たしかにｗ
8:01	かぷ	違和感なくて音量すっかり忘れてた
8:01	sora neko	音はバッチリやで
8:02	なむ	ん”ん”ん”ん”ん”！！
8:02	姫ノ木あく	漢気とは
8:02	ひかりみ	シンプルに何それは草
8:02	月白あこや	声はバランスいいと思います
8:04	奏太	ちがうんかい
8:06	ウェイン	あまりの漢気に困惑のしおちゃん
8:08	ruska	お
8:09	寿司丸	三色おじさんか？
8:09	テーク	お？
8:10	国士無双	粗野で乱暴なのが漢気と思われては困りますねｗ
8:11	紅茶カルピス	ほ？
8:12	琵琶丸	差し込み合戦になってきた
8:13	グリヴェン	足りないのかｗ
8:13	クラス	立直一発ツモ裏
8:13	麻雀ビギナーしょーしょん	お？？？
8:14	茉名.まな.	草
8:14	Flanve F	逆かｗｗ
8:14	芋けんぴ	足りねぇ？
8:14	らんうらん	低い方なのかｗ
8:15	いんすりん	足りねぇよｗｗｗｗ
8:15	Jジェイ	イッツーか！w
8:15	彗星夜	足りない！？
8:16	J2 D	草
8:16	なーく	三色か？
8:16	高柳颯	アカギじゃあるまいしw
8:16	高速フーリエ変換	足りない！？
8:16	月詠。	シャボっぽくねえか
8:16	おかしろ	足りない？！
8:16	ザッハトルテ。	お？
8:17	リク	草
8:17	帰宅RTA	一盃口？
8:17	田中さん	なんだそれｗｗｗｗ
8:17	グリヴェン	1ｐか
8:17	とき	一盃口安めか？
8:18	ろくじょう	たりないｗ
8:18	Jippa	当たってた？
8:18	おおくそん	みのがした？
8:18	りんご田べる	ツモるんか
8:18	エクス	あたってるのはすげぇｗｗ
8:18	司令_つかされい	点数足らないのか
8:19	keg-on	見逃し！？
8:20	此処葉	イッツーとかか？
8:20	チィヤ	草
8:20	西都なつ	足りない立直？
8:20	ハラタカ	んん？
8:21	オーレウェルギウス	足りないとは
8:21	とぴあ	足りないとは
8:21	やあけ	あってはいるのか
8:21	やまP	フリテンになったなｗ
8:21	お前ら_	大学のマージャンサークルみたいで草
8:21	あいさかゆう	始まってた…こんばんは～
8:21	No Name	フリテンやんけ
8:21	はりはり	見逃し？？
8:21	vanishinggift	フリテンなった？
8:22	Trillion Green	えぇ
8:22	HAYASHI TTT	高目じゃないとか？
8:22	Midgardミッドガルド	見逃しか
8:23	ゆんゆん	足りない立直？？
8:23	sルーク	なるほど
8:23	marianne van tienen	片上がりか
8:23	O B	ツモしか無理なのか？
8:24	Red eyes	３しょく片面とかｗ
8:24	とりもち	足りない？
8:24	あい	一盃口か？
8:24	麻雀ビギナーしょーしょん	たりないwww
8:24	飛鳥	足りない？
8:24	8192 ryu	三色おじさんか？
8:25	サナ	いっつう？三色？
8:25	S T	イーピンか？
8:25	小咲	一通？
8:25	パイライトテディ	一盃口乗らないのか
8:26	gaty fs	1ｐ7ｐか？
8:27	paru	1pでイッツー？
8:27	ぬこばす	見逃し
8:27	しゃしゃ	りゃんぴん？
8:27	ひっきー	足りない立直は…チョンボ？
8:28	huka	一盃口？
8:28	かぷ	ああ一気通貫か
8:28	グラン	合ってるけど
8:28	不思議の国の人形	12233
8:28	司令_つかされい	７ｐか
8:29	クロオビ	足りない？
8:29	花吹雪	足りないんかーい
8:29	グレブナー基底	たりないｗ
8:30	なひいす	一盃口か
8:30	さくらば	イーペーコーつかんのか
8:30	郭々	三色かww
8:30	ハヤハル	安目か？
8:31	Rydeen2222	役の問題か？
8:31	serion	足りない草
8:31	kuromen	みのがししたのか
8:32	真っ黒フウ	見逃したのか
8:32	餡ころ鮟鱇	フリテンダー
8:33	南四暗緊急事態	当たりだけど見逃し？
8:33	エビ天	一盃口が必要って事か
8:33	大豆	分かるかｗｗ
8:33	ねるねる	フリテンやんけwwww
8:33	駄威悦糖	1-4の一通か三色
8:34	グラタン星人	足りないってことはツモ狙いかｗ
8:34	バルビン	一盃口？
8:34	かぷ	1pか
8:35	ナゴツク	あってはいるのか
8:36	芋けんぴ	イーピンで一通狙ってたのか？
8:36	CarMania E-NA1	見逃したけど当たってるｗｗ
8:36	浴屋	足りないｗ
8:36	りう。	一盃口？
8:36	ターンU	一盃口の片上がりかな？
8:37	佐々木亨ささきとおる	フリテンパイ司
8:38	ao kami	役牌とのシャボ？
8:39	四季綾ノ乃	1pかな？
8:39	本当にそうでしょうか	男気が足りない！
8:39	Trillion Green	ホントだよ
8:39	春季限定のりしお風味	上からだなぁｗｗ
8:40	切り抜き実験室	いーぺーこーって言ってたね
8:40	琵琶丸	甘いなってｗｗｗ
8:40	リズ	フリテンだろこれｗ
8:40	Nes	一盃口つかなかったんだろｗ
8:40	紅茶カルピス	スーチー？
8:41	カリメロ	役足りなくてフリテンだろこいつ
8:41	帰宅RTA	確かに
8:42	Astral Clover	草
8:43	いんすりん	7pで一向聴なんだろ
8:44	モロ	あってて草
8:44	れいりす	３色か一盃口だなｗｗ
8:45	Ba2O[ばつお]	安めだったと？
8:45	ハラタカ	フリテンかこれ
8:45	じぇのあ	高めじゃないとだな
8:46	なさ	足りないのかw
8:46	匠 鷹規/Takanori.T	1pだったかな
8:47	視聴用アカウント	多分いーぺーこー
8:47	ニケたそ	一通かな?
8:47	みのる	イーペー狙ってるのか
8:48	サンマの塩焼き	安目があるとか漢気が足りないんじゃないか？
8:48	麻雀ビギナーしょーしょん	草
8:50	夕ナ力	せやな
8:51	彗星夜	草
8:51	テーク	草
8:51	Jジェイ	ペーコーかwww
8:52	仙頭	らーくしゃん...
8:53	南四暗緊急事態	じゃあ1pか
8:53	不思議の国の人形	ー盃口乗らないんじゃない？
8:53	LOG	一盃口か
8:54	かぷ	イーペーコーかな
8:54	れいりす	フリテンかよｗｗ
8:55	ななこけし	俺もわからんわｗｗ笑ったｗ
8:55	Astral Clover	一盃口？
8:56	keg-on	おお
8:56	テーク	お！
8:56	やまP	イーペーか？
8:56	ユイ・ダレヤネン	どうだろ
8:57	くろしば	お
8:57	とろろ	おっ
8:57	Ryo	お？
8:58	Fumy H	おお
8:58	Taka Aki	え
8:59	つるさん	役がつかなくて振り聴かな
8:59	aquaerith	くっそｗｗｗ
9:00	りんご田べる	おおツモった
9:00	紅茶カルピス	おお
9:00	mo's!	おお
9:00	メイダイン	メンじゃないとだめだって話か
9:00	ガチ勢OSARU	鳴いた
9:02	Trillion Green	！？
9:02	真っ黒フウ	！？
9:03	A kanata	当たってんじゃんｗ
9:03	レモン	おおお！？
9:04	司-つかさ-	すごい
9:04	あぎだどら	ツモった
9:04	琵琶丸	入った！
9:05	Nights -O	草
9:05	Orpheus1221	4pやん
9:05	ぺんちーぴん	当たってて草
9:05	メイダイン	あってるじゃんか
9:06	ユイ・ダレヤネン	あ
9:06	グリヴェン	足りないｗ
9:06	Fumy H	草
9:06	。あとね	草
9:07	芋けんぴ	草
9:07	help	草
9:07	帰宅RTA	やっす！！
9:07	田中さん	おいｗｗｗｗｗｗｗｗｗｗｗ
9:07	k-10	草
9:07	リク	草
9:07	トリウナギ	足りんやんけっわｗｗ
9:07	らんうらん	だっせぇｗ
9:07	高速フーリエ変換	草
9:08	ぶどう弾	草
9:08	ななみさん	草
9:08	やまP	おいｗｗｗ
9:08	Westeria	草
9:08	順平	草
9:08	flg215	草
9:08	ぐぅたら	草
9:08	とろろ	足りてないｗｗｗ
9:08	アマリリス	草
9:08	大豆	ご都合かよお
9:08	Gransting	ダメじゃんｗｗｗｗ
9:08	ザッハトルテ。	おい！
9:08	岩ネコ	草
9:08	やあけ	たりないw
9:08	Red eyes	とどいてないｗ
9:08	信天翁	草
9:09	かぷ	足りて無くて草
9:09	るあし。	草
9:09	エビ天	草
9:09	芋下きぬ	だっせぇ！！！！
9:09	ShihChin Chen	だっせー
9:09	マギー	おい
9:10	8192 ryu	草
9:10	ao kami	イーペーコーねらいか
9:10	ark0125	草
9:10	モロ	草
9:10	Lv 4	おい！
9:12	麒麟三六丸	草
9:12	しょーちゃん	あ
9:12	なす	草
9:12	〆作	ひどいｗ
9:12	麦ちゃ	草
9:12	じぇのあ	4p
9:12	Nights -O	おいw
9:12	ねみみん	公認プレイヤーさん！？
9:12	Tetsu3	初心者！！！！
9:13	溶けたアイス	草
9:13	月十字	うわさっむい
9:13	司令_つかされい	ルール違反だぞ
9:13	omi	足りてねえぞ
9:13	鶏だしクリーミィ	だめじゃんｗ
9:14	ミネソタ郎	草
9:14	しーちゃん	草
9:14	イワシ	全然足りねえ
9:14	奏太	足りてねぇのか
9:15	あぎだどら	おい天開
9:15	レイン_	天開さぁ！？
9:15	shimo 636	草
9:16	皇	草
9:16	So Am	これはださい
9:16	クロスリュカ	草
9:16	趣スケベマン	だっせぇ
9:16	桃桃	足りてねーじゃん
9:17	33 YAMI	草
9:17	K Tony	予選通過トップ通過でしたっけ？
9:17	ピコット	あなたさあ
9:17	山田太一	やっすｗ
9:17	サナ	天開さぁ
9:17	芝ロッカー	はい切腹
9:18	みーたむ	草
9:18	akki	足りない
9:18	とりもち	足りてなくて草
9:18	どこまでもソラハラ	たりんくて草
9:18	ハヤハル	草
9:18	エイドッド	草
9:19	ぬこばす	ピン二回言うてたからな
9:19	] [F4lme_	草
9:19	Dunbouru	草
