-0:53	るりり	こんばんはー
-0:52	こころふるえる	移動完了～
-0:50	めざ炎	数十秒ぶりです
-0:47	レッドウッドへいぽう	今準備中だな
-0:47	21	こんばんは🌸
-0:46	ふぁりゅ	たいき
-0:44	芝村	サムネ絵間違えたか概要欄の作者間違えたかどっちだ？
-0:41	黒乃メロ	​塩分の１日の目標摂取量を上まわって慢性的な過剰摂取の場合、症状として、のどの渇きや血圧上昇、むくみなどが挙げられます。 細胞内の水分が血液中に移動し血流量が増えることから、高血圧にもなりやすくなります。さらに、脳卒中や心疾患などの生活習慣病や胃がんのリスクが高まる可能性があることも報告されています。 日頃から減塩を心がけることが大切です。所詮甘党などは時代の敗北者じゃけぇ
-0:40	なーく#Nark	栞桜ちゃんからのバトン
-0:40	ひろやん	さっきぶり～～
-0:39	【 叶 】magica〝桜一色〟	こんばんは
-0:38	Maha raja	さっきぶり
-0:37	ふれでぃー	こんばんはー
-0:37	namu sun	しおリレー
-0:37	バルビン	わこつ
-0:36	蓬莱山冬夏	麻雀配信見ててぎりぎりになった
-0:35	03cco【〇〇っこ】#NCB桜座戦2位	こんばんわ～みんなさっきぶり
-0:34	アメペリック	念を送りに来ましたｗ
-0:30	妖精の灯り	栞桜ちゃんからバトンタッチで次は栞桜ちゃんですね
-0:30	バルビン	いつ始まるんだろ
-0:28	いざよいさくや	塩分過多ニキもよう見とる
-0:27	よさく	しおしおしてきた
-0:27	wildcat5314	今日は、ぶっ通しで配信ですね～
-0:26	テーク	皆さんこんばんは（合流）
-0:26	蓬莱山冬夏	こんばんわーです’’
-0:25	ちゃぼうず_cyabouzu	さっきぶり
-0:24	やまP	もうこっち始まる時間だったか
-0:22	Orpheus1221	しおしおしてきた
-0:21	麻雀ビギナーしょーしょん	沢崎プロの、声立木さんに似てるの覚えたンゴ
-0:21	芝村	注意喚起ニキおつかれ～
-0:20	アステマ	長い、3行で
-0:18	HakuBi	だいたい同じメンバーたちｗ
-0:16	嘘800	しおしおしてきた
-0:16	やまP	待機🌸
-0:16	ユーミン	さっきぶり
-0:15	rapid eye rabbit	しおしおしてきた
-0:15	みーや	いやーさっきぶりだなー寂しかった
-0:14	ひこたろ	ああ立ててたのか
-0:13	眼鏡執事	こんばんは🌸
-0:13	さーもばりっく	リレー（一人）
-0:12	Fumy H	注意ニキもこんばんは
-0:10	捨てふぁに	さっきぶりです～(笑)
-0:08	順平	敗北者・・・？
-0:08	03cco【〇〇っこ】#NCB桜座戦2位	同卓できなかったから不貞寝しようと思ったけどやっぱり見に来た
-0:07	ザッハトルテ。	しおしおしてきた
-0:05	やまP	しお...しお....
-0:05	氷水:ひすい	しおしお
-0:05	よさく	集中力持つのかな
-0:01	U- G	さっきぶりっす
0:00	モジャンヌ	栞桜ちゃんから来ました
0:08	ヨシムネ	こんばんは
0:12	サカナ	ｷﾀ━━━━(ﾟ∀ﾟ)━━━━!!
0:13	みづき	さっきぶりー
0:13	古鉄	さぁこっちも楽しみだ
0:13	グレブナーb	敗北者…？
0:14	カワラ	ひとりリレーはくさ
0:15	帰宅RTA	しおしおッ
0:15	らにふ	こんばんは🌸（二度目）
0:16	ずん	こんばんは🌸
0:16	拡散の尖兵	さっきぶりです
0:17	あのんまのん	こんばんはー！
0:18	メディ	こんばんは！
0:18	wildcat5314	観る前から高評価ポチ
0:18	ハセマ・スネーク	一人リレー配信お疲れ様です🌸
0:18	天城久秀	栞桜ちゃん久ぶり～🌸
0:19	伊奈ぴょん	え？この枠がホラー枠になるのか・・・？
0:19	猫歩きACT2	こんばんはー
0:19	Josh	こんばんはー
0:20	バルビン	こんばんはー
0:20	ひっきー	塩分は命の素でもあるから・・・
0:20	芝村	お
0:20	ぐぅたら	こんばんはー🌸
0:21	OB RA	きた
0:21	ちゃぼうず_cyabouzu	お、はじまった
0:22	オーレウェルギウス	待機🌸
0:22	十三姫	きたー
0:23	ころコロ	こんばんは🌸🌳✨
0:23	omi	こんばんはー🌸
0:23	杏	こんばんわ🌸
0:23	十三	こんばんはー
0:24	桜色の図書館	こんばんは🌸（2回目
0:24	ね ゙え ゙え ゙	こんばんは～～
0:24	れめれめ	はやー
0:25	リベア	さっきぶりー
0:25	木一	さっきぶりー
0:26	清水めだか	こんばんは
0:26	なーく#Nark	こんばんはー🌸
0:26	ノカゼ	こんばんは
0:27	ナシュナシラ	こんばんは！
0:27	ark0125	こんばんは
0:27	ささかま。	こんばんはー
0:28	限界	お久しぶりこんばんはー
0:28	やまぶどう	こんばんはー
0:28	訾兰城	こんばんはー🌸
0:28	蓮dr	こんばんは～
0:28	なんか青い	さっきぶりです
0:29	鶏丸	こんばんはー
0:29	がっち	再こんばんは
0:30	ミツキ	こんばんは🌸
0:30	keg-on{けごん}	こんばんは🌸（二度目）
0:30	おは	こんばんは🌸
0:30	モジャンヌ	きちゃああ！
0:31	マロニエ	さっきぶりです
0:31	彗星夜	こんばんはー🌸
0:31	CCR	こんばんは🌸
0:31	桑原みー	こんばは～
0:31	順平	こんばんは🌸
0:31	トリフネ	こんばんは🌸
0:31	帰宅RTA	こんばんは🌸
0:31	ケムリン	はじまりましたか！
0:31	業者さん	こんばんは
0:31	捨てふぁに	時間ぴったりでしたねー(´ω｀)
0:31	トキサメ	こんばんはー🌸
0:31	立花むえ	こんばんは🌸
0:32	猫のバロン	こんばんわ🌸
0:32	はえよい	こんばんはー
0:32	シヴァ村卯月	さっきぶりです～🌸
0:32	グレブナーb	こんばんはー
0:32	〆作	こんばんはー
0:33	レーマリカヒ	きたきたー
0:33	Takebon[たけぼん]	こんばんは🌸
0:33	唐揚げ大好き	こんばんわー
0:33	。むあ	こんばんわー
0:34	Red eyes	こんばんはー
0:38	あのにます	ひとりでもリレーはできる(ドンッ！
0:39	wildcat5314	おかえり～
0:39	文伽	こんばんはー
0:39	Amelia	同卓できなかったニキ元気出して
0:39	ケムリン	こんばんは
0:39	銀河美少年	こんばんは🌸
0:39	ユーミン	こんばんは～
0:40	寿司丸	改めてこんばんはー
0:40	不思議の国の人形	こんばんはー​🌸
0:40	ぐりむ	こんばんは！🌸
0:40	TheFreedom 2051	さっきぶりー
0:40	mischa's Lab.	こんばんはー
0:40	朧火凛	おかえり？こんばんは 一人リレーおつかれさまです！
0:40	芋下きぬ	こんばんわおかえり
0:40	パリッコ	こんばんは
0:41	みーや	こんばんは！🌸(２)
0:41	rapid eye rabbit	こんばんは🌸（2回目）
0:42	モジャンヌ	こんばんは(二回目)
0:43	Fu ki	こんばんは🌸
0:43	ころコロ	こんばんは🌸🌳✨
0:44	ぬゐ	こんばんはー🌸
0:44	小豆茶	こんにちは
0:44	東雲	​こんばんは
0:44	おからごはん	こんばんわ
0:44	沢柳水面	こんばんはー🌸
0:44	ふるーり	凄い久しぶりな気がするが木の性だった
0:44	ありにゃ	こんばんはー
0:44	十三姫	忘れないうちに高評価ぽち
0:44	うみとり	こんばんは～
0:44	SHINJI.K	こんばんは🌸
0:44	ムームー	こんばんはー
0:44	ひこたろ	こんばんは🌸
0:45	黄月英	こんばんは
0:45	ハラロボ	こんばんは
0:45	いざよいさくや	こんばんは～
0:45	ぺんど	さっきぶり
0:45	maguna	こんばんは
0:45	ケケ	こんばんはー
0:45	Raur Brony	栞桜ちゃんの配信見てたら栞桜ちゃんの配信予約の通知が来てた
0:45	レプタイル	こんばんはー
0:46	あい	こんばんはー！
0:46	筆記丸	こんばんは🌸
0:46	エビ天	こんばんはー
0:46	ぶたどん	きちゃ
0:46	ふぉのん	こんばんは🌸
0:47	Maha raja	こんばんは（さっきぶり）
0:47	玄米茶	こんばんは、七萬振り込んだものです
0:48	ろくじょう	こんばんは🌸
0:49	moti ancoro	ホラー配信と聞いて
0:49	アリス・バレンタイン	こんばんは
0:49	揚げ饅頭	こんばんはー
0:49	オボン	こんばんはー
0:49	ユンユン	こんばんは
0:52	nao 77	こんばんは
0:52	ゆひさめ	こんばんは🌸
0:52	Levith	こんばんは🌸
0:52	closing	こんばんは〜
0:52	鉄おから	🌸
0:52	鷹綾	こんばんは
0:52	おかしろ	こんばんわ～🌸
0:52	飲む牛乳	こんばんはー
0:52	help	こんばんは
0:53	sumk27	こんばんは🌸
0:53	神原カリス	こんばんはー(本日初
0:54	ナナシの植物	こんばんはー🌸
0:54	たいやき	こんばんはー
0:55	あのにます	こんばんは🌸
0:55	トリウナギ	こんばんは～
0:55	颯斗	再びこんばんは！
0:55	ねりようかん	こんばんは
0:55	204βわかる	こんばんは
0:56	しまご	こんばんは
0:56	ヨタ	さっきぶりです こんばんはー
0:56	氷水:ひすい	こんばんは🌸
0:56	いいさん	こんばんは🌸
0:56	tan ge	間に合ってよかった
0:56	si n	こんばんは～
0:56	大谷刑部吉継	こんばんわー
0:57	真っ黒フウ	こんばんはー！
0:57	ネムレス	ごきげんお歌枠だーー
0:58	小咲	こんばんは
0:58	ダンデライオン	こんばんは〜
0:59	taka32 S	こんばんは🌸
0:59	ビ厶	こんばんは
0:59	ころコロ	こんばんは🌸🌳✨✨✨
0:59	よさく	こんばんは🌸
0:59	Leiros Skyly	こんばんはー🌸
0:59	飛鳥	こんばんはー🌸
1:00	いろ	こんばんわー！
1:00	紺太	このサムネかわいい
1:00	鶏だしクリーミィ	やった栞桜ちゃんの配信いつぶりだろー
1:00	ちゃんちゃんしおしお	こんばんはー
1:00	首都ブラジリア	こんばんは
1:00	Badluck-shvine	さっきぶり！
1:00	fu_ko_	こんばんわ🌸
1:00	らふ〇いぐ10	こんばんは🌸
1:01	たい焼き袋詰	こんばんは
1:01	十三姫	こんばんはー
1:01	カワラ	こんばんわー🌸
1:01	くろしば	こんばんはー🌸
1:01	テーク	こんばんは～🌸
1:02	おは	おうたホラー枠
1:02	アルゴノゥトチームGospel	おかえりー
1:02	KA A	こんばんはー
1:03	こーちゃ	こんばんわー🌸
1:03	OB RA	M
1:03	zu ki	またまたこんばんは
1:03	翡翠_Hi	こんばんわやで！
1:04	ありにゃ	こんにちは
1:04	西都なつ	こんばんは
1:04	紺太	こんばんはー
1:04	204βわかる	こんにちは
1:04	*らすく*4693	こんばんは！
1:04	もるぽん	続けてよろしくー
1:04	やまP	こんばんはーー🌸
1:05	ピコまろ	こんばんわ！
1:05	されこ	こんばんは
1:05	まこだいあ	こんにちはー
1:05	たけどーら	こんばんは
1:05	きんつば	こんばんはー
1:05	はえよい	次の解説頭の（色の）おかしい人じゃん
1:06	ヨウ	こんばんはー
1:06	前田直輝	こんばんわ
1:06	山北	さっきぶりー
1:06	古鉄	こんばんは🌸（２回目）
1:06	霧雨	こんばんは
1:06	拡散の尖兵	こんばんはー
1:06	伊奈ぴょん	こんにちは・・・・？？？？
1:06	捨てふぁに	さっきぶり～(o´ω｀)ノ
1:07	はんごろりん	こんばんは🌸
1:07	ユーミン	おっけ
1:07	Nights -O	こんばんわ！
1:08	花吹雪	こんばんはー
1:08	pv order	右だ
1:08	あのんまのん	寂しかったよ
1:09	〆作	もう昼か
1:09	ロザエ	こんばんはー！
1:10	ろき	OKです
1:10	ルクス	こんばんは🌸
1:10	乙乙	ええで
1:10	帰宅RTA	はーい
1:10	彗星夜	はーい
1:10	樹-ITSUKI-	あれっ？さっき会ったような？ｗ
1:10	うみとり	おっけ
1:10	ロジー	こんちは
1:10	フゥ	一人リレーやね
1:11	トリフネ	さっきぶりです
1:11	夜月	こんばんわー🌸
1:11	BlueMonday	こんばんは
1:13	みささんべ	改めてこんばんは
1:13	はえよい	おｋ
1:13	えすい	またまたこんばんはー
1:13	アテナ	こんばんは🌸
1:13	拡散の尖兵	まつ
1:13	Badluck-shvine	よかろう
1:14	mezzoforte	こんばんは～🌸
1:14	カンザキシン	あいよ
1:14	___うちゅ	こんばんはー
1:14	美波ムギ	こんばんわー
1:14	琵琶丸	konnbannha-
1:15	ケムリン	ええでええでー
1:16	ププリンΩ	きこえるよー
1:16	THORN	お？
1:16	204βわかる	聞こえるよー
1:17	*らすく*4693	聞こえてます！
1:17	やまP	いいよー
1:17	やあけ	きこえます
1:17	なーく#Nark	聞えてるよー
1:17	U- G	こんばんは
1:17	なんか青い	聞こえます
1:18	さっつん	こんばんは
1:18	飛鳥	おかえりー
1:18	テーク	聞こえてまーす！
1:18	ゴリラのきゃんの	おかえり
1:18	Nights -O	きこえるよー
1:18	アイリス	聞こえる
1:18	大谷刑部吉継	戻ってきた！
1:18	サカナ	おっけー
1:18	tan ge	ハーイ
1:18	うみとり	聞こえる
1:18	しあわせターン	聞こえるよ！
1:19	ns zn	きこえる
1:19	Takebon[たけぼん]	きこえますよ
1:19	【 叶 】magica〝桜一色〟	聴こえるよ
1:19	Makotola	こんばんは🌸
1:19	ねりようかん	きこえるよ
1:20	rapid eye rabbit	聞こえるよ
1:20	シヴァ村卯月	おかえり
1:20	唐揚げ大好き	聞こえますよー
1:20	mischa's Lab.	聞こえまーす
1:20	Levith	きこえる
1:20	乙乙	きこえる
1:20	ネムレス	聞こるよー
1:20	桃谷[ももたに]	こんばんはー
1:21	たい焼き袋詰	聞こえます
1:21	CCR	聞こえる
1:21	うみにん	大丈夫です
1:22	シャルム	きこえるよー
1:22	Orpheus1221	聞こえるよ
1:22	やっさん	あいあい
1:22	ノカゼ	聞こえます
1:22	Fumy H	聞こえるよー
1:22	ShingoMk-Ⅱ	こんばんは🌸
1:22	トリウナギ	おかえり
1:23	ロザエ	きこえるー
1:23	みーや	聞こえますよー
1:23	204βわかる	おかえり
1:23	でっど	聞こえてるよ
1:24	モナリザ・マシュマロマン	きこえるよ
1:24	天城久秀	聞こえます！
1:24	せしのれ	聞こえます～
1:24	ネムレス	おかえり
1:24	やあけ	おかえりなさい
1:25	らにふ	おかえり
1:25	聖徳明太子	聞こえやす
1:25	アステマ	おかえりー
1:25	*らすく*4693	おかえりー！
1:26	ナス焼き	こんばんは
1:26	Rei	聞こえるよ〜おかえり〜
1:27	こーちゃ	きこえる
1:27	レモンP	おかえりー🌸
1:27	ゆう	こんばんは～！
1:28	21	おかえり
1:28	初音ミクオ	聞こえるよ
1:28	雨の宿り木	こんばんは🌸
1:28	飛びフライ	聞こえてるー
1:30	ぼたかそ	こんばんはー
1:30	びろーん	お久しぶりです
1:30	ちゃぼうず_cyabouzu	聞こえるよー
1:30	こじげん	おかえりー
1:30	神原カリス	聞こえてますよー
1:30	やまぶどう	ん？
1:31	Akiteru Fjimoto	こんばんは〜
1:31	拡散の尖兵	おかえり
1:31	ケケ	おかえり
1:31	如月陸	おかえりｗ
1:31	ライトクルーザーNo.2	こんばんはー
1:31	いろ	おかえりなさい～
1:31	wildcat5314	おけまる🌸
1:32	さみゅ	聞こえてます
1:33	yukiya	こんばんはー
1:33	ささかま。	聞こえるよー
1:37	此処葉	ちょっとカクカクだったね
1:38	CCR	確かにちょっとカクカクしてた
1:39	杏	カクカクだったね
1:40	カル	こんばんは！
1:41	麻雀ビギナーしょーしょん	ほーほー？
1:41	なーく#Nark	なるほど
1:41	雨宮恵	かくかくなってたね
1:41	aki	こんばんはー
1:41	ぶたどん	言うほどか？
1:42	ゆもり	こんばんは＾
1:42	がっち	まあカクカクになってたね
1:42	タニシ11201	こんばんは🌸
1:43	シヴァ村卯月	ちょっとかくついてたね
1:43	昼行燈	おかえりなさい
1:43	もるぽん	なるほどありがとう
1:43	首都ブラジリア	だったね
1:44	超大型小人。	こんばんはー
1:45	帰宅RTA	了解
1:45	妖精の灯り	なるほど了解！
1:46	ムラ	聞こえてますよー
1:46	ようすけ	概要欄のサムネ作者変わってない？
1:46	Nights -O	なるほど
1:46	トリフネ	なるほどね
1:47	カンザキシン	あいあーい
1:47	なす	たまーにだったけども
1:48	紫ユウキ	こんばんは🌸
1:49	Levith	時々かくかくだったね
1:49	くろしば	たすかります
1:49	ネムレス	ちょっとカクカクでしたね
1:49	ユーミン	はーい
1:49	Fairy Snow	こんばんはー
1:50	唐揚げ大好き	ちょっとカクツクとこもあった
1:51	古鉄	確かにちょっとカクツイてた部分あったね
1:51	ことこと	確かに少しカク付いてたね
1:51	KA A	はーい
1:51	Orpheus1221	いいよ
1:52	Fumy H	おｋです
1:52	akuneko	お帰りー
1:52	リュカ	こんばんわー
1:52	司令_つかされい	おｋ
1:53	エビ天	はい
1:53	taka32 S	了解
1:54	ぐぅたら	おけー
1:54	いざよいさくや	大丈夫そう
1:54	gaty fs	ありがとうございます
1:54	朧火凛	はーい
1:55	ガジュライ	こんばんは
1:55	21	わかりました
1:55	Amelia	今のところぬるぬる
1:55	ヨタ	動き激しいところだとカクついたね
1:56	トキサメ	了解ですー
1:56	テーク	はーい！
1:57	うみにん	アーカイブで見てもカクカクでしたね
1:57	keg-on{けごん}	今は大丈夫だよ
1:57	はえよい	まじか全然気にならなかった
1:57	。むあ	おｋ
1:58	ひっきー	あまり気になってなかった・・
1:58	ケムリン	はーい
1:58	雨宮恵	はーい
1:59	雨の宿り木	了解
2:00	新宮架	概要欄のサムネ紹介がとなりけるさんのままっぽい
2:00	陽炎	こんばんは
2:00	やまぶどう	演出派手なやつあったからね
2:01	紫月	こんばんは🌸
2:01	ガラ	こんばんはー🌸
2:01	なーく#Nark	いい感じだと思いますよ
2:01	マイケル	こんばんはー。おやすみー。
2:01	ネムレス	ありがとう
2:01	芋下きぬ	ちょい小さい
2:01	麻雀ビギナーしょーしょん	少し小さい？
2:01	でっど	了解です
2:02	いろ	了解です！
2:02	元気だしてこ	カクカクやった？そうか
2:02	たいやき	承知しやした
2:02	help	おｋ
2:02	あのんまのん	あーおま環じゃなかったのね
2:03	彗星夜	おけー
2:03	OB RA	音大丈夫
2:03	雫凪	こばわん～。前回まだ見れてません…必ず見るけど！
2:03	ねりようかん	うるさくないよ
2:04	いざよいさくや	今のところ大丈夫
2:06	Fumy H	ちょっとゲーム音量小さいかな？
2:06	ユーミン	今のところは大丈夫っかな
2:06	西都なつ	声かかわいい
2:06	。むあ	大丈夫
2:06	Takebon[たけぼん]	音は大丈夫
2:06	きーぼー	ちょうどよいよ
2:07	Orpheus1221	音大丈夫です
2:08	torysun	ビットレートよりも解像度かも
2:08	朧火凛	音は大丈夫～
2:08	おからごはん	大丈夫
2:09	マイケル	今回叫ぶ？叫ばない？
2:09	ミタケモカ	音ちょうど良いです。
2:09	Chocola	悲鳴だけ下げといて
2:09	モジャンヌ	音少し小さい？
2:09	カル	職場で仕事しながら配信見てます。
2:10	ピコット	今ゲーム音全然聞こえない
2:10	ɥʇɹıᙠ	ゲーム音ちょっとちいさい
2:10	ザッハトルテ。	大丈夫だよ
2:10	やあけ	あんまり気にならなかったけど
2:11	妖精の灯り	メニュー画面とプレイ時の音量変わるから何とも
2:11	唐揚げ大好き	今のところ音は大丈夫
2:11	-デビッド-David	音は大丈夫です
2:12	カンザキシン	叫ばないなら大丈夫ｗ
2:12	サカナ	音も大丈夫
2:12	Badluck-shvine	ちょっとゲーム音小さいかも
2:12	氷水:ひすい	タイミング調整する？
2:12	雨宮恵	今は大丈夫だよ
2:13	山本たろう	大丈夫そう
2:13	くらつ	ゲームの音はちょっと上げて
2:14	ライトクルーザーNo.2	ゲーム音が小さめ？
2:15	桑原みー	もう結構ハードやってるの？
2:16	ゴリラのきゃんの	もう少しゲーム大きいほうが良いかも
2:16	ももりん	音は声がかわいい
2:16	こうめ	こんばんは
2:17	夜月	今日も歌枠かな？
2:18	いざよいさくや	ちょっとゲーム音小さいか
2:18	帰宅RTA	BGMが小さいかな
2:19	エビ天	ゲーム音小さいかも
2:19	なーく#Nark	ゲーム音量が少し小さめ？
2:19	gaty fs	音楽と歌の方に惹かれてたからセーフ
2:20	杏	ゲーム音ちょい小さい？
2:20	THORN	音大丈夫～！
2:20	ユーミン	草
2:21	彩りの民	音はちょうど良いよ～
2:22	レモンP	草
2:22	ノカゼ	音ちょっと小さいかな？
2:22	antidust	ゲームBGM少し小さいかな？
2:23	シャルム	今日はハードでチャレンジするの？
2:24	十三姫	ゲーム音が小さめかな
2:24	21	こころもちゲーム音が小さい？
2:25	唐揚げ塩麹	DIVAすきだからめっちゃ助かるわ
2:25	ケムリン	ゲーム音量小さいかも？
2:26	Nights -O	音量問題ないよ
2:26	Shi A	ハードフルコン耐久かな？？
2:26	初音ミクオ	大丈夫
2:27	ミツキ	概要欄初音ゲー以外いっしょだね
2:27	ぶたどん	激寒ギャグ書いてないやん！😠
2:30	麻雀ビギナーしょーしょん	あいっ
2:31	tan ge	いい感じ
2:31	ヨルネ	こんばんは
2:32	fu_ko_	ゲーム音もう少しおおきくてもいいかも
2:33	ぺんど	ちょっとだけゲーム音小さいかな？
2:33	西都なつ	ん？
2:34	古鉄	コピペしたせいじゃねｗ
2:35	やあけ	はい？
2:35	帰宅RTA	ん？
2:36	猫のバロン	草
2:36	みのる	もうちょい音上げていいよ
2:37	首都ブラジリア	本当だまたアイマスで挫折してる
2:37	wildcat5314	麻雀しながら作るから・・・
2:37	大谷刑部吉継	これいい曲やね
2:38	keg-on{けごん}	前回変えた？
2:40	こじげん	お？
2:41	ユーミン	あ～…
2:42	T M	？
2:42	Nights -O	？？
2:43	タコ助	ハイ
2:44	アリス	あらま
2:44	いざよいさくや	草
2:45	タコ助	ww
2:45	麻雀ビギナーしょーしょん	草
2:45	妖精の灯り	え？マジ？
2:45	。むあ	あれいー
2:46	KA A	あら？ｗ
2:47	Badluck-shvine	えｗ
2:47	司-つかさ-	草
2:47	パイライトテディ	再度こんばんは
2:48	カンザキシン	マジ？
2:48	あのんまのん	草
2:48	雨宮恵	えｗ
2:48	シヴァ村卯月	草
2:49	司令_つかされい	草
2:49	Levith	あっ
2:49	marianne van tienen	ワロタ
2:49	taka32 S	草
2:49	リベア	草
2:49	元気だしてこ	上書き？
2:49	ゆんゆん	やっちまったなぁ！？
2:50	夜月	草
2:50	がっち	えぇ
2:50	ザッハトルテ。	そんなまさか
2:50	ゆもり	草
2:51	おは	草
2:51	Orpheus1221	草
2:52	花嫁の魔女	DIVA
2:52	mezzoforte	草
2:52	此処葉	草
2:53	まこだいあ	それは草
2:54	ヨウ	まじ？
2:54	木一	番凩懐かしすぎ
2:54	彗星夜	なるほどｗ
2:54	rapid eye rabbit	あら
2:55	もるぽん	初音ゲーです
2:55	ns zn	草
2:56	sa	草
2:56	ユーミン	どこのやｗｗ
2:57	ぶたどん	激寒ギャグがないやん！
2:57	グレブナーb	草
2:57	神無月健二	草
2:58	くろしば	あーｗ
2:58	SOS	何を編集したんだ
2:58	KA A	ｗ
2:58	あのにます	謎
2:59	こうめ	なにしたん
2:59	帰宅RTA	謎
2:59	カンザキシン	ゲーム音あげてー
2:59	やまぶどう	どこいじった
2:59	omi	えぇ……
3:00	昼行燈	草
3:00	みづき	草
3:01	わかめ	落ち着いてｗ
3:01	レモンP	草
3:01	ろっきー	ゲーム音が気持ち小さい
3:01	テーク	前回「もしかして」今回「わたしたち」
3:01	彗星夜	草
3:02	おかしろ	草
3:02	ふぁりゅ	保存してないのでは
3:02	Takebon[たけぼん]	編集はしたんだね
3:02	元気だしてこ	ｗｗｗ
3:02	いざよいさくや	何を編集したんだ・・・？
3:03	あまなつみかん	草
3:03	shimo 636	草
3:03	タコ助	錯綜してる
3:03	捨てふぁに	草
3:04	チーズ美味しい	えぇ
3:04	ひっきー	それは気になるｗ
3:04	keg-on{けごん}	めんどい事になったなｗ
3:04	ぐりむ	草
3:04	司令_つかされい	クイズかな
3:08	初音ミクオ	草
3:08	司-つかさ-	はい
3:08	桑原みー	別んとこのが編集してるんか
3:08	郭々	ミクだけに...ww
3:09	トンキン湾の人喰い虎	こんばんは～🌸
3:09	雨の宿り木	あら
3:09	暁宵	どっかの概要欄おかしくしたのかｗ
3:10	杏	ほらぁ急ぐからぁ
3:10	雫凪	別世界かな？ｗ
3:10	ミケ猫(Hz)	お歌枠だぁーーー
3:11	ろっきー	絵でわかる
3:11	妖精の灯り	全然大丈夫よ
3:11	ユーミン	それは早く確認してｗｗ
3:11	ささかま。	草
3:11	カワラ	ゆっくりでええで
3:11	ぶどー	探せ！どこの概要欄がいじられたんだ！
3:12	Rei	だいじょうぶよ～
3:12	メイダイン	まさかバイノーラル雑談だった！？
3:13	さーもばりっく	番凩なつかしすぎる！
3:13	いざよいさくや	夢遊病か？
3:13	サカナ	.さん
3:13	なーく#Nark	編集したと思って反映してなかった説
3:13	雨宮恵	編集したという夢を見たんだ
3:13	御傘哀歌	がんば
3:14	Maha raja	編集したと思っているだけやで
3:14	あのにます	.さん
3:14	-デビッド-David	かまへんかまへん
3:15	mother ship	ゆっくりやって
3:15	くらつ	昨日のアーカイブをコピペして名前変更を忘れただけじゃ？urlはちゃんと合っているから
3:16	新宮架	読み方初めて知った
3:18	ガジュライ	草
3:23	もるぽん	いーち
3:24	モジャンヌ	はーい
3:24	クーニャ	こんばんはー🌸
3:24	ありにゃ	いーち
3:25	あぎだどら	今日はいきなりハードかな？
3:25	榊道昭	.さん
3:27	ネムレス	いいよー
3:28	〆作	何を編集したんだｗ
3:28	やまぶどう	いーち、にー、
3:28	ありにゃ	にーい
3:29	ザッハトルテ。	いいよー
3:29	Fumy H	どれだった？
3:30	元気だしてこ	1
3:30	氷水:ひすい	いつもの方
3:31	あよ	１，２，３、……
3:33	司令_つかされい	めっちゃ上手い人
3:33	ゆんゆん	いーち、ろーくじゅう！
3:33	Sai Yukishima	こんばんは～♪
3:33	マイケル	１、、２、、３、、
3:34	あのんまのん	いーちにーいさーん
3:37	ノカゼ	テオ好き
3:38	麻雀ビギナーしょーしょん	てを
3:38	繝壹ち繝壹ち繧キ繝輔ヨ	テオ大好き！
3:39	THORN	６０！
3:40	。むあ	1…2…
3:41	帰宅RTA	.さんか
3:41	レモンP	どこやってしまったのだろうｗ
3:41	北傘	ツイッターのヘッダーの絵の方か
3:42	やあけ	おつかれさまです
3:45	ミケ猫(Hz)	5秒
3:46	燻しTak庵	こんばんはー🌸
3:46	妖精の灯り	テオほんとかっこいいよ
3:46	伊奈ぴょん	一分って実質２秒か(文字を数える)
3:47	いざよいさくや	テオってあったっけ？
3:47	はちゃどら	天鳳？？？？
3:48	モナリザ・マシュマロマン	テオめっちゃ好き
3:48	pldra プレドラ	テオいいよね
3:49	ヤドカリプス	ひゃーく
3:50	マイケル	子守歌にさせてもらいます。おやすみなさい。
3:50	麻雀ビギナーしょーしょん	さぁーん！(世界のナベアツ)
3:51	モジャンヌ	ゲーム音少し上げてくれますか？？
3:51	西都なつ	なんなりてｗ
3:51	*らすく*4693	はーい！
3:52	タコ助	テオすき
3:52	立花むえ	テオめっちゃすき
3:53	wildcat5314	麻雀中毒は？
3:53	オロロン	なおった！
3:54	みーや	一分とは
3:54	十三姫	テオ！！！！ 大好き！！！
3:56	高速フーリエ変換	テオは聴いたことある
3:58	ゆう	テオ好き
3:58	ザッハトルテ。	昨日見てDIVA買ってきました
4:00	ピコット	テオHARDクリアできたら一人前の音ゲープレイヤーと言える
4:00	れいりす	ゲーム音が小さいかな
4:00	MrYENTEA	麻雀中毒は？ｗ
4:01	カワラ	麻雀中毒聞きながら待ってた
4:01	浪漫砲	激ムズ曲きた
4:02	ぶたどん	なんで激寒ギャグ消したの？🥺
4:03	〆作	直ってるな
4:04	蓬莱山冬夏	いまあったよ
4:04	拡散の尖兵	ておいこ
4:04	乙乙	天鳳？
4:05	サカナ	いまあった
4:06	妖精の灯り	テオあるよ
4:06	THORN	テオ。
4:06	カンザキシン	天鳳？
4:07	OB RA	いまあったよ
4:07	やあけ	いまでうつってましたよ
4:07	ムラ	テオいいですね
4:07	モジャンヌ	あったよ
4:07	ありにゃ	今見えた
4:07	麻雀ビギナーしょーしょん	あったやん今
4:07	鶏だしクリーミィ	あったよ
4:07	タコ助	いまあったよ
4:08	Hasesan	あったはず
4:08	Fumy H	今あったよ！
4:08	ひっきー	今あった
4:08	あのんまのん	今あった
4:08	浪漫砲	あった
4:09	西都なつ	あったね
4:09	高速フーリエ変換	今見えた
4:10	ろっきー	テオあったよ
4:10	にいやまざくろ	すぐ下にあったよ
4:10	ゆんゆん	今あったよ
4:10	唐揚げ大好き	あるじゃん
4:10	レモンP	いますぐ下にあったぞい
4:12	まるかね	今見えてたやつ？
4:12	リベア	天樂やってほしいなあ
4:12	204βわかる	解禁されてるやん！
4:12	エウリュ	あった
4:13	麻雀ビギナーしょーしょん	テオ
4:13	十三姫	いまあったよ
4:13	なじー	さっきチラッとあった
4:14	繝壹ち繝壹ち繧キ繝輔ヨ	全開の配信でもあったからあるよ
4:14	トキサメ	昨日の配信でも映ってたからあるねー
4:14	Maha raja	いまあったぞ
4:15	さーもばりっく	さっき下にあったよ！
4:15	ミタケモカ	今一瞬見えた。
4:15	れい しのみや	今あったね
4:16	hhh sss	今あった
4:16	うみにん	あったよね
4:17	CCR	今あった
4:18	桑原みー	あーそっか絵が違う人になっちゃうんだ
4:18	Ruka in	これ本当好き
4:18	朧火凛	いまあったよ～
4:19	いざよいさくや	あるか
4:19	ミケ猫(Hz)	あったー
4:19	明日カン八郎	テオいいね
4:21	Nights -O	あったあった
4:21	芝村	ゲーム音上げます？
4:24	omi	テオ大好き
4:25	THORN	あるはず。
4:26	ユウケン	テスカトル
4:27	ムラ	テオ！テオ！
4:28	ぽいっぽ	テオだ
4:28	なーく#Nark	ゲーム音量ちょっと大きくして欲しいかも
4:28	雨の宿り木	テオ好き
4:28	芋下きぬ	音量遠いわ
4:29	ミケ猫(Hz)	ステキですよ
4:29	Fumy H	最近のボカロ曲全然わからん
4:29	kakusantakesan	かなり最近の曲だね
4:30	雫	テオ最近よ
4:30	麻雀ビギナーしょーしょん	テオか
4:31	山北	テオは有名やで
4:32	にいやまざくろ	最近
4:34	夜月	テオはマジで熱い
4:34	妖精の灯り	前のマジカルミライのメイン曲だっけ？
4:34	ぶたどん	許さないが
4:35	立花むえ	ゲーム音量ちいさそう
4:36	ミツキ	再生数ミリオン超えてたはずだし有名じゃない？
4:36	いざよいさくや	テオ最高
4:36	ひっきー	見たことないので、気になる
4:36	桑原みー	あ、Tell your worldあるんだ
4:37	___うちゅ	テオ入ってるのか
4:37	black black	テオは初音ミクのテーマにおいて最強曲
4:37	ずん	いいよ
4:38	wisteri a	ゲーム音ちいさいかな？
4:38	OB RA	わりかし最近（一、二年前）に流行ったかな？
4:38	ピコット	omoiさんの曲は元気出る曲多いからおすすめよ
4:38	pldra プレドラ	雪ミクライブとかマジカルミライでも流れたしね
4:39	トキサメ	歌われてたのもちょっと前だからねぇ
4:40	剛刀同狸	テオかっこよくて好き
4:41	*プロミネンス*	テオカッコイイよね
4:41	トリフネ	ゲーム音少し小さいかも
4:41	あのんまのん	日和った？
4:42	帰宅RTA	BGMいい感じになった
4:42	たーる	これゲーム音入ってなくない？
4:42	204βわかる	初見ノーマルでもいけるのでは
4:43	タコ助	わー
4:43	Ruka in	言うほど最近か？
4:43	さーもばりっく	テオは最近だね
4:43	やあけ	上達確認するんだw
4:43	バナナ	かわいい
4:44	伊奈ぴょん	最近のボーカロイド分かるのなら知ってるのでは？(突っ込み)
4:44	こうめ	これも最近チュウニに追加されて知った
4:44	うみにん	古のニコ民なので解らない...
4:45	麻雀ビギナーしょーしょん	テオ・テスカトル…？
4:45	ぽいっぽ	どれだけ上手くなったかわかるね
4:45	Nights -O	なるほどw
4:45	十三姫	やったー！！ テオだー！！
4:46	yukiya	omoi
4:46	彩りの民	がんばえ～
4:47	猫のバロン	いいよ
4:47	あよ	上達が見られるね！
4:47	しばわん	いいよ
4:48	くらつ	まだちょっと上げてもいい
4:48	元気だしてこ	がんばれ～
4:48	ずん	テオに始まりテオで終わるｗ
4:49	拡散の尖兵	テオに始まりテオに終わる
4:49	司令_つかされい	比較検討は大事
4:49	トンキン湾の人喰い虎	知らない曲なので楽しみ
4:49	どんぐり1986	テオはMMDでかっこいいの見つけて知ったなぁ
4:50	西都なつ	テオに始まりテオに終わる
4:50	ことこと	流石にもう初見ノーマルぐらいで大丈夫じゃない？
4:51	がっち	最近のは知らないけど楽しみ
4:52	THORN	どうかな？
4:52	ライトクルーザーNo.2	知らぬ
4:52	神原カリス	アケ民なので知らない曲ですね…
4:52	pandoゴネーシャ	テオいいよね
4:54	唐揚げ大好き	曲始まったらわかる
4:54	なんごくとうふ	テオ知らないなぁ
4:54	あのにます	いいかんじ
4:54	やあけ	大丈夫です
4:55	204βわかる	いいと思う
4:55	ゆんゆん	テオで手をやられるのか
4:55	雫	年だけどね
4:56	なーく#Nark	いい感じになったかもです
4:57	OB RA	いい感じ
4:57	芝村	メテオも愛して～
4:57	アルゴノゥトチームGospel	テオで始まりテオで終わる
4:57	テーク	最近のわからない…
4:58	山本たろう	よくなった
4:59	ゴリラのきゃんの	いまちょうどいい
5:00	〆作	ちょうどいいとおもう
5:00	ユーミン	いいと思う
5:00	タカぴー	古龍かな？(無知)
5:00	ɥʇɹıᙠ	いまいい感じ
5:01	雨宮恵	いい感じ
5:01	モジャンヌ	もうちょいあげてもおけ
5:01	桜花	いい感じ
5:01	やまぶどう	はい！はい！
5:01	トリウナギ	ゲーム音いい感じよ
5:02	シヴァ村卯月	ちっちゃい
5:02	山田エミール	いい感じ
5:03	ムラ	もうちょっとゲーム音上げてもいいかも
5:03	芋下きぬ	いい感じだわ
5:04	夜月	ちょっと小さいかな
5:04	パイライトテディ	初めて聞く
5:04	sarami tarou	こんばんは～
5:04	ごはん	後でアーカイブみます！音ゲー頑張って！
5:04	Hasesan	まだちょっと小さいかも
5:05	シロ組ありす桜花	テオいいよね
5:05	れいりす	まだデフォミクさんの衣装なのね
5:07	ピコット	OKOK
5:08	ぺんど	いい感じになった
5:08	hhh sss	ておいこ
5:08	いざよいさくや	この入りからもう熱い
5:08	ミタケモカ	いい感じー。
5:09	ろっきー	丁度いいかな
5:10	keg-on{けごん}	はい！はい！
5:10	七鳩	ちょうどいいよ
5:11	天鳳爆発しろ	まだイージー？
5:11	朧火凛	ボタンの音がでかくなるオチｗ
5:14	gaty fs	音量大丈夫ですよ
5:14	ガジュライ	いい感じ
5:15	なんごくとうふ	音量いい感じ
5:15	桑原みー	結構早い曲だなー
5:17	shimo 636	上達してるｗ
5:17	スズメがサンバ	ミクかわいい
5:18	さーもばりっく	MMDで有名といったらロボットのやつか
5:18	鶏だしクリーミィ	テオのFGO MMDすき
5:19	a i	いまきたー！
5:19	mother ship	大分なれてる！
5:19	おは	最近のわからん
5:19	天城久秀	これイージー？
5:22	雨宮恵	すごい上達してる
5:23	浪漫砲	3年ぐらいまえじゃないか？
5:24	妖精の灯り	初見の曲難しいよね
5:25	ピコット	DIVA的にはこの作品から収録だから最近（）
5:27	天城久秀	音量良い感じ！
5:28	山北	mmdで死ぬほど見る
5:28	ダンくま	うまくなってる
5:29	帰宅RTA	間隔で分かる
5:30	わかめ	大丈夫？ノーツも隠す？
5:31	司令_つかされい	初見なら上手い方では
5:31	みづき	上達を感じる
5:31	なーく#Nark	リズムでだいたいわかるかもですね
5:31	mother ship	目押しあんまりしないよ
5:31	Nights -O	初見はさすがにムズイね
5:32	司-つかさ-	うまくなってる！
5:32	Fumy H	知らない曲は目押しになってしまう
5:34	ぶたどん	譜面覚えるんじゃない
5:34	木一	上達してる
5:35	Maha raja	わかるよ
5:35	ケムリン	あたりはつきそうだね
5:35	にゃるちゃ	感覚でリズムわかるね
5:35	ミツキ	曲後半だとリズム掴めてくる
5:36	レイザーRR	感覚でやるぞ
5:36	テーク	リズムを直感で
5:37	maguna	結構予想出来るよ
5:38	ひっきー	音ゲーのプロはやりこみのイメージ
5:38	184	音感
5:38	唐揚げ大好き	めっちゃ上達しとる
5:38	T M	前回より明らかにうまくなってて草
5:38	やっさん	だいたいはリズムで合わせていくからなぁ
5:38	トリウナギ	初見でドラム叩ける人とかいるっすな
5:39	keg-on{けごん}	上手くなってるな！
5:39	人参饅頭	大体いける。慣れよ
5:39	ザッハトルテ。	上達してる
5:39	初音ミクオ	上手くなってる
5:40	KA A	めっちゃ上手くなっとる
5:40	桑原みー	一応針があるからそれみるんじゃ？
5:40	リベア	なんとなくわかるようにはなってくる
5:40	Kunpei Nishio	こんばんは、また悲鳴を聴きに来ました
5:41	雨宮恵	知ってる曲なら配信見ながらやってる事ある
5:42	しまご	ノーツの感覚でわかる
5:42	いざよいさくや	目押しはしない
5:42	うみとり	音感は関係ないと思います
5:43	らいむ	なんとなくわかる
5:43	ユーミン	上手くなってる
5:43	yuuki100A	イージーにしては結構難解かも
5:43	ぐぅたら	わりとどうにでもなる
5:43	伊奈ぴょん	これ背景と文字が混ざって見にくそう
5:43	にーね	リズムを取るので分かる
5:44	妖精の灯り	大体の流れと感覚でやってる
5:44	Rei	ノーツの間隔ではんだんする
5:44	こうめ	慣れかな
5:44	Ruka in	omoi
5:45	雫	スカスカしてると逆に取りにくい
5:45	十三姫	時計の針を見るよ
5:45	mischa's Lab.	DIVA初見は難しい
5:45	れいりす	Omoiさんかな
5:45	ことこと	ある程度のパターンあるから初見の曲でも幾らかは予想できる
5:46	琵琶丸	リズムで予測打ちするのでは
5:46	ぬい	omoiさん
5:46	ありにゃ	テンポとノーツの感覚でなんとなく
5:46	もるぽん	明らかにリズム感が上達してる・・・
5:47	ɥʇɹıᙠ	音感ってよりリズム感かな
5:47	ルクス	リズムに合わせて押す感じかな
5:47	204βわかる	上手い人は初見でも普通に取ってくるからなぁ
5:49	ワ・カ・メ	大体感覚でわかる
5:49	五十六	Omoi
5:49	夜月	ミクさん
5:50	twinkle	上手くなってますね！
5:50	gaty fs	まかのん得意そう
5:50	バナナ	はい！はい！
5:50	kakusantakesan	Omoiさん
5:50	れい しのみや	初回は割と無理では
5:50	レモンP	音感よりはリズム感ですわね
5:50	シロ組ありす桜花	サビかっこいいよね
5:50	Kon_fusing	おもい
5:51	P Prhythm	omoi
5:51	古鉄	音ゲーずっとしてると慣れてくるんよ
5:52	芋下きぬ	ドラムの音とかにだいたい合わせる感じ？
5:52	ns zn	だいたいリズムきまってるからなぁ
5:52	元気だしてこ	知らん曲は難しいやろなあw
5:53	カンザキシン	やってんなー
5:54	Hasesan	Omoiさん
5:55	繝壹ち繝壹ち繧キ繝輔ヨ	omoiさんて方が作ってます
5:55	朱鷺戸伸哉	初戦音ゲーだからリズムに合わせてしかこない
5:55	ぶたどん	ガチ勢は譜面覚えるぞ
5:56	〆作	だいぶ上手くなってるな
5:56	木曽オzHkk	omoiさん
5:56	ぺんど	曲わからなくても8分のリズムで大体わかるかな
5:56	べたぶる	目押ししながらリズム覚えてる感じ
5:56	antidust	テオはOmoiさん
5:56	浪漫砲	Omoiさん
5:57	121mj	すごい上達してる……
5:57	首都ブラジリア	今回は映像もいい感じですね
5:58	ネギ豆腐	Omoi
5:59	らうめん	ゲームの音量が少し小さい感じがある
6:00	モナリザ・マシュマロマン	omoiさん
6:00	sora neko	どうだろう，覚えゲーだと聞いたが
6:00	ラミアス39	omoiさん
6:00	ムラ	Omoiさんって方ですね
6:02	朧火凛	Omoiさんやね
6:02	ヨタ	曲の進行とかリズムで大体わかることもある
6:04	猫のバロン	上達してる
6:04	AGAPE	PV最後がかっこいいよ
6:06	ゆう	Omoiさんだね
6:08	トキサメ	これも本家1枚絵系の曲だからねぇ
6:09	立花むえ	omoiさん テオが代表曲
6:10	夜月	原曲が静止画だからね
6:10	りべ	まぁなんとなくクリアできるくらいでわかる
6:10	トンキン湾の人喰い虎	よほどリズム難の箇所じゃなけれればノリで
6:11	ヒキニート	うまい人は反射でやるからあんま関係ない
6:13	麻雀ビギナーしょーしょん	オモイさん
6:14	拡散の尖兵	ゆらゆら
6:14	せしのれ	音ゲーは音にあわせてやるから音ゲーなのでは？
6:14	グレブナーb	うまい
6:15	ぶたどん	こっち見とんちゃうぞ！
6:15	なんごくとうふ	流石電脳世界の王や・・・
6:15	風神雷神	ミクより栞桜の方が可愛いよ（イケボ）
6:15	シャルム	知らない曲でもノーツ速度とかで大体わかるよ
6:16	あのんまのん	ノリノリだねぇ
6:17	いざよいさくや	OMOIさん
6:17	keg-on{けごん}	ゆらゆらかわいい
6:18	はぐるま	音無しでやりますよね
6:18	〆作	かわいい
6:18	Maha raja	ほんま名曲だわ
6:19	たい焼き袋詰	ゆらゆらかわいい
6:20	彩りの民	かっこいいPVだね～
6:22	孤高の探索者	上達されてますね
6:25	ななしちゃん	テオすきー！
6:26	ウラノアキ	DIVAは歌詞合わせのタイミングが多くて初見だと難しいのも多いと感じます...
6:26	カワラ	ぎゅっとしたな
6:26	。むあ	栞桜ちゃんゆらゆらかわいい
6:26	shoko haku	かわいい
6:27	THORN	2017年だから、３年位前みたい。
6:27	ぬい	テオはライブ映えする
6:29	筆記丸	Bきた
6:29	桑原みー	またそのうちBがくるじゃ
6:29	司令_つかされい	基本AB
6:30	ひっきー	Aはずっ友
6:30	高速フーリエ変換	てーお！てーおー！
6:30	古鉄	Aは親友
6:33	やあけ	B話しかけてくるよw
6:33	ダンくま	くびゆらゆらかわいい
6:34	gigax2	かわいい
6:35	但野士朗	↔にゆれるしおちゃんかわいい
6:35	うみとり	そっか特訓してたんだった
6:36	184	言い方ｗ
6:36	エウリュ	おかしい余裕が生まれている
6:36	Akiteru Fjimoto	カッコイイ
6:38	ロザエ	B大丈夫じゃん！
6:38	チーズ美味しい	うまくなってるね～
6:38	slyness	さっそくテオやってんね！
6:38	ラミアス39	テオー
6:39	不座家ルナ	バーチャルしおしおの時間や！
6:39	人参饅頭	箔を前奏で理解できたら初見でできる
6:40	Nights -O	いい曲だ
6:40	彗星夜	上達してるねぇ
6:40	やまぶどう	ドラムと全然合ってない奴はよくわからん
6:41	いざよいさくや	Bと和解せよ
6:42	ひっきー	突然のB
6:42	れいりす	DIVAは極めると最終的に目押しゲーになる
6:44	麻雀ビギナーしょーしょん	読み方はしらん定期
6:44	なーく#Nark	おおーいいねｗ
6:44	元気だしてこ	おおー
6:45	Takebon[たけぼん]	買ったよ！
6:47	テーク	さっき買いました！
6:48	浪漫砲	作曲した人→Omoiさん：一昨年のマジカルミライのテーマ曲を作った人
6:48	るりり	なんかかくかく
6:48	Makotola	XやYは和解できたのかな？
6:50	妖精の灯り	見て買っちゃったねぇ
6:51	桑原みー	歌詞？
6:53	琵琶丸	まーた、Aとばっかり仲よくしてるー
6:53	Nights -O	実は買ったわ
6:54	21	めっちゃ楽しそうにやってたからね
6:54	くろしば	いいね
6:54	Fumy H	switch買わなきゃ
6:54	black black	テオはライブ最強曲なんだよなぁ問答無用で空間制圧する
6:55	雨宮恵	あれは欲しくなるよね
6:55	vark haru	PS4のを買う予定です
6:56	maguna	買いましたー
6:56	山北	セガ案件あるで
6:56	しばわん	おお！
6:56	ムラ	栞桜ちゃんのプレイ見てると欲しくなるのわかる
6:58	ザッハトルテ。	買いました！
6:58	黄月英	わかる
6:58	聖徳明太子	楽
6:58	あのんまのん	あれだけ楽しそうにやられたらね
6:59	いざよいさくや	DIVAアーケードやってきたわ
6:59	がっち	PS4でやっちゃったからなー
7:00	ゴリラのきゃんの	案件成功
7:00	ケムリン	わかる
7:01	ああああ	買ったよ
7:01	トキサメ	お、原作再現か
7:01	THORN	ABは友達になったから、大丈夫・・・
7:01	vanishinggift	分かる
7:01	gaty fs	背景美しい
7:01	司令_つかされい	売上に貢献してるな
7:01	風神雷神	セガさん栞桜ちゃんに案件を
7:02	ネムレス	楽しそうにやってて欲しくなったよ
7:02	KUROもこ	買いました…
7:06	桑原みー	それはよくわかる
7:06	せしのれ	案件来るか？
7:07	十三姫	PS4のFTもってるけど、switchのも欲しくなりました
7:07	ケムリン	PV
7:07	slyness	公式
7:08	ふぁりゅ	アンストしてたの再インストしてまたやり始めたよPS4だけど
7:08	ぶたどん	文句言うから真ん中に歌詞出たやん
7:08	えすい	PS4版買いました
7:08	くらつ	PVオンリーモードもあるんだよなぁ
7:09	椋乃夢々	もともとのPVに出てくる言葉だよ！
7:09	桃谷[ももたに]	買ったよー
7:09	御傘哀歌	見てると買いたくなる
7:09	〆作	ガチるとPV邪魔になりそう
7:09	ななしちゃん	PVの中にあるかんばーせしょんみたいなのよ
7:11	おかしろ	わかる
7:13	雨の宿り木	switch版を買うつもりです
7:13	大谷刑部吉継	タイムリーで草ｗ
7:13	ケバブ	栞桜さんの影響で結構色々なもの買ってる
7:14	らいむ	明日買う
7:14	しばわん	わかる
7:14	Akiteru Fjimoto	やはり案件か？
7:15	モナリザ・マシュマロマン	vita版久々にやって死んだ
7:15	keg-on{けごん}	DIVA栞桜ちゃんの配信で初めて見たけどこんな凄いとは思わなかった
7:16	妖精の灯り	さっきの配信中結構やってた
7:19	たい焼き袋詰	代わりに見ておくね
7:20	レッドウッドへいぽう	ハイハイハイハイ！
7:20	M	DIVAはUIが独特で慣れないと難しいなあ
7:21	北傘	PS4版とSwitch版どっち買うか迷ってる
7:21	kuromen hakumen	他のやりたいゲーム終わったら買おうかな
7:21	フゥ	買った人多いなー
7:22	slyness	おーおーおーおー！
7:23	唐揚げ塩麹	結構最近発売されたしね～
7:25	おかしろ	PVの方みるとノーツミスるｗ
7:26	やまぶどう	はい！はい！
7:28	浪漫砲	グラフィックはswitchは可愛い
7:29	バルビン	時間があればやりたいんだけどなぁ
7:29	らうめん	欲しくはなったけど金がないという悲しみ
7:29	vark haru	スイッチライトでたのしめないらしい。。。
7:30	204βわかる	普通に買いたくなったよ
7:30	不座家ルナ	ハイハイハイかわいい
7:30	ひこたろ	栞桜ちゃんなら慣れれば両方見れそう
7:31	tan ge	よくしゃべりながらできるね
7:31	Fumy H	やっぱりホラゲーじゃん
7:35	カンザキシン	買うかー
7:35	唐揚げ大好き	ここは難しそうだ
7:36	雨宮恵	おー
7:36	タコ助	w
7:36	ひっきー	Bとの距離を感じる
7:37	ささかま。	情けない声助かる
7:37	琵琶丸	B『忘れちゃ困るな』
7:37	らふ〇いぐ10	悲鳴助かる
7:38	なーく#Nark	はやいなぁｗ
7:40	Francisco Ramirez	Konbanwa
7:40	帰宅RTA	物量きたわね
7:40	antidust	PS4でやってるとバツとエックスが同じXで困る
7:40	ゆっかゆか	連打相変わらずで草
7:40	不座家ルナ	情けない悲鳴助かる
7:41	おは	忙しくなってきた
7:41	。むあ	イージーでこれか
7:41	ロザエ	イージーにしては難しそう
7:41	Nights -O	おおー！すごい！
7:42	ろっきー	急に厳しくなったなｗ
7:42	ゆんゆん	ガチャガチャタイム始まったｗ
7:42	芝村	クリアすればPV観られるようになるからそれ待ちですね
7:43	gaty fs	連打だ
7:44	首都ブラジリア	草
7:44	あよ	難易度上がってきたね
7:44	THORN	本気出してきたｗ
7:44	いざよいさくや	早いからな
7:44	こうめ	大丈夫かw
7:44	やまP	本気w
7:44	slyness	上手くなってる
7:45	スーパーガク	連打しすぎw
7:45	ネムレス	草
7:46	やあけ	DIVAですw
7:46	れめれめ	これむずかしいやつなの？
7:46	ああああ	チャレンジタイム中
7:47	メイダイン	死ぬがよい…になってる
7:48	si n	ノーマルきつそう
7:48	唐揚げ塩麹	これでeasyかぁ...
7:48	帰宅RTA	楽しそう
7:48	井伊直弼	今来たばっかだけど上手くなってる…凄い…
7:48	keg-on{けごん}	EASYにしてはムズいな！
7:49	ありにゃ	easy
7:49	Takebon[たけぼん]	早くなってきたｗ
7:49	ピコット	チャレンジタイムではNORMAL基準やでな
7:49	Badluck-shvine	これはきつそうｗ
7:49	Akiteru Fjimoto	盛り上がってきた
7:49	拡散の尖兵	ギアが上がったわね
7:49	OB RA	めっちゃ連打音聞こえて草
7:50	高速フーリエ変換	盛り上がるねぇ！
7:50	Orpheus1221	急に難度上がるなw
7:50	さーもばりっく	PS4のもあるのか
7:50	Francisco Ramirez	Hatsune Miku
7:50	明日カン八郎	急に来たｗ
7:51	あまぬん	急に難易度跳ね上がった・・・
7:53	vark haru	PS4の方が曲数倍以上ですよ
7:53	yuuki100A	これイージーか？
7:54	ぐぅたら	結構押せてるね！
7:55	麻雀ビギナーしょーしょん	草
7:55	うみにん	でも上手くなっておる
7:56	いざよいさくや	初音ゲーはホラゲー
7:56	ぐれーと	チャレンジタイム中は難しくなるよ
7:57	はえよい	追えてる！
7:57	ダンくま	行ける行ける
7:58	とぐろ	ちょっとずれてる？
7:58	朧火凛	PS4のやつ配信みて再開したな
7:58	Francisco Ramirez	😇😇😇
7:58	omi	サビだけ難しいね
8:01	司令_つかされい	油断するな
8:01	sa	イージーでこれなんだｗ
8:01	繝壹ち繝壹ち繧キ繝輔ヨ	頑張ってーｗ
8:02	十三姫	がんばえー
8:03	初音ミクオ	おお なんとか繋いでる
8:03	204βわかる	草
8:03	エビ天	楽しそう
8:03	颯斗	上達してる
8:04	ぶたどん	ボスラッシュで草
8:04	オボン	急に来たな
8:05	ネムレス	いい曲だねー
8:05	ひっきー	後半の盛り上がりがある曲だ・・
8:05	パイライトテディ	めちゃくちゃうまなってる
8:07	マロニエ	EASYにしては難しいね
8:07	ずん	草
8:08	がっち	やっぱ知らない曲はきついね
8:08	やっさん	簡単（なほう）
8:09	西都なつ	上手になったね
8:09	〆作	イージーなのに激しいなｗ
8:09	やまぶどう	『手を』なんだ歌詞
8:10	彩りの民	上達したね～
8:10	浪漫砲	テオは難しい曲のうちの一つ
8:11	白野威藍玉	PS4
8:12	ああああ	チャレンジタイム中だから難易度上がってる
8:12	元気だしてこ	これイージーなの？ｗ
8:13	帰宅RTA	easyかこれ！
8:14	Makotola	そこノーマルゾーンだからなぁ
8:14	なっきぃ/Nakky	上手くなったなあ
8:14	ゴリラのきゃんの	（比較的）イージー
8:15	テーク	音ゲーあるある
8:15	KA A	８８８８８８８８８８８
8:15	antidust	イージーとしては確かにムズイ
8:15	雨宮恵	これイージーなんだ
8:16	ただのF	うまいじゃん
8:16	妖精の灯り	テオEXTREME難しい
8:16	ケムリン	これでもまだ優しい方かな？
8:16	トンキン湾の人喰い虎	イージーにしてはエグイね
8:16	孤高の探索者	EASYにしては難しいですね
8:16	彗星夜	クリアおめでとー！
8:17	琵琶丸	お見事！
8:17	りべ	イージーでこれかぁ、ノーマル楽しみだねぇ
8:17	いざよいさくや	チャレタイだからな
8:19	拡散の尖兵	EGい
8:19	ザッハトルテ。	お上手
8:19	ありにゃ	初見も危なげないね
8:19	しみやん	初音ミクのゲームは難易度の概念壊してくる
8:20	十三姫	クリアおめでとー！
8:20	ぐぅたら	いや上手くなったねー！
8:20	麻雀ビギナーしょーしょん	でも昨日より上達してて草
8:21	ふれでぃー	これイージーなん...
8:21	THORN	はいっ♪
8:21	池谷ike	栞桜たそ～
8:21	唐揚げ大好き	これでイージーなんか
8:22	レッドウッドへいぽう	イージーでこんなにむずいの
8:22	wildcat5314	草
8:22	モナリザ・マシュマロマン	歌詞がめっちゃ好き
8:22	keg-on{けごん}	これはむずかったな
8:23	tage	これでEASYか
8:23	クーニャ	これイージーだったのか
8:23	トリウナギ	今日のボタン調整しとこ
8:24	Francisco Ramirez	naisu
8:24	彩りの民	イージーでこれなんだ
8:24	せしのれ	上手くなってる
8:25	こうめ	なかなかむずかったか
8:25	Nights -O	クリアおめー！
8:25	メイダイン	クリアおめでとー！！
8:25	ark0125	おおー
8:25	ヨタ	イージーにしてはちょっと難し目かな
8:26	taka32 S	めっちゃ上達してるね
8:26	あのにます	きっついね
8:26	Yuki Akemi	かわいい
8:27	オボン	クリアー！
8:27	gaty fs	おめでとう！
8:27	首都ブラジリア	でもクリアか
8:28	暁宵	途中ＥＡＳＹぽくなかった
8:28	タコ助	いいやん!
8:29	司令_つかされい	難し目だな
8:29	不座家ルナ	難易度詐欺は音ゲーじゃ珍しくない
8:29	ラミアス39	うまくなってる！
8:29	twinkle	これでイージーとは……
8:29	si n	クリアおめでとう～
8:29	maguna	DIVA
8:30	やまP	めっちゃ上手くなってる
8:30	ケムリン	クリアおめー
8:30	レプタイル	それでも対応できてる凄い
8:30	キャットフィッシュ	前なら連打してたな
8:30	バルビン	結構難しかったね
8:30	エビ天	おめでとう
8:30	ぐりむ	お上手！
8:30	いざよいさくや	normal相当になる
8:30	桑原みー	おーくりあできたできた
8:31	十三姫	知らない曲はたいへん
8:31	Francisco Ramirez	888
8:31	猫のバロン	クリアおめでとう
8:31	121mj	イージーなのになかなか
8:31	芋下きぬ	でもうまくなってるな
8:31	トンキン湾の人喰い虎	でも、クリアじゃん。さすが！
8:32	サカナ	やるぅ
8:33	たい焼き袋詰	これでイージーなのか
8:34	おっ	うまくなったな
8:34	木一	旨くなってるなぁ
8:34	雨の宿り木	クリアおめでとう！
8:34	しばわん	クリアおめでとう！
8:35	さみゅ	良い曲だね
8:35	明日カン八郎	おめでとう！
8:35	ポンコツ星人	上手！
8:35	ruska	クリアが容易だがハイスコアにはテクが必要→イージー
8:35	ゆんゆん	つまりノーマル以上はあれにＹさんとＸさんが入って悲鳴と
8:35	彗星夜	イージーなのに普通に難しいねぇ
8:37	slyness	そろそろ両手必要になってきそう
8:37	井伊直弼	クリア―！
8:38	ark0125	かっこいい曲だった
8:38	古鉄	初見なら十分じゃね？
8:39	まっちゃ	おお、対応できるようになってる
8:39	ケムリン	テオかっこよくていい曲でした
8:39	wisteri a	知らない曲は先にPV見た方がいいね
8:40	ピコット	新曲は従来ファン向けやで難易度高めなの多いねん
8:40	朧火凛	上達してる！
8:41	tan ge	クリアおめでとうございます！
8:41	グレブナーb	クリアおめでとう
8:41	cvector	曲知らんときついな
8:41	ダイス	最後はノーマルに挑戦だな
8:41	みづき	クリアおめー
8:41	テーク	クリアおめでとうございまっする
8:42	くろしば	クリアおめでとう
8:43	おからごはん	上手くなってる！
8:43	白野威藍玉	PS4
8:43	此処葉	いいね
8:44	ゆっかゆか	リングフィット並み息切れしてて草
8:44	Makotola	難易度上がる代わりに無敵になってる
8:44	ひっきー	今日のボタンが茶
8:44	雨宮恵	クリアおめでとう！
8:44	Nights -O	今日のとはw
8:45	陽炎	楽しそうにやってる様子見ると自分でもやってみたくなるよね
8:49	Fumy H	うまなってるやん
8:49	鷹綾	栞桜ちゃん上手いじゃん！
8:49	伊奈ぴょん	DIVAって間隔と時計マークで押せそうなイメージに見えるｗ
8:49	Levith	今日の？
8:50	カレーうどん	調整タイム
8:50	初音ミクオ	これイージーか
8:51	麻雀ビギナーしょーしょん	きょうのボタン調整()
8:51	西都なつ	今日のとかあるの？ｗ
8:51	やあけ	目をつぶってw
8:54	いざよいさくや	基準点
8:54	yuuki100A	十分対応できてた
8:55	桑原みー	すごい連打きそう
8:55	高速フーリエ変換	そんな今日のワンコみたいにボタン調整しないで
8:56	妖精の灯り	大丈夫だったよ
8:57	トンキン湾の人喰い虎	ボタン調整でまた遊ぶのかｗ
8:58	麻雀ビギナーしょーしょん	大丈夫！
8:58	Orpheus1221	画面大丈夫よ
8:58	神原カリス	クリアおめでとうございます！
9:02	トキサメ	すごいぬるぬる動いてたね
9:02	Takebon[たけぼん]	そんなことないよ
9:02	あよ	Normalも触ってみる？
9:02	レッドウッドへいぽう	大丈夫だった
9:02	slyness	60
9:03	vark haru	ちょうどいい
9:03	なーく#Nark	カクカクは無さそうですね
9:03	あのんまのん	いや問題なかった
9:03	OB RA	全然かくかくしてなかった
9:03	筆記丸	いい感じだったような
9:04	テーク	あんまり気になりませんでしたー
9:04	ね ゙え ゙え ゙	画面スムーズだったよ
9:04	チーズ美味しい	いや大丈夫だった
9:04	si n	大丈夫だよ
9:04	首都ブラジリア	カクカクしてないよ
9:04	ヨタ	画面大丈夫だったよ
9:04	桑原みー	そんなに気にならないかなあ
9:04	こうめ	大丈夫だったよ
9:04	せしのれ	大丈夫だったよ
9:04	shimo 636	滑らかだった
9:05	antidust	画面は大丈夫そうでした
9:05	シロ組ありす桜花	だいじょうぶだったよ
9:05	猫のバロン	ぬるぬるだった
9:06	ぐぅたら	大丈夫だつたよー
9:06	夜月	なめらか
9:07	ゴリラのきゃんの	大丈夫そうだったね
9:07	maguna	最初だけかな？
9:07	モナリザ・マシュマロマン	上達が早い
9:07	あのにます	カクってはいないね
9:07	司令_つかされい	気にならないレベル
9:07	ひっきー	気にならなかった気が
9:07	ネギ豆腐	なめらかだった
9:08	ぺんど	今のところカクカクしてないよ
9:08	204βわかる	今日の調整タイム
9:08	雨宮恵	気にならなかったよ
9:09	古鉄	そこまでカクついてなかったよ
9:10	F K	平気だった
9:10	〆作	気にならなかったよ
9:10	のあ	大丈夫だった
9:10	Nights -O	画面きれいだったよ
9:10	あよ	見やすかったよ～
9:11	おっ	特に問題なし
9:11	揚げ饅頭	特に気にならなかったな
9:11	a ha	今北こんばんは
9:11	孤高の探索者	大丈夫だと思います
9:11	AGAPE	草
9:11	サカナ	草
9:11	ɥʇɹıᙠ	全然かくかくしてなかったよ
9:11	T M	草
9:12	しばわん	大丈夫だったよ
9:12	Josh	草
9:12	ユーミン	草
9:12	芝村	大丈夫よ
9:12	浪漫砲	この曲は専用モジュールがまだないっぽい
9:13	がっち	草
9:13	なーく#Nark	おせてないぞｗｗ
9:13	はりはり	草
9:14	Orpheus1221	草
9:17	れめれめ	ん？
9:17	ns zn	草
9:17	朧火凛	草ｗｗｗ
9:18	帰宅RTA	草
9:18	tan ge	カクカクしてないよ
9:19	司令_つかされい	草
9:19	ロザエ	まじで通過してたｗｗ
9:19	wildcat5314	草
9:19	くろしば	草
9:20	鷹綾	草
9:20	うみとり	草
9:21	クーニャ	草
9:21	ワ・カ・メ	草
9:21	猫のバロン	草
9:21	BlueMonday	草
9:22	ぺんど	草
9:22	高速フーリエ変換	えぇ…
9:22	slyness	どっか行ったが
9:23	torysun	押せてないの草ｗ
9:23	郭々	知ってた
9:23	めたるLv1	え？
9:23	氷水:ひすい	草ぁ
9:23	まっちゃ	草
9:23	彩りの民	草
9:26	ザッハトルテ。	ひどいｗｗ
9:27	西都なつ	うっそだろ…
9:27	ああああ	押せてないよ
9:27	Nights -O	なんかいまw
9:29	いざよいさくや	1回しか合ってない
9:29	スーパーガク	w
9:29	がっち	たたたん
9:30	カワラ	ひどすぎて草
9:30	Maha raja	ひっどい
9:30	syaga syagami	むしろ目を開けてやらないとダメだよｗ
9:30	KA A	あら？ｗ
9:30	たーる	論外
9:30	やあけ	まあ、このまえよりましたかw
9:30	メイダイン	めつぶりは無理だわ
9:30	妖精の灯り	押せてなくて草
9:30	ゆんゆん	すかっｗ
9:31	Josh	大丈夫じゃないｗ
9:31	21	うん？
9:31	みーや	大丈夫だったです
9:31	あい	草
9:31	はりはり	ひどい
9:31	木一	えぇ…
9:32	ゆっかゆか	えぇ
9:32	雨宮恵	すかっ
9:32	西都なつ	ｽｶｯ
9:32	トキサメ	今前ふたつ素通りしなかった？
9:32	Badluck-shvine	早すぎるｗ
9:33	れめれめ	ん？
9:33	古鉄	？？？
9:33	shoko haku	笑っちゃった
9:33	麻雀ビギナーしょーしょん	草
9:33	彗星夜	草
9:34	ns zn	草
9:34	鷹綾	いや草
9:35	玄米茶	草
9:35	さっつん	なんで外れるのｗ
9:35	keg-on{けごん}	嘘だろｗｗ
9:35	颯斗	ひどい
9:35	ぎんいろ	草
9:36	いいさん	草
9:36	maguna	ズレすぎ
9:37	184	三つ目だぞ
9:37	帰宅RTA	どんなリズムよ
9:37	飛鳥	草
9:38	あのにます	えぇ…
9:38	十三姫	ｗｗｗｗ
9:38	琵琶丸	A『すかー』
9:38	こうめ	ミスりまくってるぞ
9:38	たい焼き袋詰	二個外してた
9:38	猫のバロン	押せてない
9:39	vark haru	おせてない
9:39	ネムレス	ひどいｗ
9:39	くろしば	草
9:39	。むあ	84ｗｗ
9:39	わかめ	ん？ん？ん？
9:41	山北	通過wwww
9:41	ミツキ	リズム感ゴミか？
9:41	このkz	うそだろ
9:41	麻雀ビギナーしょーしょん	酷すぎちゃうんかｗｗｗ
9:46	Z旗・ぜっとき	え？
9:46	rapid eye rabbit	草
9:46	ムラ	前より悪化してて草
9:46	ユーミン	それでも24ｗｗｗｗｗｗ
9:46	不座家ルナ	ﾋｰ
9:47	hhh sss	-84て
9:47	大谷刑部吉継	むむむ
9:47	モナリザ・マシュマロマン	舐めてるｗ？
9:47	北傘	草
9:48	T M	草
9:48	あまなつみかん	これで相当遊べてるなｗ
9:48	紫ユウキ	最後しかあってなかった
9:48	十三姫	あれ？？
9:48	わかめ	おっそｗ
9:48	204βわかる	どっちや
9:49	ぐぅたら	それでもズレすぎ
9:49	タコ助	ヒイー
9:49	slyness	よろしい
9:49	ヤルダバオト	草
9:52	sa	ひどいｗ
9:52	カンザキシン	やばｗ
9:55	shimo 636	さては薄目だなテメー
9:56	ふぁりゅ	これまさかキャプ分けてる方みてやってないよね…?
9:57	明日カン八郎	薄目開けてるのにｗ
9:57	ぐぅたら	草
9:57	司令_つかされい	ぶれるな
9:58	山北	素振り練習かな？
9:59	gaty fs	心眼はまだ早かったか・・・
9:59	雨の宿り木	草
9:59	みーや	酷くて草
10:00	雨宮恵	草
10:00	〆作	草
10:00	めざ炎	草
10:00	Fu ki	草
10:00	ぐりむ	草
10:00	ほよよ	目開けてるよね？
10:01	ケムリン	草
10:01	あい	ちゃんとリズムに乗って？
10:01	ダイス	目を開けてるのバレバレで草
10:01	うみにん	目開いてない？
10:02	初音ミクオ	ｗｗｗ
10:02	マロニエ	後で見返してほしい
10:02	麻雀ビギナーしょーしょん	いや草
10:02	Orpheus1221	不正はなかった
10:02	T M	完全に目押しゲーで草
10:02	がっち	意味あった？
10:03	夜月	草
10:04	Nights -O	草
10:04	ユーミン	ほうほう
10:04	ネムレス	バラツキすぎｗ
10:05	郭々	カクカクになるのはゲームの演出のせいかも？
10:05	聖徳明太子	草
10:05	ぽあん。	草
10:06	ゆっかゆか	適当で草
10:06	Josh	ひどすぎるｗ
10:07	いざよいさくや	オイオイオイ
10:07	ああああ	曲やりながら調整した方が良い
10:09	Fumy H	正直キャプボ経由だったら数十はありえるけどね
10:09	西都なつ	ほう
10:09	モナリザ・マシュマロマン	諦めるなｗ
10:10	さっつん	もっと誤差安定させて？ｗ
10:10	204βわかる	最終＋
10:11	古鉄	PS系かｗ
10:11	maguna	プレステ式
10:11	シヴァ村卯月	まあこれはずれを調整するもんだから
10:11	おは	お
10:12	くものき_	裏拍か？
10:12	Letes	振り幅大きすぎない？
10:12	Nao02	キャプチャのラグあるから少しズラすくらいが
10:13	桑原みー	PS版のがわかりやすいかもね
10:15	とき	PSP
10:15	Nights -O	PSPの表示かw
10:15	Rammy	はやいやつ！
10:15	首都ブラジリア	PSか
10:16	torysun	プレステ仕様か
10:16	高速フーリエ変換	おお！わかりやすい！
10:17	椋乃夢々	エイリアンエイリアン
10:17	いざよいさくや	アーケード方式だ
10:18	猫のバロン	リズム感が１日で獲得難しいからこれからだよ
10:18	にーね	最終的な微調整は手動でやるしかないですの
10:18	Rei	PSのやつか
10:18	ぐれーと	ＰＳ４のアイコンですな
10:18	神原カリス	おおー！慣れ親しんだ記号！
10:18	西都なつ	全員友達じゃないけど大丈夫？
10:18	スーパーガク	PS系列の表示か
10:18	うみとり	やろうやろう
10:19	あのんまのん	変えてちゃんと出来る？
10:19	元気だしてこ	なんで？ｗ
10:19	れいりす	好きやなｗ
10:19	トンキン湾の人喰い虎	PSボタン仕様で大丈夫？
10:19	がっち	この前やってないのがいいな
10:19	唐揚げ塩麹	おお～懐かしいマーク
10:20	機関車パーシー	またかい
10:21	浪漫砲	カラフルメロディ
10:21	ユーミン	草
10:21	Takebon[たけぼん]	ハードやってみて
10:21	なーく#Nark	ハード！
10:21	りべ	PS仕様
10:22	カンザキシン	むずいのｗ
10:22	ぶたどん	合言葉好きやな
10:22	KA A	なんと
10:22	司-つかさ-	大丈夫？
10:22	サカナ	初DIVAなら変える必要ないんじゃ…
10:23	ゆう	愛言葉すき
10:23	拡散の尖兵	おおハード
10:24	彩りの民	PSのアイコンだね～
10:25	池谷ike	いい感じだ
10:25	御傘哀歌	すげえ
10:25	*らすく*4693	愛言葉いいね！
10:25	はりはり	成長をみせてくれ！
10:25	麻雀ビギナーしょーしょん	マ？？？
10:25	Evac 1899	マグレやんけ
10:26	204βわかる	EX
10:26	ムームー	それ「X」間違えないようにねｗ
10:26	虚空	草
10:26	琵琶丸	ハードで！？
10:27	ネギ豆腐	本当にぃ？
10:27	Chocola	PSのほうが慣れてるのか
10:27	エビ天	いいね
10:27	ぐぅたら	がんばれ〜
10:28	やあけ	HARDでやってましたね
10:28	shimo 636	マジ？
10:28	唐揚げ大好き	上達見せてー
10:29	バルビン	できないのｗ
10:29	ダイス	ひたすら合言葉やってたのか
10:30	ゆっかゆか	EX
10:30	ゴリラのきゃんの	愛言葉大好きじゃん
10:30	らにふ	修行の成果
10:30	トリウナギ	見たい
10:30	麻雀ビギナーしょーしょん	えぇ（困惑）
10:30	司令_つかされい	スクショあげてたな
10:30	不座家ルナ	やる
10:31	やまぶどう	PS
10:31	モナリザ・マシュマロマン	二次元ドリームフィーバーやろうぜ
10:31	ネムレス	ハードやってー
10:32	とーふ	どっちやねん
10:32	あよ	上達が早い！
10:33	THORN	がんばって＾＾
10:33	元気だしてこ	へー
10:34	井伊直弼	いいね！
10:34	204βわかる	草
10:34	テーク	まだ慣らし運転だから…
10:34	せしのれ	急に弱気にw
10:34	Yuki Tomono	弱気w
10:34	くらつ	草
10:35	ネギ豆腐	草
10:36	なーく#Nark	ん？
10:36	浪漫砲	アーケード式
10:37	とき	草ァ
10:37	T M	草
10:37	なんごくとうふ	エンヴィキャットウォークやってほしいです
10:37	KA A	ｗｗ
10:37	鉄おから	自信もってけ～
10:37	pandoゴネーシャ	栞桜さんマルチタスクに実況できるからリズム感さえ鍛えれば音ゲー実況需要ありそう
10:37	slyness	草
10:37	shimo 636	草
10:38	芋下きぬ	だめじゃん
10:38	社畜型悠斗	最近愛言葉がⅢまで出てるのを知った
10:38	mezzoforte	えぇ…
10:39	孤高の探索者	草
10:39	ネッシー	弱音が早いｗ
10:39	マロニエ	草
10:39	ぐぅたら	そらそうだww
10:39	ɥʇɹıᙠ	草
10:40	杏	はやっｗ
10:40	朧火凛	はぇぇｗ
10:40	。むあ	草
10:40	ひっきー	PSP思い出す。
10:41	彗星夜	草
10:41	不座家ルナ	できらぁ！
10:41	ShingoMk-Ⅱ	早い
10:41	ゆっかゆか	草
10:41	くろしば	草
10:41	さみゅ	草
10:41	西都なつ	戻すのねｗ
10:42	うみとり	草
10:42	帰宅RTA	慣れがね…
10:42	モナリザ・マシュマロマン	マジで！？
10:42	Nights -O	XはBボタンだぞ
10:42	みづき	草
10:42	ずん	草
10:42	唐揚げ塩麹	マーク変わるだけくっそなついｗ
10:43	神原カリス	草
10:44	おっ	ですよねｗｗ
10:44	順平	はやいｗ
10:45	ことこと	確かに色的には判別しやすそう
10:45	ゆう	草
10:46	サカナ	PS系に慣れた人用だよあれ
10:46	トンキン湾の人喰い虎	だろうねｗ
10:46	雨の宿り木	草
10:47	なんか青い	せやな
10:47	ぐりむ	草
10:47	HAGEMA	草
10:48	あのにます	即落ち草
10:48	ザッハトルテ。	×はBだよ
10:48	めたるLv1	出来るようになった(出来るとは言ってない)
10:49	高速フーリエ変換	Xとバツで混乱するなこれ…
10:49	Takebon[たけぼん]	慣れがあるからね
10:49	雨宮恵	慣れがねｗ
10:49	Josh	草
10:49	いざよいさくや	草
10:49	鷹綾	草
10:49	りべ	Xじゃないｗｗｗ
10:50	司令_つかされい	慣れたやつのほうがいい
10:50	琵琶丸	シームレスにタイムリープｗ
10:51	マロニエ	A君いなくなっちゃった
10:51	井伊直弼	えぇ…
10:51	芝村	草
10:51	mischa's Lab.	Xとばつが混ざるでしょｗ
10:52	唐揚げ大好き	即切り替えたｗ
10:52	れめれめ	草
10:52	kuromen hakumen	草
10:52	せしのれ	だと思ったw
10:53	十三姫	慣れちゃったからねｗ
10:53	n i	愛言葉って懐かしいな
10:53	くめせん	どないやねんｗ
10:54	チャスム	慣れちゃうとね
10:54	椋乃夢々	Xがxボタンじゃなくなる
10:55	_ー-PoLguin	PSの民ならわかりやすいんだがな・・・
10:55	ケムリン	自分の感覚を信じるんだ！
10:55	やあけ	一瞬でw
10:55	さーもばりっく	いきなりアケ式はダメだｗ
10:55	燻しTak庵	PS版に慣れた人向けだねｗ
10:56	ガジュライ	草
10:56	とき	過去作してる人用よね
10:57	ポリー	PSに馴れてないのにPS式にしてもわからんよｗ
10:57	飲む牛乳	草
10:57	古鉄	やりやすいのはPSP経験者じゃね？
10:58	ほよよ	草
10:58	ウラノアキ	それでやりやすいのって過去作品やってる人たちだと思うｗｗ
10:59	初音ミクオ	初めは愛言葉いいね
10:59	ぺんど	そらマーク変わるとねｗ
10:59	ゆえ	草
10:59	グレブナーb	草
10:59	taka32 S	紛らわしいねw
10:59	カンザキシン	ぶっつけはあかんぞw
11:00	不思議の国の人形	そりゃそうなる
11:00	いざよいさくや	いきなり変えたらそれそうよ
11:00	ns zn	草
11:00	唐揚げ塩麹	同時押しできるようになった？
11:01	*らすく*4693	急に変わると反応出来なくなるもんね
11:01	ffdy	草ｗ
11:01	らうめん	PS版で慣れてる人ならやりやすいけど
11:02	芋けんぴ	草
11:02	西都なつ	そもそもPS系に慣れてないとね
11:03	白野威藍玉	矢印が一番やりやすいかも
11:03	やまぶどう	そもそもコンシューマやらないもんね
11:03	mu	草
11:03	みつき	今来ました！
11:03	KA A	PSのコントローラに慣れてないとねｗ
11:04	sa	草
11:04	mother ship	それできるなら買おっかな
11:04	slyness	むしろほぼ○
11:04	T M	草
11:05	204βわかる	変えてたのね
11:05	寿司丸	やっぱA君よ
11:05	タネ	草
11:06	Chocola	もうけっこうやったからなぁ
11:06	mischa's Lab.	矢印が一番安定では？
11:07	芝村	PS慣れしてないとねｗｗ
11:08	彗星夜	ＰＳでやってきた人向けですねぇ
11:08	オボン	Ps
11:09	ぎんいろ	草
11:09	LAB	慣れだからねｗ
11:10	テーク	矢印にすると感覚でわかるかも
11:10	れいりす	PS民なら分かるんだよなぁ
11:11	こうめ	ps慣れしてないのに草
11:11	ヨタ	PS版に慣れてる人向けだねｗ
11:12	ライトクルーザーNo.2	慣れてなければな…
11:12	21	確かに紛らわしいかもしれないねｗ
11:12	アリス・バレンタイン	草
11:12	Nights -O	そうなるよねw
11:12	nさん	こんばんは～🌸
11:12	元気だしてこ	ｗｗｗｗｗ
11:12	ゆゆゆっ毛	PSコンがわかってればわかるんだけどね
11:13	T M	紛らわしくて草
11:13	ザッハトルテ。	×とX混ざるよね
11:14	はぐるま	ニンテンドーナイズされてる
11:14	いざよいさくや	そりゃ無理だわ
11:16	ガネット	やりやすいのはパッドに慣れ親しんでる人だけだから
11:17	omi	プレステ系に慣れてる人向けだから
11:17	首都ブラジリア	PS経験者向けでしょｗ
11:18	ムームー	コンシューマーあるあるｗ
11:20	ゆっかゆか	アケと
11:21	kakusantakesan	PS4慣れてる人向けｗ
11:22	妖精の灯り	PS民は逆にXボタンがやりづらくてねw
11:25	THORN	○×がやりやすいのは、PS版の人だね。
11:27	しみやん	慣れがひつようだね
11:28	バカもやし	こんばんは
11:29	0315 tty	PSダメだった
11:30	レッドウッドへいぽう	👼
11:31	ピコット	同時押しは必ず位置が決まってるのでそこ覚えておくと楽になるで
11:31	池谷ike	初音ミクいいね！
11:31	くらつ	もうBXYくん達と運命共同体だな…
11:31	トリウナギ	いい感じ
11:32	shoko haku	かわいい
11:32	ほのぼのevening	😇
11:33	朧火凛	うまくなってるなぁ
11:34	。むあ	おお
11:35	しまご	😇😇😇
11:35	拡散の尖兵	😇
11:35	あのんまのん	変えるなら最初に変えとくべきだったね
11:35	雨宮恵	😇
11:36	黄月英	😇😇😇
11:36	とき	歌枠〜
11:36	桜葉漬け	😇
11:36	ぶたどん	歌を解放しろ！
11:36	司令_つかされい	歌枠きたな
11:36	桜花	👼
11:37	keg-on{けごん}	かわいい😇
11:37	あのにます	😇
11:37	やまぶどう	かわいい
11:38	いざよいさくや	PS民ならね
11:38	神原カリス	おうたたすかる
11:38	ミツキ	かわいい
11:38	クリスティン.	😇
11:38	明日カン八郎	😇
11:39	芋下きぬ	めっちゃ譜面憶えてるやん
11:39	Amelia	かわいい
11:39	*らすく*4693	お歌たすかる
11:40	オボン	😇
11:41	たい焼き袋詰	かわいい
11:41	浪漫砲	誰だおススメしたのはｗｗｗ
11:41	カワラ	😇
11:41	十三姫	栞桜ちゃんのお歌かわいいいいい！！
11:42	紫ユウキ	😇😇
11:42	西都なつ	かーんしゃかーんしゃ
11:42	渡辺武士	歌枠たすかる
11:42	猫のバロン	😇😇😇
11:43	元気だしてこ	ええやんかー
11:43	琵琶丸	はい歌声カワイイ
11:43	si n	😇😇
11:43	飛鳥	😇
11:43	彗星夜	かわいい
11:44	くろしば	😇
11:44	レイザーRR	かわいい
11:44	うみにん	😇😇😇
11:44	Badluck-shvine	お歌たすかる👼
11:44	Nights -O	😇
11:44	ハセマ・スネーク	かわいい
11:44	サカナ	😇😇😇
11:45	司-つかさ-	うまい！
11:45	ずん	😇😇😇
11:46	みのる	😇
11:46	a i	本当に上手くなっててビックリですよ！楠さん！
11:47	真っ黒フウ	かわいい
11:47	Orpheus1221	😇😇😇😇
11:47	しばわん	かわいい
11:47	ゆう	かわいい
11:47	いろ	歌ありがてぇ
11:47	らふ〇いぐ10	😇😇😇
11:48	ShingoMk-Ⅱ	😇😇😇
11:48	ことこと	夜の癒しの歌枠たすかる
11:48	いざよいさくや	😇
11:48	順平	かわいい
11:48	ケケ	😇
11:49	桑原みー	長おしあるんだ
11:49	唐揚げ塩麹	しっかりホールドしてるだと！？
11:49	シヴァ村卯月	😇😇😇😇
11:49	レッドウッドへいぽう	歌枠ありがとう・・・
11:49	KA A	色々と上手くなっている…！
11:50	twinkle	歌きた！
11:50	Levith	うまいよ
11:50	はりはり	😇😇😇
11:50	みーや	😇😇😇
11:50	帰宅RTA	ハードでも歌えるんだ
11:50	雫凪	しおちゃん声きれ～！
11:51	玄米茶	😇😇😇
11:51	ろっきー	あ＾～
11:51	暁宵	歌も上手くなってるのでは
11:51	sa	かわいい
11:53	マロニエ	お歌好き
11:54	T M	プレステの方もABXYにできるのだろうか
11:55	タニシ11201	かわいい
11:55	gk _y	歌良いっすねえ
11:55	池谷ike	かわいい歌声だ！
11:55	mother ship	かわいい
11:56	飲む牛乳	😇😇😇
11:56	ネムレス	ありがとう
11:56	ププリンΩ	😇😇😇
11:56	一般人	😇
11:56	ザッハトルテ。	かわいい
11:57	mezzoforte	😇😇😇
11:57	筆記丸	箱コンとswitchでもXYが逆だという…
11:57	友利匡志	かわいい
11:57	高速フーリエ変換	草
11:58	妖精の灯り	かわいい😇😇
11:59	ユーミン	かわいい
11:59	taka32 S	😇
11:59	ぐりむ	😇
12:00	【 叶 】magica〝桜一色〟	お歌助かる
12:00	紫ユウキ	かわいいよ😇
12:01	0315 tty	😇😇😇😇
12:01	やまP	かわいい
12:01	鶏だしクリーミィ	XさんYさんとも仲良くなれたんだね
12:01	首都ブラジリア	かわいい
12:01	十三姫	あーりーがと！
12:01	Takebon[たけぼん]	😇😇😇
12:01	ひっきー	所どこ悲鳴がｗ
12:01	桑原みー	歌きれい
12:01	鷹綾	😇😇😇
12:02	tan ge	😇😇😇
12:02	麻雀ビギナーしょーしょん	😇 😇 😇
12:02	はりはり	かわいい
12:03	セラフィーウェア	かわいい
12:03	不座家ルナ	おうた助かる
12:04	霧雨	😇
12:04	jo mojo	ホラゲー要素助かる
12:05	サナ	かわいい
12:05	あのんまのん	とか
12:05	みづき	かわいい
12:06	古鉄	可愛い歌声だ
12:07	ゆゆゆっ毛	Yがネギっぽい
12:07	やまP	👼👼👼👼👼
12:07	ザッハトルテ。	😇😇😇
12:08	KUROもこ	😇😇😇
12:08	THORN	逆にPS版経験者は、○×じゃないと泣いちゃう。
12:08	山田エミール	かわいい…
12:08	Yuki Akemi	​😇😇😇
12:08	OB RA	ご褒美来たな
12:09	カンザキシン	いい声
12:09	ruska	😇😇😇
12:09	Ken Ken	かわいい
12:09	サンジ	なつかしい
12:10	はぐるま	とかとかノルマ達成
12:11	ケバブ	かわいい
12:12	せしのれ	歌声が可愛すぎる
12:12	Makotola	😇😇😇
12:12	あよ	あ～癒される
12:13	山本たろう	かわいい
12:13	西都なつ	かわいいしか言えない
12:14	とき	ほわほわお歌かわいい
12:15	月十字	😇かわいい😇
12:15	ネムレス	エンジェルボイスだぁ
12:15	サンジ	なつかしい
12:15	くらつ	ボリューム上げたいけど悲鳴で鼓膜が飛びそうｗ
12:15	Nights -O	😇😇😇
12:16	Josh	😇
12:16	雨の宿り木	かわいい
12:17	帰宅RTA	かわいい
12:17	ささかま。	😇😇😇
12:18	Akiteru Fjimoto	歌好きだ
12:18	渡辺武士	ほんと上達が早いな
12:18	スーパーガク	この曲好きになったわ
12:18	やまP	👼👼👼👼
12:18	ダンくま	これで明日からも頑張れる
12:19	mu	👼
12:19	sarami tarou	かわいい
12:19	不座家ルナ	ワイも好きだよ
12:21	ruska	😇😇😇
12:21	ことこと	歌かわいいしプレイも上手い
12:21	si n	かわいい😇
12:21	らふ〇いぐ10	😇😇😇
12:22	Fumy H	ホールドできるようになってる！
12:22	くろしば	😇😇😇
12:23	琵琶丸	上手くなってます！
12:23	keg-on{けごん}	栞桜ちゃんの歌声とかわいいボカロ曲の相性バツグンだな…
12:24	夜月	😇😇😇
12:24	らにふ	かわいい
12:25	オボン	はい！はい！
12:25	司-つかさ-	かわいい
12:26	ゆすけ	いい声
12:26	浪漫砲	すごい上達してる
12:26	ふるーり	😇😇😇
12:27	なーく#Nark	ほいほいかわいい
12:27	*らすく*4693	かわいい
12:27	ピコット	むっちゃ上手くなっとるなあ
12:27	やまぶどう	😇😇😇😇
12:28	トリフネ	ほんとにかわいい
12:28	グレブナーb	かわいい
12:28	ハセマ・スネーク	かわいい…
12:28	ぶたどん	麻雀で疲労した体が癒されていく
12:28	ほのぼのevening	ああ〜
12:28	まっちゃ	😇
12:29	kakusantakesan	かわいい
12:29	。むあ	かわいい
12:30	高速フーリエ変換	😇
12:30	Hasesan	お歌配信感謝
12:31	〆作	かわいい
12:33	ガネット	ほいほほいほい
12:34	カレーうどん	😇
12:34	寿司丸	歌えてる！
12:34	ふれでぃー	栞桜ちゃんの歌ホント好き
12:34	THORN	ちゃんと押しっぱできてる～
12:34	shoko haku	かわいいなぁ
12:34	テーク	ほいほい助かる
12:34	タコ助	かわいい
12:35	ふぉのん	かわいい
12:35	ぐぅたら	本当に上手くなったね〜
12:35	ロザエ	かわいい
12:35	黄月英	かわいい
12:36	カワラ	ほほいっ
12:36	Levith	😇😇
12:36	トンキン湾の人喰い虎	XYボタンと和解しとる！！
12:37	keg-on{けごん}	かわいい😇😇😇
12:37	いとのこ	かわいい
12:37	ひっきー	泣く
12:38	神原カリス	ほいほいたすかる
12:38	サンジ	ほいほいほい
12:38	しまご	かわいい
12:38	カワラ	😇
12:39	jo mojo	だいぶ上手くなったな
12:39	なーく#Nark	うまくなりましたねぇ
12:39	あまなつみかん	😇😇😇😇
12:39	神無月健二	ほいほいー
12:39	髪結い	ホールドしっかりとれてるの強い
12:40	初音ミクオ	かわいい
12:40	彩りの民	かわいい
12:40	ケムリン	ミクちゃんかわいい
12:40	Akiteru Fjimoto	ほいほい！
12:40	天城久秀	👼
12:40	タコ助	ほいほい
12:41	rapid eye rabbit	かわいい
12:42	唐揚げ塩麹	おお！
12:43	No Name	愛言葉好き
12:43	十三姫	あーりーがとー
12:43	ねりようかん	上手くなったね
12:43	モナリザ・マシュマロマン	ほいほいほほいほい
12:44	J PR	お歌だいすき😭
12:44	ぐぅたら	かわいい
12:44	サナ	うまくなってる
12:44	とりあたま	😇😇
12:45	とき	はいはい！
12:46	らふ〇いぐ10	あぁ＾～
12:49	。むあ	上手になってる
12:49	琵琶丸	同時押し！できた！
12:49	ぐぅたら	ばか
12:49	妖精の灯り	はい！はい！
12:49	西都なつ	お、同時押しもばっちりだ！
12:49	gaty fs	HOLD難しい
12:50	ひこたろ	かわいいなあ
12:50	あまなつみかん	うまくなったねぇ
12:50	ゴリラのきゃんの	めっちゃうまくなってるやん
12:51	omi	😇
12:51	Takebon[たけぼん]	かなり上達してる
12:51	司令_つかされい	同時押しも上手くなったか
12:51	ネムレス	上達してるー
12:51	Maha raja	同時推しできるねぇ！
12:52	fu_ko_	😇
12:53	黄月英	かわいい
12:53	おかしろ	ほんと上手くなってる
12:53	穴場スポット	めっちゃ上手くなってて草
12:53	よさく	栞桜さんのお歌可愛い😇😇😇
12:53	ぶたどん	麻雀でガチガチだった体が溶けていく…
12:53	ケムリン	ニッコリミクちゃんかわいい！
12:54	ムラ	かわいい
12:55	アリス	かわいい
12:55	シャルム	同時押しが出来るようになってる
12:55	サカナ	かわよ～🥰
12:55	うみにん	今日はかわいいbotになります
12:56	姓名	かわいい
12:56	天城久秀	音ゲーうまくなってて草
12:57	浪漫砲	全てのボタンと和解したようだなｗ
12:57	namu sun	ばかたすかる
12:57	とき	かわいい
12:57	レッドウッドへいぽう	バカ
12:58	帰宅RTA	同時押しもいい！！
12:58	みづき	めっちゃやり込んでるねこれは
12:58	鶏だしクリーミィ	あ、死んだ
12:58	高速フーリエ変換	ばか！
12:59	西都なつ	バカたすかる
12:59	妖精の灯り	ばかかわいい
12:59	クリスティン.	ばか助かる
12:59	カワラ	ばか←すき
12:59	彗星夜	ばか
12:59	ネギ豆腐	同時推しもできてるじゃん！
13:00	ネッシー	ばか
13:00	十三姫	「ばか」かわいいい
13:00	初音ミクオ	上手い！
13:00	しまご	😇
13:00	slyness	はいっ！バカです！！
13:01	Nights -O	ばかたすかる
13:01	こうめ	うまくなった
13:01	斎藤真方	😇
13:01	いざよいさくや	( ◠おー
13:01	此処葉	かわいい
13:02	はりはり	めっちゃ上手くなっとる
13:02	ささかま。	バカ助かる
13:03	拡散の尖兵	かわいい
13:03	たい焼き袋詰	かわいい
13:03	筆記丸	ばか助かる
13:03	郭々	馬鹿助かる
13:03	おかしろ	ばか♪
13:04	やまぶどう	ばか！
13:04	司-つかさ-	😇
13:05	keg-on{けごん}	バカ♡助かる
13:05	アラモード	かわいいなぁ
13:05	akidai	ばかたすかる
13:05	sa	ばか！
13:05	ぐぅたら	😇😇😇
13:05	唐揚げ大好き	バカたすかる
13:05	明日カン八郎	かわいい
13:06	Fumy H	かわいい……😇
13:06	トリウナギ	ＸＹと仲良くなってる
13:06	Badluck-shvine	ばかたすかる
13:06	麻雀ビギナーしょーしょん	あはぁー😇 😇 😇
13:07	繝壹ち繝壹ち繧キ繝輔ヨ	かわいい
13:07	いとのこ	ありがとう
13:07	ShingoMk-Ⅱ	かわいいなぁ～
13:08	Nights -O	😇😇😇
13:08	神無月健二	ばか♥
13:08	やまP	かわいい
13:08	shoko haku	かわいい
13:09	超大型小人。	😇😇😇😇
13:09	醤油砂糖	慣れの問題だったんかな
13:09	マロニエ	上達してる！
13:09	みのる	バカ助かる
13:10	くろしば	😇😇
13:10	桐生ユキ	😇😇😇
13:10	なんごくとうふ	ばか助かる
13:11	sarami tarou	ばか助かる
13:12	聖徳明太子	バカだけ言うスタンス
13:12	とき	上達してるねぇ
13:12	古鉄	サーセンｗ
13:15	トリフネ	「ばか」かわいすぎ
13:16	いざよいさくや	ばか助かる😇
13:16	ヨウ	かわいい
13:16	くものき_	ああああ😇
13:16	拡散の尖兵	ｱﾌﾞﾈｪｰ
13:16	首都ブラジリア	もっと罵って
13:17	伊奈ぴょん	アルパカ？
13:17	Mero D	カワヨ
13:17	ふぁりゅ	ホールド「🤔」
13:17	十三姫	お歌かわいいいーーー
13:19	しばわん	かわいい
13:19	ひこたろ	ｱﾌﾞﾈｰ
13:19	らふ〇いぐ10	😇😇😇
13:19	ポンコツ星人	しあわせ
13:20	雨宮恵	大好き
13:20	ねみみん	かわいい
13:24	ガジュライ	すごくうまい
13:24	やまP	👼👼👼👼
13:25	司-つかさ-	うそついた？
13:26	朧火凛	うまくなりすぎてて 悲鳴がきけないじゃないか
13:26	黄月英	歌ってみたはよ
13:27	いざよいさくや	ただリズム感は無いな
13:27	kakusantakesan	ばか、好き
13:27	黒井へちま	かわいいー
13:27	ひっきー	聞きほれてると、唐突な悲鳴で笑ってしまうｗ
13:27	Rei	😇😇
13:28	タネ	今日はちゃんとボタン和解してるんだね
13:28	はんごろりん	いうほど歌下手じゃないね。上手だと思うよ
13:29	ころコロ	可愛い♡
13:29	nao 77	うまくなったねー
13:29	ケムリン	うたいいなぁ
13:30	琵琶丸	突如エモに悲鳴が混入するｗ
13:31	antidust	ハードも安定している
13:31	rapid eye rabbit	😇
13:32	*らすく*4693	お歌かわいい
13:32	池谷ike	あぶね草
13:34	あまなつみかん	ほんとかわいい
13:35	いいさん	😇😇😇
13:35	121mj	かわいい😇
13:35	ぐぅたら	おー
13:36	青ススキ	昨日よりだいぶ上手くなっててびびった
13:39	カンザキシン	連打したな？
13:40	唐揚げ塩麹	いいねぇ！
13:41	keg-on{けごん}	あぁ最高…
13:42	ネムレス	幸せな配信だ
13:43	Fumy H	大好き
13:44	はりはり	めっちゃ上手くなってる！
13:45	あのんまのん	これならほかのハードも行けるのでは？
13:48	十三姫	がんばえー
13:49	妖精の灯り	かわいい
13:49	ぐぅたら	タイミング早い
13:49	不座家ルナ	実質お歌配信
13:50	sarami tarou	かわいい
13:50	ピコット	HARDぐらいになると音数増えるから知ってる曲はそのまま押せる感するよね
13:50	此処葉	落ち着いて
13:51	ころコロ	これは可愛い♡良🌳✨✨✨
13:52	ポンコツ星人	かーいいよねえ
13:52	浪漫砲	ボーだライン超えた
13:53	*ねう*	上手い！
13:53	雫	これはひどい
13:53	池谷ike	かわいいね！
13:53	初音ミクオ	可愛い
13:53	shoko haku	かわいい
13:55	ミツキ	ここ歌詞のリズムじゃないからねｗ
13:55	とき	裏打ちずれると悲惨よね
13:56	テーク	ふぁいとー！
13:57	西都なつ	がんばって
13:57	03cco【〇〇っこ】#NCB桜座戦2位	お歌可愛い
13:57	ほのぼのevening	いい
13:59	あのんまのん	焦らずに
14:00	十三姫	お歌かわいいっ！！
14:02	スズメがサンバ	しおちゃんかわいい
14:02	やまぶどう	お、ライン超えた！
14:02	リュカ	むずかし
14:02	トンキン湾の人喰い虎	昨日から格段に進化してる
14:02	slyness	歌いながらやるの難しい
14:03	ゆえ	最後これ裏拍か
14:03	はなかげ	かわいい
14:04	ぺんど	めっちゃ上手くなってる！！
14:04	もるぽん	裏拍
14:04	204βわかる	前よりめっちゃ上手くなってるやん！！
14:05	ケムリン	良いデュエットだあ
14:05	カンザキシン	ｗｗｗ
14:05	麻雀ビギナーしょーしょん	草
14:06	山本たろう	おぉ❗
14:06	おっ	裏拍とりながら歌うのは難しいやろ
14:06	BlueMonday	ミクさんだんまりで草
14:06	デモア	目押しじゃなくてリズムに乗ることを覚えるタイミングで一気に上達するからね
14:06	ザッハトルテ。	お上手
14:06	シロ組ありす桜花	楽しそう
14:06	kakusantakesan	ヴァ！
14:06	antidust	この歌おすすめモジュールすごく可愛いからおすすめですよ
14:06	ぶたどん	ミクさんのパンツが絶妙に見えない
14:06	夜月	かわいい
14:07	しまご	上手くなってる！
14:07	銀河美少年	かわいい
14:07	うみとり	いえええええい
14:07	Trillion Green	かわいい
14:07	うみにん	ほんとに上達してる
14:07	雨宮恵	ばっ！
14:07	琵琶丸	お上手！
14:08	伊奈ぴょん	可愛い
14:08	明日カン八郎	可愛かった
14:08	slyness	ゔぁっ！
14:09	芝村	クリアはできてる！
14:09	わかめ	おうたたすかる
14:10	KA A	８８８８８８８８８８
14:10	帰宅RTA	上手いねえ！！
14:10	青ススキ	３連打ミスしやすいね
14:11	唐揚げ塩麹	合言葉さいごリズム取りずらいよね
14:11	ハセマ・スネーク	かわいい
14:12	torysun	うまくなった！3連押せてないけど
14:12	妖精の灯り	めっちゃ上手くなっとるねぇ！
14:12	ケムリン	このお歌すき
14:12	西都なつ	上達してる
14:12	セラフィーウェア	888888
14:15	天城久秀	クリアすごい
14:15	揚げ饅頭	いけたねぇ
14:15	マロニエ	上達してる！
14:16	はりはり	すげー！
14:16	孤高の探索者	クリアおめでとうございます！
14:16	拡散の尖兵	お上手！
14:16	nyatra	😇😇😇
14:16	いとのこ	おお！
14:16	きんつば	ないすぅ
14:16	204βわかる	後半グダってもたけど
14:16	keg-on{けごん}	クッソかわいかった…
14:17	ネグロちなC	いけるじゃん！
14:19	Badluck-shvine	朝よりは下がってるけどクリアおめでとう！
14:19	ゆっかゆか	愛言葉の
14:20	白野威藍玉	お上手！
14:20	浪漫砲	これがエクストリームになると、謎のタイミングで押す羽目になる
14:21	mischa's Lab.	上手くなってるね
14:21	カンザキシン	８８８８８８８８
14:21	shimo 636	やりますねぇ！
14:21	rapid eye rabbit	うまいやん
14:21	ケムリン	クリアー！
14:21	ありにゃ	クリアおめー
14:21	KUROもこ	めっちゃ上達してる
14:22	ユーミン	クリアおめでとう！！！
14:22	友利匡志	お上手
14:22	*らすく*4693	ハードクリア凄い！！おめでとうございます！！
14:22	天城久秀	ハードなのに！？
14:22	シャルム	お上手
14:23	ロザエ	上達してるな～！
14:23	help	上達してる
14:24	れいりす	８８８
14:24	ダンくま	上達はやいなあ
14:24	カワラ	うまい
14:25	サナ	すごい
14:25	U- G	上手くなってる
14:25	さっつん	見違えるわ
14:25	あよ	クリアおめでとう！ 練習の成果だ！
14:26	暁宵	おおお上達しとる
14:26	はんごろりん	ハードで66％！すごいね！
14:26	彗星夜	上達したねぇ
14:26	かげちよ	愛言葉のEXTREME面白いよ
14:26	ライトクルーザーNo.2	おおお
14:26	やまP	うまい
14:26	筆記丸	クリアおめでとうございます
14:27	ぐぅたら	本当にすごいよー！
14:28	高速フーリエ変換	上手くなったねぇ
14:28	sa	上達してる！
14:28	Milk .0	上手くなってる！
14:28	mu	お歌もプレイも上手い
14:29	いとのこ	ハードすごい！
14:29	ころコロ	上手くなってる🎉🎊㊗
14:29	si n	うまくなったね～
14:30	クリスティン.	すごい
14:30	Akiteru Fjimoto	上達してる！
14:30	21	上手くなった！
14:30	Nao02	3連打以上の時に両手使えるようになるともっと上手くなれるよ
14:30	れいりす	スピカ好き
14:30	ネギ豆腐	ミラクルペイントお願いします
14:30	彩りの民	👏👏👏👏
14:31	moti ancoro	Tell your world 
14:31	剛刀同狸	上達速度やべぇ
14:31	ことこと	ハード66%は成長すごい
14:32	くえばこ,	kz
14:33	帰宅RTA	wowakaさんすき
14:34	白野威藍玉	はじめまして宇宙人さんとか面白い
14:35	ハセマ・スネーク	相変わらず上達はやい…！
14:35	リュカ	上手くなったねー
14:35	ぐぅたら	天樂やってー
14:35	nao 77	クリアおめ
14:35	むいかめ	しおちゃんすぐEXできるようになりそう
14:35	jo mojo	メルト
14:35	kuromen hakumen	音楽しっかり聞いたらもっと上手くなるかな
14:36	浪漫砲	エイリアンエイリアン！
14:36	れめれめ	上手くなってる！
14:37	氷水:ひすい	おすたーさん
14:37	テーク	サマーアイドル！
14:37	Chocola	実質歌枠
14:37	トンキン湾の人喰い虎	ダブルラリアット
14:37	唐揚げ大好き	天楽ー
14:37	司-つかさ-	えんじぇぅ
14:38	渡辺武士	めっちゃ上手くなっててすごい
14:38	MiZKi	アカツキアライヴァル聞きたいな
14:38	PER	君の体温
14:39	ザッハトルテ。	天樂
14:39	maguna	昔ローリンガールばっかりやってた
14:39	メディ	ロミシン
14:39	唐揚げ塩麹	両方のボタンで押せてる？
14:40	木曽オzHkk	ロミオとシンデレラ
14:40	雨宮恵	昨日やってない曲見たいなあ
14:40	エウリュ	ロキ面白いよ
14:41	麒麟三六丸	ハロプラとか
14:41	穴場スポット	グリーンライツセレナーデとかあるのかな
14:41	芝村	メテオ～
14:41	ミツキ	Tell Your World好き
14:42	不座家ルナ	神のまにまに
14:42	ぶたどん	ダブルラリアットないの？
14:42	ころコロ	クリアおめでとうございます🎉🎊㊗
14:42	こころふるえる	炉心融解あるの？
14:42	あのんまのん	裏表ラバーズやって
14:42	ねりようかん	消失やろうぜ
14:43	nyatra	栞桜ちゃんが歌詞わかるやつ
14:43	桑原みー	かわいいしうまい
14:44	渡辺武士	天樂すき
14:45	繝壹ち繝壹ち繧キ繝輔ヨ	裏表ラバーズすきー
14:45	うみにん	一番はメランコリック
14:45	レイザーRR	めちゃ上手くなってますねぇ…
14:45	折々	米津が好き
14:46	カラスは可愛いのですよ?	キャットフード
14:46	高速フーリエ変換	リンネある？
14:46	花小町	ヒバナ
14:47	しまご	アマツキツネ
14:47	銀河美少年	ロキすき
14:47	うさぎじる	ローリンガールある？
14:47	slyness	アンハッピーリフレインすき
14:47	Fumy H	六兆年とか好きだけどあるのかな？
14:47	妖精の灯り	HARDは全部あるよ
14:48	chari1979	メテオきぼー
14:48	いざよいさくや	天ノ弱
14:48	ぐぅたら	全部あるよー
14:48	涼ryo Siro menber	ロミシンがいいなぁ🙄💭
14:49	れいりす	ハードは全部ある
14:49	antidust	Hands in hands好きです
14:49	みづき	裏表ラバーズ！！
14:50	ゆえ	二次元ドリームフィーバーかな
14:57	桑原みー	ハードまでは最初から出てるなじゃない？
14:57	モナリザ・マシュマロマン	アンハッピーやろうぜｗ
14:57	カレーうどん	アンハッピーリフレイン難しそう
14:57	ruska	裏表ラバーズ
14:59	タカギそら	まにあったーやったー
14:59	ろっきー	すろぉもぉしょんとかない？
14:59	K.H2O	ジグソーパズルとかやって欲しい
14:59	204βわかる	5
14:59	トリフネ	just be friends
15:00	あやややや	二次元ドリームフィーバー
15:00	カワラ	裏表ラバーズよいよね
15:01	THORN	ロミシンはやっておきたいね～。
15:01	Fumy H	桜ノ雨なつかしいね
15:02	暁宵	ロミオとシンデレラ
15:02	〆作	歌えるやつやってこう
15:03	いざよいさくや	アンノウンマザーグース
15:03	あのんまのん	卒業ソングだ
15:03	司令_つかされい	５レベならいけるか
15:05	さみゅ	裏表ラバーズ
15:05	おは	ええやん
15:06	MiZKi	桜ノ雨いいね
15:06	wisteri a	インタビュアはゆっくりだし、おススメ
15:06	初音ミクオ	おお
15:07	カンザキシン	ダンスホールやろうぜ
15:07	帰宅RTA	アンハッピーリフレインやったぜ
15:07	タコ助	なつかしー
15:07	十三姫	おー 桜の雨だ！
15:08	ハセマ・スネーク	助かる！
15:08	204βわかる	ロミシンいいね
15:08	雨宮恵	好きな曲だ！
15:08	エビ天	桜の雨すき
15:08	tan ge	エイリアンエイリアン
15:09	かげ	消失
15:09	*らすく*4693	桜ノ雨いい！！
15:09	白野威藍玉	はじめまして宇宙人さん
15:10	kuromen hakumen	裏表ラバーずある?
15:10	れいりす	EXはハードクリアしないと解放されない
15:11	help	メルト
15:11	くえばこ,	package
15:12	ゴリラのきゃんの	桜ノ雨似合うね君
15:12	KUROもこ	スピカ
15:13	ぐぅたら	EXTREMEはHARDクリアしないと解禁されない
15:13	やまぶどう	お、行くねぇ
15:13	ヨルネ	やっぱ可愛い
15:14	あのんまのん	あったぞ
15:14	西都なつ	カラフルメロディとかある？
15:14	モナリザ・マシュマロマン	この曲はマジでなく
15:14	なんごくとうふ	アゲアゲアゲインも是非
15:15	ヴィクトル・ヴェクセリベルク:石油王	アマツキツネ
15:15	穴場スポット	テオやってほしい
15:16	Fumy H	紅一葉とか
15:16	a ha	アンハッピーリフレインすき
15:16	ももりん	おすすめモジュール設定してほしい
15:16	クーニャ	あったよ
15:16	ああああ	幸福安心委員会見たい
15:17	妖精の灯り	ローリンガールと裏表ラバーズあるよ！！
15:17	天鳳爆発しろ	ラバーズはある
15:17	keg-on{けごん}	裏表ラバーズ聞きたいな
15:18	ゆっかゆか	アンハッピーは早くてやばいかも
15:18	ゆんゆん	アンハッピーリフレイン懐かしいなぁ
15:19	がっち	ハードは一気に難易度上がるかも
15:19	wisteri a	無理ゲーｗ
15:20	高速フーリエ変換	リンネないかぁ…教えてくれてありがとうです
15:20	ちゅんまー	東京テディベア
15:20	Lucky Shot	炉心融解
15:20	不座家ルナ	ハッピーシンセサイザ
15:21	テーク	慣れてきてますね！
15:21	司令_つかされい	卒業式で歌うやつか
15:21	。むあ	卒業の季節やのう
15:21	antidust	裏表あります
15:21	*プロミネンス*	shake it
15:22	ろっきー	裏表さっき映ってたよ
15:22	いざよいさくや	桜ノ🌧いいね
15:22	彗星夜	がんばれー！
15:22	サカナ	上達してるねぇ
15:23	THORN	とばしてきた～！
15:23	OB RA	ネトゲ廃人あったらやってほしいなあ
15:23	タネ	ローリンガールがないだと！？
15:23	ゆかの妹子	Neru
15:23	MiZKi	これも名曲
15:23	デモア	ARiAとか好きなんだけどないかな
15:24	おは	ロミシンいこう
15:24	さみゅ	さっきあったよ
15:24	ぐれーと	裏表ＰＳ４にはあるんだがな～
15:24	麻雀ビギナーしょーしょん	あとヒバナ！！
15:24	あやややや	裏表あるよ
15:25	浪漫砲	カラフルメロディとか天樂とか
15:25	山北	桜丿雨流行ったよな
15:26	西都なつ	裏表さっき見えたけどなぁ
15:26	元気だしてこ	がんばれｗ
15:28	しみやん	裏表ラバーズありますよ
15:28	マロニエ	消失見たいな
15:28	あのんまのん	裏表ラバーズはあるぞ
15:28	天鳳爆発しろ	カラフルメロディがいい
15:28	芝村	泣いちゃうぞ！？（視聴者が
15:28	K.H2O	ジグソーパズル
15:28	竹中志綺	桜雨は泣ける
15:29	Fumy H	まだ梅ぞ
15:29	maguna	それやるの経験者だけだぞ
15:29	ノカゼ	裏表ラバーズあったっぽいよ？
15:30	ruska	裏表あるぞー
15:31	司-つかさ-	がんばれー
15:32	唐揚げ塩麹	今までの曲全部あると思ったけど違うのか
15:32	ピコット	音ゲーはやれる曲を色々やるのが一番上達するべ
15:33	古鉄	先に梅やなｗ
15:33	不座家ルナ	夜桜？
15:34	雨宮恵	栞桜ちゃんのシーズン
15:34	白茶	砂の惑星
15:34	モナリザ・マシュマロマン	卒業式の前とかに聞いてた記憶がある
15:36	初音ミクオ	いきなりハードかｗｗ
15:36	ミツキ	カラフルメロディあるよ
15:37	トンキン湾の人喰い虎	もう悲鳴はなさそうだねぇ
15:37	ゆんゆん	シリョクケンサはある？
15:37	がっち	この曲すこ
15:38	いざよいさくや	裏表あるぞ
15:39	slyness	カラフルメロディ懐かしすぎるな
15:41	ひっきー	カラフルメロディPSPのVitaで好きになったなぁ
15:42	やまぶどう	もうちょい先やな
15:45	パイライトテディ	この曲好き
15:45	孤高の探索者	懐かしいなぁ
15:45	Nights -O	ハードで練習はアリだと思う
15:46	___うちゅ	PS4にあったやつ全部あるわけじゃないのね
15:46	妖精の灯り	栞桜ちゃん言ったやつ全部あるよww
15:47	はぐるま	HARD耐久?
15:47	ひっきー	Divaだorz
15:48	トリフネ	なつかしー
15:48	司-つかさ-	ないた
15:48	天鳳爆発しろ	カラフルメディあるよ
15:49	ゆっかゆか	こっち向いて
15:49	chari1979	カラメロあるよ
15:50	さーもばりっく	卒業式で流行った曲だよね・・・
15:51	K.H2O	カラフルメロディーあるよ
15:51	ライトクルーザーNo.2	あっこれかぁ！
15:51	浪漫砲	ありますぜ、カラフルメロディ
15:52	【 叶 】magica〝桜一色〟	桜 栞桜ちゃん
15:52	神原カリス	リンちゃんにランドセルでやる曲定期
15:53	keg-on{けごん}	かわいい
15:54	chi ai	こんばんは
15:55	司令_つかされい	ゆっくりだと難しいな
15:56	あまなつみかん	なつかしいなぁ
15:57	ケバブ	いい曲だよね
15:57	十三姫	栞桜ちゃんのお歌かわいい！
15:57	184	懐かしい
15:58	バルビン	ODDS&ENDSが聞きたい
15:58	不座家ルナ	夜桜はたまんねえなぁ
16:00	あのんまのん	ぽちぽち
16:03	れいりす	裏表はノーマル以上から出来るよｗ
16:05	shoko haku	うわなつ
16:09	ハセマ・スネーク	ボタン音も落ち着くなあ…
16:10	omi	遅いのつらい
16:11	ぐれーと	まあ１００曲くらいだしＰＳ４の半分だよね
16:11	パリッコ	わかる
16:11	Nights -O	たしかに
16:11	keg-on{けごん}	遅いのはムズいね
16:11	唐揚げ塩麹	わかる
16:12	Orpheus1221	遅いのは難しいね
16:12	帰宅RTA	ノートの感覚が大分狭い
16:13	ザッハトルテ。	わかる
16:13	れいりす	イージーだと出来ない曲もあるんだよね
16:13	西都なつ	遅いの合わせづらいよね
16:14	ゆえ	歌に合ってるのは逆にむずいんだよね
16:16	十三姫	遅い曲はむずかしいね
16:17	ムラ	わかる
16:17	雫	桜ノ雨が遅いからしゃーない
16:18	桑原みー	ちょっとはやめのが得意なのかな？
16:18	せしのれ	ボカロ全く知らない私には栞桜さんが原曲だわ
16:19	mu	遅いの難しいの分かる
16:19	ケムリン	いい歌詞だ
16:19	さっつん	早いはずなんだがそろそろ咲き出しててなぁ
16:19	mother ship	遅いの難しいね
16:19	黄月英	😇😇😇
16:20	カンザキシン	連打癖ｗ
16:22	ああああ	桜の雨リズム取り辛い
16:22	浪漫砲	桜ノ雨の
16:23	エビ天	懐かしい涙でそ
16:24	いざよいさくや	BMPが低いからな
16:24	cvector	めっちゃホールド
16:24	gaty fs	せっかちでちゃいますか
16:28	サンジ	たまちゃんかわいい
16:31	Maha raja	ｶﾁｬｶﾁｬ
16:31	si n	映像綺麗
16:31	Nao02	遅いのムズいは音ゲーに慣れてきた証拠
16:32	pv order	なんか泣けるなぁ
16:32	バルビン	今年は桜の開花早いらしいよ、3月中旬だっけか？
16:32	あまなつみかん	なんか泣きそうだわ
16:33	keg-on{けごん}	😇
16:33	ささかま。	😇😇😇
16:33	ピコット	テオと比べるとBPM100がぐらい遅かった気がする
16:34	KUROもこ	かわいい😇
16:36	ぶたどん	お゛ぃっ(ミス)
16:36	西都なつ	懐かしいなぁ
16:36	Fumy H	ほんま名曲
16:37	浪漫砲	初音ミクシンフォニーの桜ノ雨を思い出す
16:39	高速フーリエ変換	優しい声…
16:40	いおりん	なっつかしい
16:40	pandoゴネーシャ	歌覚えてないと押すタイミングつかめない系ね
16:41	紫ユウキ	😇😇😇😇
16:41	朝霧ユカリ	音ゲー中は普通に歌ってくれるんね？
16:41	不座家ルナ	ローアングル助かる
16:41	らふ〇いぐ10	😇😇😇
16:42	やまぶどう	かわいい
16:42	麻雀ビギナーしょーしょん	音ゲーやるとボタン潰れそうだよね()
16:43	妖精の灯り	桜ノ雨は遅くて逆に難しい
16:45	くろしば	😇
16:45	琵琶丸	スロウテンポの曲ですものね
16:45	猫のバロン	😇😇😇
16:45	拡散の尖兵	😇
16:46	みーや	😇😇😇
16:46	夜月	😇😇😇
16:46	雨宮恵	😇😇😇
16:47	鷹綾	😇
16:48	やまP	👼👼👼👼👼
16:49	ハクトウ	DIVAきｔ
16:50	ケムリン	一生懸命歌いながら遊んでる栞桜ちゃんすき
16:50	たい焼き袋詰	かわいい
16:51	Tack song	ホールドガン無視で草
16:54	トンキン湾の人喰い虎	待ちきれなくて押しちゃうんだよねぇ
16:54	たけどーら	かわいい
16:55	kakusantakesan	声かわいいね
16:55	ありにゃ	桜ノ雨好き
16:56	テーク	😇😇
16:57	十三姫	栞桜ちゃんの歌声かわいいー
16:58	むいかめ	EXのほうが逆にできるかもしれない
17:00	shoko haku	かわいい
17:00	keg-on{けごん}	はい！
17:00	ザッハトルテ。	😇😇😇
17:01	タネ	そっかもうこの曲が歌われる時期かぁ
17:01	玄米茶	😇😇😇😇
17:02	黄月英	かわいい
17:02	さーもばりっく	さーくらーのあめー
17:03	トリフネ	サビほんと好き
17:03	はりはり	😇😇😇
17:03	モジャンヌ	かわいい
17:03	てんぷら	あっこれかぁ；；
17:04	Nights -O	😇
17:04	みのる	😇😇😇😇
17:05	初音ミクオ	しおちゃんが歌うと子守歌みたい
17:05	やまP	👼👼👼👼👼
17:05	とき	w
17:05	ケムリン	桜の雨〜
17:05	si n	かわいい
17:06	あまなつみかん	😇😇😇😇
17:08	あぎだどら	懐かしいなぁ
17:09	古鉄	懐かしいなぁ
17:09	此処葉	いい曲だ
17:09	こうめ	いいな
17:10	妖精の灯り	😇😇😇
17:10	司-つかさ-	😭
17:10	西都なつ	かわいいｗ
17:10	司令_つかされい	サビが早くなる
17:13	サカナ	😇😇😇
17:13	タカぴー	桜のあｳｪｰ！
17:14	vanishinggift	教室の窓から桜ノ雨 ふわり手のひら 心に寄せた みんな集めて出来た花束を 空に放とう 忘れないで 今はまだ… 小さな花弁（はなびら）だとしても 僕らは一人じゃない
17:14	shimo 636	HOLD
17:14	浪漫砲	草
17:14	サナ	かわいい
17:15	kakusantakesan	なぜ悲鳴が聞こえるのか
17:15	いざよいさくや	悲鳴助かる。
17:15	シャルム	バラードは難しくしようとすると譜面が複雑化するからなぁ
17:16	ケムリン	あっ
17:16	うみにん	😇😇😇
17:18	204βわかる	草
17:18	カレーうどん	当時はスマホもなかった…
17:18	たろうやまだ	この曲知ってる
17:18	keg-on{けごん}	かわいいｗ
17:19	くものき_	なんか泣ける
17:19	トリフネ	かわいいすぎる
17:19	ピコット	△□☓○だとYがピンク色だから桜の花なんだよ
17:20	夜月	😇😇😇
17:20	エビ天	😇😇😇😇
17:21	虚空	かわ
17:23	彗星夜	かわいい
17:23	アリス・バレンタイン	かわいい
17:23	帰宅RTA	🌸
17:24	しばわん	かわいい
17:24	モナリザ・マシュマロマン	教室の窓から桜ノ雨
17:24	明日カン八郎	かわいい
17:24	ゆっかゆか	抜け始めた
17:24	朧火凛	いまのはかわええ
17:24	司-つかさ-	😇
17:25	わかめ	ふにゃにゃにゃーｗ
17:25	ぺんど	😇
17:26	琵琶丸	良いお歌と悲鳴が入り混じる唯一の配信
17:27	くろしば	😇😇😇
17:27	飛鳥	かわいい
17:27	shoko haku	かわいい
17:27	sa	草
17:27	アリス	かわいい
17:28	斎藤真方	良い曲だ
17:30	Akiteru Fjimoto	サビ良いな
17:30	シニスター	しおちゃんの歌すこ
17:32	トリフネ	歌詞泣ける
17:32	とき	上手い上手い
17:32	銀河美少年	😇
17:33	THORN	これ、しおちゃん用の曲じゃあないかっ！🌸🌸
17:33	ほのぼのevening	かわいい
17:35	風神雷神	すまん、少し泣く
17:35	なじー	😇😇😇
17:35	らふ〇いぐ10	🌸
17:36	浪漫砲	さあ、ここからだ
17:37	mother ship	この曲ボカロでやってるのすごい
17:38	首都ブラジリア	いい歌だなぁ
17:39	*らすく*4693	ここすき
17:39	唐揚げ大好き	歌わせるのはしおさんです
17:39	明日カン八郎	😇😇😇
17:40	shoko haku	おおお
17:41	山本たろう	かわいい
17:42	暁宵	急に悲鳴が聞こえるバラード
17:42	ruska	😇😇😇
17:42	Clover	BPM遅いと逆に難しくなる罠
17:44	いとのこ	おお
17:45	やまぶどう	🌸
17:46	Ken Ken	歌声好き
17:49	あのんまのん	ここほんといいわ
17:51	琵琶丸	はいっ！（カワイイ）
17:51	Fumy H	ちょっと泣いてくる
17:51	十三姫	がんばえー
17:54	寒冷地仕様の俺	うーん可愛いが過ぎて記憶が飛ぶ
17:55	れめれめ	いい曲だ
17:56	ケムリン	良い曲だｧｧｧｧｧｧ
17:57	なーく#Nark	なけてきてしまう…
17:57	アリス	かわいい
17:58	帰宅RTA	いい！
17:59	不座家ルナ	悲鳴助かる
18:00	wisteri a	ホールドしながら次押すのが出来てるね
18:00	こーちゃ	涙腺に来る
18:01	西都なつ	いい曲だよなぁ
18:02	バルビン	歌が素敵すぎる
18:03	keg-on{けごん}	ﾔｰ!かわいい
18:04	ケムリン	この曲すき！
18:04	シニスター	👼
18:06	Leiros Skyly	かわいい
18:07	がっち	ここ気持ちいい
18:07	黄月英	わかる
18:08	いろ	初めて聴いたけど好きだなぁこの歌…
18:08	リュカ	ちゃんと音程とれてるね、上手いね
18:08	ムラ	かわいい
18:09	高速フーリエ変換	Cメロという概念が好き
18:09	si n	悲鳴で草
18:11	ユーミン	楽しそう
18:11	十三姫	うまい
18:12	とき	ぴきーん！
18:12	majika	ﾜｰ
18:12	琵琶丸	おお！
18:12	おは	気持ちいい
18:14	ひっきー	ジャキーン！良いよね
18:15	ああああ	こんな風に思える学生時代を送りたかった
18:15	あまなつみかん	お、できるやん
18:16	らふ〇いぐ10	合いの手助かる
18:16	妖精の灯り	やっぱいい曲だなぁ
18:17	ミツキ	そのうちスライド地獄で楽しくなくなるぞ
18:17	雫	判定迷子で草
18:18	やまざきまさし	Hardくらいがボーカルと合ってやりやすいよね
18:26	元気だしてこ	ｗｗ
18:26	ギンジ	こんばんはー
18:28	西都なつ	いいぞー
18:28	モナリザ・マシュマロマン	学校大っ嫌いだったけど何だかんだ卒業式は寂しくなった
18:31	THORN	もうすぐ３月だから、この曲が刺さりそうだねぇ。
18:32	たけどーら	圧倒的成長
18:32	ことこと	全体的に凄く成長してるよｗ
18:33	なーく#Nark	一時期卒業式の曲にも選ばれてたんだよ、これ
18:33	Nights -O	HOLDいい感じw
18:35	カキル	幸子で知ったなーこの歌
18:38	司-つかさ-	すごい！
18:38	ピコット	曲によってはホールドめっちゃ％稼げるから大事
18:39	ぐぅたら	😇😇😇
18:40	司令_つかされい	押しっぱなしにするのか
18:40	cvector	ホールド稼ぎ効いてそう
18:42	ギンジ	かわいい
18:43	麻雀ビギナーしょーしょん	王道千本桜もやって欲しい感
18:44	明日カン八郎	いいねー
18:47	sarami tarou	かわいい
18:47	桑原みー	長推しどんくらいおしてればいいんだろう
18:47	ガジュライ	初めて聞くけどい曲ですね
18:50	テーク	Yがネギと花びらに見えてきた
18:52	氷水:ひすい	ホールドのダブルまだ辛そうね
18:52	ピコット	クリアライン到達～
18:53	ダイスK	超パで合唱したの思い出す
18:54	古鉄	所々に挟まるアブネ
18:55	白野威藍玉	クリアライン乗った！
18:55	ムラ	かわいい
18:56	元気だしてこ	むずいｗ
18:57	天城久秀	音ゲー楽しいなｗｗ
18:58	十三姫	栞桜ちゃんの歌声かわいいー
18:59	。むあ	ＹやＸと仲良くなってきてるね
18:59	あのんまのん	草
19:00	あぎだどら	上手くなっちゃったら悲鳴が聞けないじゃない
19:01	D daisy	かわうー
19:01	ns zn	うおおおおおおおおおおおい
19:02	mother ship	草
19:03	帰宅RTA	遅いとムズいねぇ！
19:03	麻雀ビギナーしょーしょん	草
19:03	もるぽん	素敵
19:04	keg-on{けごん}	草
19:04	やまぶどう	お、ラインのった
19:05	トンキン湾の人喰い虎	HOLDは可能な限り押し続ける感じ
19:06	朧火凛	うまくなったなー
19:06	不座家ルナ	泣いた
19:06	ぐぅたら	いや本当にお上手
19:07	七瀬ひなた	桜ノ雨は卒業式に歌ったよ(๑>ᴗ<๑)
19:08	トリフネ	ええ曲
19:09	ケムリン	いいなーこの曲
19:09	なーく#Nark	ハルヨシさんですね
19:09	rapid eye rabbit	かわいい
19:10	初音ミクオ	あぶねｗ
19:10	Maha raja	うまいじゃん
19:10	やまP	上手くなったねえ
19:11	十三姫	クリアおめでとー！
19:11	山本たろう	クリアおめでとう🎉
19:11	たけどーら	うい〜
19:11	とき	８８８８
19:12	a ha	いい曲だあ
19:12	ハセマ・スネーク	いい曲ですね…
19:12	テーク	美しい歌
19:12	桑原みー	おーすごいすごい
19:12	帰宅RTA	いい曲だった
19:13	204βわかる	卒業式で歌ったわ
19:13	カワラ	いい曲だぁ
19:13	omi	素敵
19:14	浪漫砲	分岐成功！
19:14	たい焼き袋詰	いい曲
19:14	ノカゼ	良い曲だなぁ
19:15	Nights -O	ほんとにいい曲だ
19:15	gaty fs	最後決まった・・・
19:15	きんつば	ないすぅ
19:15	sa	いい曲
19:16	ゴリラのきゃんの	上達してんねぇ！
19:16	ケムリン	あーー良かったぁ
19:16	オロロン	好きな曲
19:17	vanishinggift	halyosyだよ
19:17	琵琶丸	クリアー！おめでとうございます！
19:18	エビ天	栞桜ちゃんの歌かわいい！
19:18	彗星夜	クリアおめでとー！
19:18	ヨタ	クリアおめでとう！
19:18	syaga syagami	にっこりフィニッシュ
19:19	ゆすけ	いい曲だなぁ
19:19	ひっきー	良い歌だなぁ
19:19	唐揚げ大好き	クリアおめでとー
19:19	うみにん	聞き入ってた
19:19	si n	いい曲だなぁ…
19:19	ぐりむ	８８８８８８
19:19	雨宮恵	やっぱりいい曲
19:20	モナリザ・マシュマロマン	クリアおめでとう！
19:20	しばわん	８８８８８８８８８８８
19:20	やあけ	今日はXとYに話しかけられても答えられてますね
19:20	古鉄	これホント流行ったよね
19:20	鶏だしクリーミィ	いい曲
19:20	keg-on{けごん}	おみごと！
19:21	孤高の探索者	クリアおめでとうございます！
19:21	Nights -O	８８８８８８
19:21	伊奈ぴょん	８８８８８
19:21	tan ge	👏👏👏👏👏
19:21	拡散の尖兵	いいわね
19:22	ミツキ	卒業式の定番曲だしね
19:22	司令_つかされい	これは良き
19:22	shimo 636	おめ
19:22	飛鳥	おめでとう
19:23	あまなつみかん	８８８８８８８８８
19:23	しみやん	ホールドは１つのホールドにつき
19:24	彩りの民	おめでとう～！
19:24	サンジ	脳漿炸裂ガール
19:24	トンキン湾の人喰い虎	クリアおめ～
19:24	KUROもこ	クリアおめ
19:25	kuromen hakumen	慣れてきたねー
19:26	*らすく*4693	この曲昔から好き
19:26	ケムリン	良い曲がたくさん知れて助かる
19:26	がっち	ハードもいけるいける
19:26	盧盈誠ろ えい せい	うまくなった
19:26	たけどーら	おめでとう
19:26	霧雨	クリアおめでとう！
19:26	司-つかさ-	うまい！
19:26	朧火凛	ありふれたせかいせいふく を(´・ω・`)
19:26	パイライトテディ	いい卒業ソングだ
19:26	ShingoMk-Ⅱ	おめでとう
19:26	ことこと	ほんと上達してる
19:26	さーもばりっく	クリアおめー
19:27	ガジュライ	８８８８８８８８
19:27	ロザエ	がんばった！
19:27	ゆえ	先輩の追い出し会で歌った
19:27	妖精の灯り	クリアおめでとうー！
19:27	天城久秀	昨日よりはるかに上手になってますね
19:28	桑原みー	しおちゃんすごーい
19:28	西都なつ	やったぜ
19:29	雨宮恵	おめでとう！！
19:29	カンザキシン	おめおめ
19:29	Rei	ほんと良い曲
19:29	つかさ	部活引退する時に友達とうたったの思い出した
19:29	うみとり	６８じゃん！
19:30	せしのれ	素晴らしい
19:30	KA A	すごい！
19:30	とき	いいねー
19:30	Badluck-shvine	いいね
19:30	ぶたどん	おじさんの頃ボカロ採用とかありえないよ…
19:31	ころコロ	スバラです😊
19:32	トキサメ	卒業式の定番曲になったもんねぇ
19:32	ピコット	ハルヨシさんはボカロで四季の曲を全部作ってるんだよね
19:32	黄月英	上手くなってるね
19:32	明日カン八郎	おめでとう！
19:33	あのんまのん	うまいやーん
19:33	テーク	クリアおめー！
19:33	a ha	おめ
19:33	ありにゃ	初見だったの？すごい
19:33	琵琶丸	すごい上達ぶりです！
19:33	THORN	HOLDはOKが出るまで、特典が追加され続けるぞな。
19:34	いろ	クリアおめでとうございますー！
19:34	やあけ	おめでとうございます
19:35	shoko haku	いいね
19:35	友利匡志	おめでとう
19:35	きくりん	凄ーい
19:36	レイザーRR	おめでとう！
19:36	Takebon[たけぼん]	ハードいけるやん
19:36	帰宅RTA	豪遊…！
19:36	ぺんど	いいね！！
19:37	雨の宿り木	クリアおめでとう！
19:37	元気だしてこ	達成率いいね
19:37	十三姫	おおー
19:37	Levith	うまくなったね
19:37	ほのぼのevening	おめ
19:37	バルビン	上達がはやい
19:41	いざよいさくや	いいねぇ
19:41	零助	からくりピエロやってほしい
19:41	らふ〇いぐ10	やったねぇ～
19:41	tan ge	おめでとー
19:42	がっち	メテオすこ
19:42	くろしば	おお
19:42	ぶたどん	おじさんの頃ボカロ採用とかありえないよ…
19:44	si n	いいね
19:44	*らすく*4693	クリアおめでとうございます！！
19:44	THORN	ロミシン！
19:44	サカナ	ハードいけるじゃん！
19:44	ぐぅたら	アンハッピーリフレイン
19:45	麻雀ビギナーしょーしょん	激唱！
19:45	やあけ	貢いでるw
19:45	浪漫砲	ミク繋がりでカラフルメロディやってほしい
19:45	slyness	アンハッピー
19:46	jo mojo	メルト
19:47	ハセマ・スネーク	アンハッピーリフレインかな？
19:48	司-つかさ-	えんじぇぅ
19:48	猫のloyola	ラバーズ
19:49	タネ	少し前だと卒業ソングの定番だったんだけど今どうなんかな？
19:50	むいかめ	衣装チェンジする？
19:51	ぶたどん	おじさんの頃ボカロ採用とかありえないよ…
19:51	いざよいさくや	👏👏👏
19:51	あまなつみかん	キャットフードいいねぇ
19:51	ネムレス	衣装みせてー
19:51	竹中志綺	アンハピ
19:52	ゆっかゆか	アンハッピーリフレイン？
19:52	モナリザ・マシュマロマン	アンハピ
19:53	天鳳爆発しろ	カラフルメロディやって
19:53	レッドウッドへいぽう	いいお歌
19:53	a i	ゆよゆっぺさんの曲あるー？
19:55	Rei	アンハッピーリフレイン？？
19:55	芝村	メテオ～
19:55	文梨優芦	カラフルメロディあるやんけ
19:56	ほんむぉぉぉ	アンハッピーリフレイン
19:56	リュカ	ハードもちゃんとクリア出来てるね！
19:56	ns zn	アンハッピーリフレイン
19:57	孤高の探索者	アンハッピーリフレイン
19:58	moti ancoro	えっちな服買ったんでしょ
19:59	ネギ豆腐	ピエレッタ可愛いよ
19:59	麻雀ビギナーしょーしょん	草
19:59	翡翠_Hi	アンハッピーリフレイン
19:59	タコ助	カラフルメロディー
19:59	初音ミクオ	おおお
20:00	ユーミン	マジかｗｗ
20:00	kakusantakesan	キャットフードの衣装かわいいよね
20:00	朧火凛	買い込んでるｗ
20:00	がっち	買占めだ
20:01	此処葉	おおー
20:01	神原カリス	卒業式でこれを歌った年代とは…え、若…え…？
20:01	マロニエ	流石
20:01	シヴァ村卯月	ええやん
20:01	琵琶丸	マトリョシカありますでしょうか
20:02	なんか青い	この曲すき
20:02	ちゅんまー	東京テディベアやってほしい
20:02	Orpheus1221	全部w
20:03	パリッコ	これ可愛んだよね
20:03	西都なつ	草
20:03	黄月英	おお
20:03	204βわかる	めっちゃ買ってて草
20:03	keg-on{けごん}	おおおｗ
20:03	トリウナギ	全部！？
20:04	ふぉのん	めちゃ増えてる
20:04	おは	つよい
20:04	タカギそら	昨日より上達してるー
20:05	カワラ	めっちゃ買ってるやんｗ
20:05	くろしば	すごｗ
20:06	おかしろ	おぉ
20:06	たい焼き袋詰	おお
20:06	十三姫	モジュールいいね！
20:06	唐揚げ塩麹	Vita収録楽曲
20:06	ns zn	みせて
20:07	エウリュ	買いすぎｗｗｗｗ
20:07	夜月	はまってるねぇｗ
20:08	聖徳明太子	草
20:09	あのんまのん	めっちゃ買っとるやんけ！
20:09	彗星夜	おー！
20:09	いろ	めっちゃ買ってるｗ
20:09	ゆんゆん	散財しすぎぃｗ
20:09	浪漫砲	キャットフードのモジュールはクッソ可愛い
20:10	ぎんいろ	今猫あったよ
20:10	はぐるま	やりこんでんねえ！
20:10	帰宅RTA	多いな
20:10	ことこと	もしかしてめっちゃやってる？
20:10	グレブナーb	草
20:10	ほんむぉぉぉ	めっちゃはまってて草
20:10	Nights -O	いやなんか草
20:10	レッドウッドへいぽう	課金だあああああ
20:11	ぐれーと	にゃんこってのがあるよ
20:13	ぐぅたら	通り過ぎたぞ
20:14	ムラ	めっちゃ買いましたね
20:14	mother ship	やりこんでるなー
20:14	ああああ	水着がやたら高い
20:14	うみにん	ハマってんねぇ！
20:14	みのる	やりこんでるねぇ
20:14	ケン太	ZRZL同時押しでオススメになったはずよ
20:15	ピコット	ミクさんはいっぱい猫キャラあるぜ
20:15	池谷ike	マイケルジャクソンかな？
20:15	Evac 1899	ほんとめっちゃあるな
20:15	白野威藍玉	LR
20:15	モナリザ・マシュマロマン	栞桜ちゃん誰推しなん？
20:16	待宵	メテオやってー
20:16	ミツキ	ZR+ZLでオススメ
20:16	tan ge	凄い！
20:16	せしのれ	ガッツリやっとるw
20:16	ヨタ	今はボカロ曲卒業式で歌うのか…
20:19	えすい	やり込んでて草
20:19	しみやん	わがまま工場長の衣装でやってほしい！
20:19	pandoゴネーシャ	マジシャンすき
20:19	サナ	めっちゃ増えてるｗ
20:19	なんか青い	衣装多いな！
20:20	ムームー	専用衣装があるはず
20:21	此処葉	あるはずだけど
20:21	れめれめ	やってんなぁ！
20:21	パリッコ	通り過ぎたよ
20:21	a ha	めちゃ買ってる
20:22	ももりん	おすすめに飛ぶ機能あるよ
20:22	THORN	ZR+ZLでおすすめ出るぞな。
20:22	帰宅RTA	いや多いな！！
20:25	204βわかる	雪ミクめっちゃすこ
20:25	いざよいさくや	やってんねぇ！
20:26	あのんまのん	雪ミクはかわいい
20:27	西都なつ	いいよね
20:27	桑原みー	モジュールこんなに増えたのか・・・・
20:27	Akiteru Fjimoto	めっちゃ買ってて草
20:27	ぐれーと	あるよー
20:27	木一	キャットフード歌ってほしいな
20:28	Nights -O	雪ミクかわいいねぇ！
20:28	。むあ	雪ミクは神
20:28	司-つかさ-	わかる
20:28	ns zn	草
20:29	あまなつみかん	あったような気がするけどなぁ
20:29	ロザエ	衣装の種類すごいな
20:30	ゴリラのきゃんの	衣装多すぎワロタ
20:31	〆作	雪ミク人気あるからなあ
20:32	エステル	ZLとZRでおすすめ
20:32	ぐぅたら	さっきあったよ
20:33	古鉄	そういや前回は千本桜やらなかったんだっけ
20:33	孤高の探索者	雪ミクさんもかわいいよね
20:33	高速フーリエ変換	ゴシックドレスいいねぇ
20:34	ゆえ	多すぎィ！！！
20:34	うみとり	めっちゃあるな
20:34	タコ助	めっちゃあるな
20:35	風神雷神	2010年前後の曲やってくれーーーわ
20:35	クルルテルー	千本桜たのんます
20:35	antidust	ZL+ZRでおすすめショートカット
20:36	si n	わかる
20:36	keg-on{けごん}	マジで衣装多いな…すっご
20:36	ハンコ	ZR+ZLでおすすめ選べるよ
20:36	やあけ	札幌行きますか？
20:37	KUROもこ	あったね
20:37	Rei	ねこあるよ～
20:38	カワラ	Tシャツもあるのか
20:38	雨宮恵	すごい色々あるなあ
20:38	らふ〇いぐ10	やってんねぇ！
20:38	ピンヒロ	今北産業
20:40	モナリザ・マシュマロマン	初期の雪ミクが思い出部会
20:40	ムームー	頭巾を被った衣装だよ
20:40	K.H2O	LR同時押し
20:40	初音ミクオ	どの衣装で行くの？
20:40	ぬい	ZR+ZLでおすすめだよ
20:41	ゆんゆん	ほぼかってるんじゃｗ
20:41	西都なつ	なかった？
20:41	妖精の灯り	おすすめあるよ～！！
20:42	首都ブラジリア	そんなに
20:42	オボン	衣装やべえ
20:43	唐揚げ大好き	ネコないのか
20:43	五十六	今あったよ
20:44	トンキン湾の人喰い虎	おすすめあるよ
20:44	ぐれーと	いきすぎたーｗ
20:45	ぶたどん	ポケモンより着せ替え多いやん
20:45	順平	めっちゃ多いなすげぇ
20:45	司令_つかされい	にゃんこあるじゃん
20:45	木曽オzHkk	LR同時押しで移動するよ
20:45	やまぶどう	すごい
20:45	F K	楽曲ごと衣装にあるのかな
20:45	テーク	にゃんこは今ありましたね
20:46	___うちゅ	猫あるで
20:46	Lucky Shot	今なかった？
20:46	ノカゼ	めっちゃあるなぁ
20:46	ケムリン	いろんな衣装あるなー
20:47	天鳳爆発しろ	猫あった
20:48	バニソ	ねこあった
20:48	ピコット	おすすめもあるべ
20:49	ゴリラのきゃんの	ねこいたよ
20:50	伊奈ぴょん	初音ミクの消失 どんなものか見てみたい
20:50	Rei	通り過ぎたぞ～
20:50	山本たろう	にゃんこはネコじゃないの❓
20:50	不座家ルナ	とってつけないにゃん
20:51	桜葉漬け	多いわ
20:51	彗星夜	めっちゃあるねぇ
20:51	トリフネ	衣装多いなー
20:52	唐揚げ塩麹	PVに合う衣装を自動で選べないっけ？
20:53	沢柳水面	今にゃんこってなかった？
20:53	ももりん	ほぼすべての曲におすすめある
20:54	KURONEKO NYA	L1とR1押せば、PV専用の衣装がチョイスされるよん！
20:55	AGAPE	新曲のCatch The Waveやっては？
20:55	月十字	にゃんこあったね
20:55	antidust	ZL+ZR押してみて
20:55	エビ天	いま猫っぽいのあった
20:55	黄月英	かわいい
20:56	vivi	最初の辺ににゃんこあるよ
20:56	西都なつ	LRだって
20:56	とき	かわいいね
20:57	デモア	cat's dance とか凄くいい曲だけどないのかなぁ
20:58	雨宮恵	みくずきん好き
20:58	此処葉	みくずきん好き
20:58	帰宅RTA	かわいい
20:59	カワラ	こんなに衣装あるのか
20:59	204βわかる	猫頭巾
20:59	寒冷地仕様の俺	あらやだかわいい
21:00	ぐぅたら	がんばれ〜
21:00	琵琶丸	あらかわ
21:00	。むあ	さっきヌコあった気が
21:01	ひっきー	＞・＜
21:01	麻雀ビギナーしょーしょん	猫頭巾w
21:01	カラスは可愛いのですよ?	リクエスト採用嬉しい🌸
21:02	天城久秀	かわいいい
21:02	不座家ルナ	明治
21:03	Badluck-shvine	混ざってて草
21:03	ずん	混ざったw
21:04	くろしば	かわいいｗ
21:04	Nights -O	かわいい〜
21:04	wisteri a	悲鳴楽しみｗ
21:05	のいん	にゃんこあったね
21:05	ピコット	みくずきんも人気高いモジュールなんだよなあ
21:05	しばわん	かわいい
21:05	カワラ	赤ずきんかわいいな
21:06	ゆんゆん	ねこずきん？ｗ
21:07	keg-on{けごん}	ネコじゃなくてオオカミ乗ってるなこれｗ
21:09	唐揚げ大好き	ネコ乗っとるやん
21:09	なんか青い	それっぽいのあったね一瞬
21:09	ハセマ・スネーク	あったね
21:09	とき	猫いたよー
21:09	初音ミクオ	猫頭巾ｗｗ
21:10	gaty fs	みく＋あかずきん
21:10	唐揚げ塩麹	それは猫耳スイッチの衣装かな
21:10	浪漫砲	ちなみにミクダヨーのヘルメットもある
21:11	よさく	こんな衣装あるのか！買おうかな
21:11	ネムレス	みくずきんかわいい
21:12	司-つかさ-	赤ずきんかわいい
21:12	がっち	6だと難しいか
21:12	ケムリン	にゃんこ
21:14	おっ	にゃんこだったね
21:14	夜月	ねこずきんｗ
21:14	拡散の尖兵	かわいい
21:16	池谷ike	にゃーん(笑)
21:17	kakusantakesan	にゃんこだったか
21:17	シロ組ありす桜花	ロミオとシンデレラやって欲しい
21:19	やまぶどう	ぬこー
21:21	みーや	栞桜ちゃん やるぞってスイッチ入るととことんやるなw
21:21	カンザキシン	わりと最初のほうにいた
21:22	THORN	にゃ～ん🐱
21:24	カワラ	ローリンガール聞くと泣きそうになるわかる
21:25	slyness	そうそう
21:32	西都なつ	はっや
21:33	帰宅RTA	おっ難そう
21:34	あのんまのん	はやいな
21:35	十三姫	がんばえー
21:35	いとのこ	はやいな
21:37	さーもばりっく	また懐かしい曲だな・・・・
21:38	桑原みー	こりゃいそがしいｗ
21:38	唐揚げ大好き	早くね？
21:38	keg-on{けごん}	早いな
21:38	Orpheus1221	むっず
21:38	白野威藍玉	専用のはピエレッタってモジュールよ
21:39	トリフネ	はっやい
21:39	あまなつみかん	これむずかしいなｗ
21:40	ひっきー	さすがのHARD
21:41	ことこと	完全に押し遅れてるｗ
21:42	si n	はやい
21:42	ころコロ	早いね!
21:43	氷水:ひすい	はやい
21:47	やあけ	はやっ
21:48	スーパーガク	ライフがやばい
21:49	がっち	連打力を鍛えよう
21:49	もるぽん	目押しに厳しい
21:49	ハセマ・スネーク	がんばれー！
21:49	ほんむぉぉぉ	これは悲鳴期待できそう
21:49	山本たろう	頑張れ✊
21:49	shoko haku	かわいい
21:51	モナリザ・マシュマロマン	この曲は慣れるまできっつい
21:51	雨宮恵	ちょっと早くなったね
21:51	彗星夜	はっやい
21:51	元気だしてこ	休む暇なしw
21:52	不座家ルナ	かわいい
21:52	カワラ	これムズイぞ
21:53	KURONEKO NYA	かわいいね衣装ｗ！
21:53	ぐぅたら	😇😇😇
21:53	ゆっかゆか	速さに追いついてない
21:53	唐揚げ塩麹	かわいい
21:54	うさぎじる	はや！
21:54	トンキン湾の人喰い虎	遅れてる遅れてる
21:54	taka32 S	早い
21:55	chi-	先ほどは対局ありがとうございました！お歌も聴きに来た～
21:55	THORN	前回の時は、EASYだったっけ？
21:55	うみとり	おおお
21:56	ぶたどん	HARD怖いよう
21:56	初音ミクオ	早いな
21:57	らふ〇いぐ10	😇😇😇
21:57	ピコット	1上がる＝２まわり上の難易度だからねえ
21:58	OB RA	伴奏にリズム合わされると途端に弱いね
21:58	mother ship	対応できてる
21:58	ゆえ	EXの簡単なやつくらい忙しいなこれ
21:59	トリフネ	かわいい
21:59	majika	衣装かわいい
21:59	カンザキシン	ガンバ
21:59	。むあ	早いねぇ
21:59	おは	早いな
22:00	あまなつみかん	はぁかわいい
22:01	彗星夜	かわいい
22:02	ふむふむ	😇
22:02	パイライトテディ	めっちゃかわいい
22:02	司-つかさ-	かわいい
22:03	Nights -O	😇
22:03	池谷ike	衣装いいね
22:03	ライトクルーザーNo.2	出来てる？
22:03	ザッハトルテ。	かわいい
22:03	ユーミン	がんばえ～！！
22:04	Aoyu	歌助かる
22:04	古鉄	リズムにちゃんと乗ろうとするようになってるね
22:04	デモア	無いのか残念
22:05	みーや	😇😇😇😇
22:05	ケケ	かわいい
22:05	暁宵	結構難しいな
22:05	バンキッシャーVIII	かわいい
22:05	くろしば	😇😇😇
22:05	らにふ	かわいいのう
22:05	やまぶどう	せわしないね
22:05	西都なつ	がんばってｗ
22:05	si n	😇
22:05	高速フーリエ変換	バンドと合ってて良い感じだ
22:06	こころふるえる	おうたいいな＾＾
22:06	彩りの民	早いね～
22:06	BlueMonday	😇😇😇
22:07	ネグロちなC	緑と赤は映えるね
22:07	やまP	👼👼👼👼👼
22:08	ありにゃ	お歌が幸せ
22:08	Mero D	これ楽しそう
22:09	とりあたま	😇😇😇
22:09	御傘哀歌	👼
22:10	サナ	ミクさんかわいい
22:11	穴場スポット	みくさんの服かわいい！
22:12	黒井へちま	この衣装かわいいね
22:13	ころコロ	難しそう
22:13	ぐぅたら	完全にタイミング遅れてるね
22:14	ハクトウ	きゃわわ
22:15	がっち	これは…きついな？
22:15	シヴァ村卯月	かわいい
22:17	元気だしてこ	かわええｗ
22:17	ほのぼのevening	かわいい
22:17	keg-on{けごん}	😇😇😇
22:17	高速フーリエ変換	早いな
22:18	レッドウッドへいぽう	ハイハイハイハイ！
22:18	yuuki100A	ボーダーギリギリ
22:18	J PR	歌声かわいすぎて死にそう
22:20	斎藤真方	😇
22:20	鷹綾	😇😇😇
22:20	いざよいさくや	😇
22:20	浪漫砲	あかんｗｗｗ
22:21	芝村	さすがに追いついてないか？ｗ
22:21	テーク	指が忙しそう
22:21	夜月	😇😇😇
22:21	taka32 S	😇
22:21	たい焼き袋詰	かわいい
22:22	朧火凛	連打力が問われる
22:22	ももりん	十字キーとの交互押しできないとこの辺からきついかも
22:22	とき	集中していいよ？
22:23	sa	かわいい
22:23	Hasesan	ボロボロで草
22:23	rapid eye rabbit	😇😇😇
22:24	銀河美少年	😭
22:25	Josh	😇
22:25	雫	完全実力不足、がんばれ
22:26	エビ天	がんばれー
22:26	帰宅RTA	かわいい
22:27	友利匡志	かわいい
22:27	うみにん	😇😇😇
22:27	SOS	かわいい
22:27	グレブナーb	かわいい
22:28	0315 tty	😇😇😇😇
22:28	レイザーRR	あらかわいい
22:30	麻雀ビギナーしょーしょん	これはきついなぁ
22:32	山田エミール	かわいい…かわいい…
22:32	ケムリン	いいなー
22:32	不座家ルナ	よわよわお歌助かる
22:32	hasuneみの	マジかわいい！
22:33	彩りの民	がんばって！
22:33	らふ〇いぐ10	赤ずきんコスいいな～
22:33	やあけ	ふらふらしてきたなw
22:33	a ha	まだ舞える
22:35	やまP	👼👼👼👼
22:35	しまご	かわいい
22:35	司令_つかされい	ライフ保つか
22:36	友利匡志	かわいい
22:36	スズメがサンバ	かわいいbotになる
22:36	妖精の灯り	かわいすぎてかわいい
22:37	此処葉	かわいい
22:38	サカナ	ふにゃってきた
22:39	ザッハトルテ。	かわいい
22:40	CLOWN	♪
22:41	雨宮恵	😇😇😇
22:41	みづき	かわいい
22:42	リュカ	ノーツはやい！
22:43	shoko haku	歌枠たすかる
22:44	ハセマ・スネーク	かわいい
22:45	月十字	😇かわいい😇
22:45	はりはり	😇😇😇😇
22:47	黄月英	😇😇😇
22:47	いざよいさくや	全体的に目押しが遅れてるのは慣れてないせいだな
22:48	琵琶丸	良い歌だー
22:48	麻雀ビギナーしょーしょん	ちたこた
22:49	十三姫	お歌かわいいー！
22:49	AGAPE	ムズくて草
22:50	slyness	曲詳しいねぇ
22:50	ノカゼ	かわいい
22:50	てぜ	がんばれ
22:50	おかしろ	かわいい
22:51	トリフネ	かわいすぎん？
22:51	なーく#Nark	かわいい
22:52	ぺんど	早い曲だと大変そう
22:52	ぐぅたら	かわいい
22:52	Takebon[たけぼん]	クリアラインは遠いな
22:52	ユーミン	むずいね
22:52	ruska	😇😇😇
22:53	うみにん	はいかわいい
22:53	ねりようかん	😇😇😇😇😇😇😇😇😇😇
22:53	銀河美少年	かわいい
22:54	ふむふむ	かわいい（かわいい）
22:55	antidust	ミクゲーム配信＝半分歌配信
22:55	ピンヒロ	ぬこ可愛い
22:56	kakusantakesan	ハミングかわいい
22:56	とき	草
22:57	gaty fs	にゃんこかわいい…
22:57	がっち	ホラー要素きたか？
22:57	カンザキシン	連打ｗ
22:57	しばわん	かわいい
22:58	ピコット	いやあかなり食い下がれてると思うよ
22:58	keg-on{けごん}	油断したなｗ
22:58	西都なつ	油断しないのｗ
22:59	山本たろう	油断できないな
23:00	hasuneみの	音量全開で流したい
23:00	si n	😇😇😇
23:00	slyness	よわい
23:00	やあけ	油断するw
23:01	唐揚げ大好き	油断するなｗ
23:02	MrGISGIS	気を抜いたなｗ
23:03	初音ミクオ	油断ｗｗ
23:03	マロニエ	悲鳴ノルマ達成
23:03	ことこと	全体的に気持ち早めに
23:04	木一	悲鳴助かる
23:04	ふめ	お？前回ぶりに見にきたら上手くなってる
23:05	カラスは可愛いのですよ?	さすがにこの曲はHARDはきついかな
23:05	元気だしてこ	油断メサルナｗ
23:05	shoko haku	かわいい
23:06	cvector	遅れるな
23:07	帰宅RTA	なげぇ！
23:07	K.H2O	間奏も気が抜けないｗ
23:07	不座家ルナ	むずい
23:08	ひこたろ	たんたんたん
23:08	トンキン湾の人喰い虎	休憩などさせてくれない
23:09	サカナ	油断したな？
23:09	THORN	速い曲は、歌いながらやると、ずれやすい気がしてる・・・でも、かわいいｗ
23:09	floro ve	個性的なブレスだね
23:10	紫ユウキ	😇😇😇
23:12	いざよいさくや	DIVA「休憩させねーよ？」
23:12	ありにゃ	でも初回配信とは大違い
23:13	彩りの民	せわしない曲だねw
23:13	明日カン八郎	😇
23:13	せしのれ	歌声で浄化される
23:13	moti ancoro	リズムの乱れは心の乱れだよ！
23:18	204βわかる	だいぶ
23:18	K.H2O	クリアライン乗ってない
23:22	鷹綾	😇😇😇
23:22	ほのぼのevening	うろ覚えパートすき
23:22	高速フーリエ変換	さばけてるよーがんばれー
23:22	ほんむぉぉぉ	ログボ助かる
23:23	拡散の尖兵	うにゃにゃ
23:23	ケムリン	にゃー
23:23	此処葉	かわいい
23:24	あのにます	😽
23:24	Mero D	にゃにゃにゃー
23:24	なーく#Nark	にゃにゃにゃ
23:25	斎藤真方	かわいい
23:25	とき	にゃーん
23:25	雨宮恵	にゃにゃにゃになってるｗ
23:26	ひっきー	歌詞見る余裕はないｗ
23:26	keg-on{けごん}	にゃにゃにゃにゃ助かる
23:26	桜花	草
23:26	なじー	かわいい
23:26	ガジュライ	油断大敵・・
23:26	浪漫砲	モジュールだけは旧作の物を含めて、全部ぶち込んであるらしい
23:27	明日カン八郎	にゃにゃにゃ
23:27	西都なつ	にゃーにゃーかわいい
23:27	Badluck-shvine	にゃにゃにゃかわいい
23:27	おっ	にゃにゃにゃ
23:28	たい焼き袋詰	かわいい
23:29	黄月英	かわいい
23:30	アリス	かわいい
23:30	〆作	にゃにゃにゃかわいいｗ
23:30	Nights -O	にゃーたすかる
23:30	古鉄	また叫んでるｗ
23:31	yuuki100A	大分遅れてきてる
23:31	ねこいゆずりは	にゃにゃにゃ
23:31	元気だしてこ	かわええｗ
23:31	エビ天	にゃにゃにゃ
23:31	KUROもこ	にゃにゃにゃ
23:32	ささかま。	にゃにゃにゃかわいい
23:32	伊奈ぴょん	HARDなんだかんだ難しい(曲によるレベル差も違うし)
23:32	ザッハトルテ。	かわいい
23:32	はえよい	にゃにゃにゃすき
23:33	彗星夜	かわいい
23:34	不座家ルナ	取ってつけたにゃんかわいい
23:34	トリフネ	にゃにゃにゃ〜
23:34	司令_つかされい	回復できた
23:35	シロ組ありす桜花	さすが上達早過いね
23:35	ほのぼのevening	猫耳新衣装まだ？
23:36	Orpheus1221	大丈夫ホラゲーになってない？
23:37	Letes	連打力が足りない
23:38	ムラ	にゃにゃにゃにゃにゃかわいい
23:38	あまなつみかん	ぬこー
23:40	。むあ	かわいい
23:40	神無月健二	かわいい
23:41	テーク	ネコだぁ
23:42	琵琶丸	必ず悲鳴が入ってくるｗ
23:42	ころコロ	可愛い♡
23:43	とき	おっそ
23:43	ふむふむ	猫語たすかる
23:43	十三姫	がんばえー
23:44	バンキッシャーVIII	にゃー
23:44	帰宅RTA	草
23:44	がっち	無理にホールドしないでいい
23:45	maguna	連打が追いつかない感じやね
23:47	ケバブ	かわいい
23:48	204βわかる	草
23:48	ケムリン	うわー難しそー
23:48	keg-on{けごん}	かわいい
23:48	Nights -O	がんばれーw
23:49	KA A	いやあｗ
23:50	彩りの民	最後までがんば！
23:50	虚空	かわいい
23:50	首都ブラジリア	いやぁ！
23:53	黄月英	かわいい
23:53	ゆっかゆか	草
23:53	おは	草
23:54	ら	かわいい
23:54	司-つかさ-	にゃー
23:54	あのんまのん	かわいい
23:54	ひっきー	鳴き声がｗ
23:54	元気だしてこ	ｗｗｗｗ
23:54	孤高の探索者	情けない悲鳴助かる
23:55	Nao02	このレベルは両手押し出来ないと無理かなぁ
23:55	taka32 S	かわいい
23:55	ピコット	５で60%台だから6は落ちてもおかしくないレベルだと思う
23:55	高速フーリエ変換	にゃにゃにゃ
23:55	ゆう	かわいい
23:55	西都なつ	にゃにゃにゃｗ
23:55	とき	にゃにゃにゃ！
23:56	ああああ	いっぱいの所は初めと終わりだけ意識すればいける
23:56	妖精の灯り	やばい
23:56	keg-on{けごん}	にゃにゃにゃにゃ！ｗｗ
23:56	ライトクルーザーNo.2	草
23:56	いざよいさくや	いやっ！
23:56	トンキン湾の人喰い虎	HOLDは二の次で
23:58	司令_つかされい	要練習ですな
23:58	唐揚げ大好き	ネコになってるｗ
23:59	池谷ike	にゃにゃにゃかわいいｗ
23:59	Takebon[たけぼん]	これはムズイなｗ
23:59	浪漫砲	さらに難しくなるが、大丈夫かｗｗｗｗ
23:59	あまなつみかん	ごりごりライフへってくｗ
24:00	十三姫	にゃにゃにゃっ！！
24:00	パイライトテディ	ねこみたいになってらぁ
24:00	みなと	草
24:00	204βわかる	猫ボイス助かる
24:00	黒みりん	同時押しが反応難しいんだよね
24:01	03cco【〇〇っこ】#NCB桜座戦2位	悲鳴かわいい助かる
24:01	メイダイン	にゃーにゃにゃ助かる
24:02	ケムリン	にゃにゃにゃー
24:02	グレブナーb	草
24:02	飲む牛乳	ゴリッとゲージ減るなぁ
24:02	いざよいさくや	しにそう
24:03	si n	かわいい
24:03	KA A	ああー
24:03	琵琶丸	にゃなにゃ！（カワイイ）
24:03	omi	無限に押し遅れてる
24:04	サカナ	あっ…
24:04	ぐぅたら	あー
24:04	ロザエ	あっ
24:04	麻雀ビギナーしょーしょん	草
24:04	がっち	ああああああ
24:04	帰宅RTA	あー！
24:04	ユーミン	あ～おしい
24:05	くらつ	にゃぁー！
24:05	黄月英	にゃー
24:05	ら	あ～
24:05	KURONEKO NYA	ぐは！！！
24:06	レイザーRR	にゃにゃにゃー
24:06	ケムリン	あっ
24:06	yuuki100A	落ちたー
24:06	ネギ豆腐	あっ…
24:06	Evac 1899	打ち切り～
24:06	OB RA	あっ
24:07	桑原みー	あーｗ
24:07	むいかめ	にゃーにゃにゃかわいい
24:07	204βわかる	落として草
24:07	cvector	草
24:07	西都なつ	マルチタスクの敗北
24:07	うみとり	あああｗ
24:07	ケバブ	草
24:07	オボン	あああああああ
24:07	アリス	かわいいがすぎる
24:07	ゆひさめ	あ
24:08	ぎんいろ	あっ
24:08	なーく#Nark	あーｗ
24:08	ずん	草
24:08	ハセマ・スネーク	あー！
24:08	十三姫	あー
24:08	文梨優芦	あぁ...
24:08	Nights -O	あっ
24:08	maguna	あぁ。。。
24:08	ねこいゆずりは	草
24:08	ɥʇɹıᙠ	草
24:08	筆記丸	ニャー
24:09	ケケ	(•ω•ฅ)
24:09	黄月英	あっ
24:09	ふれでぃー	あらら
24:09	雨宮恵	あっｗ
24:09	ノカゼ	草
24:10	ことこと	にゃあ可愛いｗ
24:10	MrGISGIS	(ﾉ∀`)ｱﾁｬｰ
24:10	彗星夜	あっ
24:10	山本たろう	ドンマイ❗
24:10	やまP	あああ
24:11	穴場スポット	にやー！
24:11	pandoゴネーシャ	あらら
24:11	高速フーリエ変換	無慈悲
24:11	たい焼き袋詰	にゃー！
24:11	ケムリン	なんてこった
24:11	ね ゙え ゙え ゙	あららら
24:11	さっつん	あにゃー
24:12	godog	草
24:12	初音ミクオ	あああああｗｗｗ
24:12	みなと	あ
24:12	てんぷら	にゃー！
24:13	おっ	にゃー
24:13	hasuneみの	😸
24:13	ぶたどん	失敗してて草
24:13	らいむ	ドンマイ...
24:13	やまぶどう	あ
24:13	雨の宿り木	あらら
24:15	ヨウ	ありゃー
24:15	BlueMonday	にゃああああああああああああああ
24:16	白茶	あああ
24:16	wildcat5314	草
24:16	紫ユウキ	あっちゃー
24:16	れをん	あーあ
24:16	F K	にゃああああ！
24:17	明日カン八郎	あちゃー
24:17	ネムレス	にゃーあざとい
24:17	帰宅RTA	この曲がムズい
24:17	みのる	残念
24:18	北傘	駄目でしたね…
24:19	ププリンΩ	にゃあああああ
24:19	フミFumi	これは難しい
24:19	盧盈誠ろ えい せい	猫語助かる
24:19	暁宵	ハードやっぱ結構きついな
24:20	ぶどー	ローリンガール収録曲にあるよ？
24:20	スーパーガク	いいとこまでいったのになー
24:21	らふ〇いぐ10	ざんねん
24:21	wisteri a	思ったより出来てて成長を感じる
24:21	ramna	寝落ちしていたわ
24:21	ありにゃ	練習あるのみじゃな
24:21	麻雀ビギナーしょーしょん	激唱やろう(提案)
24:21	白野威藍玉	惜しかったよ！
24:22	モナリザ・マシュマロマン	ニャーンかわいい
24:22	拡散の尖兵	敗北
24:22	Levith	ノーマルで練習して慣れよう
